,level_0,index,CASEID,POINT_X,POINT_Y,YEAR_,LOCATION,CHPTYPE,DAYWEEK,CRASHSEV,VIOLCAT,KILLED,INJURED,WEATHER1,PEDCOL,BICCOL,MCCOL,TRUCKCOL,ETOH,TIMECAT,MONTH_,CRASHTYP,INVOLVE,PED,PRIMARYRD,SECONDRD,DISTANCE,DIRECT,INTERSECT_,PROCDATE,JURIS,DATE_,TIME_,BADGE,JURIDIST,SHIFT,POP,SPECIAL,BEATTYPE,LAPDDIV,BEATCLAS,BEATNUMB,WEATHER2,STATEHW,CALTRANC,CALTRAND,STROUTE,ROUTESUF,POSTPRE,POSTMILE,LOCATYPE,RAMP,SIDEHW,TOWAWAY,PARTIES,PCF,VIOLCODE,VIOL,VIOLSUB,HITRUN,ROADSURF,RDCOND1,RDCOND2,LIGHTING,RIGHTWAY,CHPRDTYP,NOTPRIV,STFAULT,CHPFAULT,SEVINJ,OTHERINJ,COP,PEDKILL,PEDINJ,BICKILL,BICINJ,MCKILL,MCINJURE,RAMP1,RAMP2,CITY,COUNTY,STATE,X_CHP,Y_CHP,AvgVAGE,VAGE_Minor,VAGE_Working,VAGE_Senior,MobilLimAge,F_M_VSEX,F_F_VSEX,F_A_PRACE,F_H_PRACE,F_W_PRACE,F_O_PRACE,F_B_PRACE,F_E_MOVEMENT,F_B_MOVEMENT,F_A_MOVEMENT,F_D_MOVEMENT,F_P_MOVEMENT,F_O_MOVEMENT,F_H_MOVEMENT,F_L_MOVEMENT,F_F_MOVEMENT,F_R_MOVEMENT,F_J_MOVEMENT,F_Q_MOVEMENT,F_G_MOVEMENT,F_C_MOVEMENT,F_M_MOVEMENT,F_N_MOVEMENT,F_K_MOVEMENT,F_I_MOVEMENT,F_A_VEHTYPE,F_I_VEHTYPE,F_L_VEHTYPE,F_D_VEHTYPE,F_C_VEHTYPE,F_N_VEHTYPE,F_F_VEHTYPE,F_J_VEHTYPE,F_G_VEHTYPE,F_B_VEHTYPE,F_M_VEHTYPE,F_E_VEHTYPE,F_H_VEHTYPE,PrimeModeClass
342,342,342,2862928,-122.05494770600001,37.332471356,2006,4316,1,3,4,03,0,1,A,,,,,,1800,10,C,C,A,RT 280,RT 85,500,S,N,2007-02-09,9340,2006-10-18,1755,01798,,2,6,0,1,,2,282,-,Y,SCL,4,280,-,-,10.65,H,-,S,Y,2,A,-,22350,,N,A,H,-,A,D,1,Y,D,22,0,0,1,0,0,0,0,0,0,-,-,SUNNYVALE,SANTA CLARA,CA,0.0,0.0,26.0,,1.0,,,1.0,,,1.0,,1.0,,,,1.0,,,,1.0,,,,,,,,,,,,1.0,,,1.0,,,,,,,,,,Motor Vehicle
343,343,343,2864668,-122.01397312299999,37.353162559,2006,4316,0,1,4,03,0,2,A,,,,,,900,10,C,C,A,RT 82,WOLFE RD,0,,Y,2007-02-07,4316,2006-10-30,731,87002,43,5,6,0,0,,0,004,-,Y,SCL,4,82,-,-,15.31,H,-,N,N,3,A,-,22350,,N,A,H,-,A,A,0,Y,A,01,0,0,2,0,0,0,0,0,0,-,-,SUNNYVALE,SANTA CLARA,CA,0.0,0.0,39.0,,2.0,,,,2.0,,2.0,1.0,,,,,2.0,,,,1.0,,,,,,,,,,,,3.0,,,,,,,,,,,,,Motor Vehicle
344,344,344,2864676,-122.040902858,37.37019306,2006,4316,0,6,4,10,0,1,A,Y,,,,,1500,10,G,B,B,PASTORIA AV,RT 82,0,,Y,2007-02-07,4316,2006-10-28,1412,12972,31,5,6,0,0,,0,003,-,Y,SCL,4,82,-,-,17.27,H,-,N,N,2,A,-,21950,A,N,A,H,-,A,A,0,Y,A,01,0,0,1,0,1,0,0,0,0,-,-,SUNNYVALE,SANTA CLARA,CA,0.0,0.0,57.0,,1.0,,,1.0,,1.0,,,1.0,,,1.0,,1.0,,,,,,,,,,,,,,,1.0,,,,,1.0,,,,,,,,Pedestrian
345,345,345,2866265,-121.996153979,37.3597183228,2006,4316,4,3,3,11,0,1,A,Y,,,,,2400,9,G,B,B,LAWRENCE EXPWY,POINCIANA DR,10,S,N,2007-01-16,9340,2006-09-27,2215,17801,,3,6,0,2,,2,610,-,N,,0,0,,,0.0,,,,Y,2,A,-,21950,B,N,A,H,-,C,A,0,Y,A,01,0,1,0,0,1,0,0,0,0,-,-,SUNNYVALE,SANTA CLARA,CA,0.0,0.0,18.0,,1.0,,,1.0,,,,1.0,1.0,,,1.0,,,,,,,,,,,,,,,,,1.0,,,,,1.0,,,,,,,,Pedestrian
346,346,346,2866313,-122.008945771,37.394924268000004,2006,4316,2,4,4,07,0,1,A,,,,,,1500,10,E,I,A,RT 101,FAIR OAKS AV,700,S,N,2007-02-08,9340,2006-10-19,1455,17225,,2,6,0,1,,2,120,-,Y,SCL,4,101,-,-,44.7,H,-,N,Y,2,A,-,21658,A,N,A,H,-,A,D,1,Y,A,01,0,0,1,0,0,0,0,0,0,-,-,SUNNYVALE,SANTA CLARA,CA,0.0,0.0,22.0,,1.0,,,,1.0,1.0,1.0,,,,,,1.0,,,,,,,,1.0,,,,,,,,2.0,,,,,,,,,,,,,Motor Vehicle
347,347,347,2866706,-122.04870305799999,37.334044975,2006,4316,1,3,4,03,0,1,B,,,,,,2100,10,E,I,A,RT 280,RT 85,100,S,N,2007-02-05,9340,2006-10-04,2000,17779,,2,6,0,1,,2,282,C,Y,SCL,4,280,-,-,10.415,R,2,N,Y,2,A,-,22350,,N,B,H,-,C,D,1,Y,A,01,0,0,1,0,0,0,0,0,0,T,-,SUNNYVALE,SANTA CLARA,CA,0.0,0.0,18.0,,1.0,,,1.0,,1.0,,1.0,,,,2.0,,,,,,,,,,,,,,,,,2.0,,,,,,,,,,,,,Motor Vehicle
348,348,348,2872972,-122.03124306299999,37.399604983,2006,4316,2,5,4,03,0,1,A,,,,,,2100,10,E,I,A,RT 101,MATHILDA AV,120,N,N,2007-02-13,9340,2006-10-20,2040,17225,,2,6,0,1,,2,120,-,Y,SCL,4,101,-,-,45.821000000000005,R,2,S,Y,1,A,-,22350,,N,A,H,-,D,D,1,Y,A,01,0,0,1,0,0,0,0,0,0,T,-,SUNNYVALE,SANTA CLARA,CA,0.0,0.0,30.0,,1.0,,,1.0,,1.0,,,,,,1.0,,,,,,,,,,,,,,,,,1.0,,,,,,,,,,,,,Motor Vehicle
349,349,349,2873020,-122.02235808200001,37.4039896223,2006,4316,3,5,3,03,0,1,B,,,,,,900,10,D,C,A,RT 237,MATHILDA AV,1000,E,N,2007-02-16,9340,2006-10-06,835,14436,,1,6,0,1,,2,220,-,Y,SCL,4,237,-,-,3.18,H,-,W,Y,2,A,-,22350,,N,A,H,-,A,D,1,Y,A,01,0,1,0,0,0,0,0,0,0,-,-,SUNNYVALE,SANTA CLARA,CA,0.0,0.0,25.0,,1.0,,,,1.0,2.0,,,,,,,1.0,,,,1.0,,,,,,,,,,,,2.0,,,,,,,,,,,,,Motor Vehicle
350,350,350,2873700,-122.033463128,37.3906402588,2006,4316,0,5,3,21,0,1,B,,,,,,1500,11,D,C,A,MAUDE,PASTORIA,180,E,N,2007-03-06,4316,2006-11-03,1211,12969,13,5,6,0,0,,0,001,-,N,,0,0,,,0.0,,,,Y,2,A,-,22106,,N,B,H,-,A,D,0,Y,-,-,0,1,0,0,0,0,0,0,0,-,-,SUNNYVALE,SANTA CLARA,CA,0.0,0.0,25.0,,1.0,,,,1.0,,1.0,,,,1.0,1.0,,,,,,,,,,,,,,,,,2.0,,,,,,,,,,,,,Motor Vehicle
351,351,351,2873708,-122.011873059,37.398685455300004,2006,4316,0,5,3,12,0,2,A,,,,,,1500,11,D,C,A,FAIR OAKS,WEDDELL DR,0,,Y,2007-03-06,4316,2006-11-03,1444,14395,12,5,6,0,0,,0,001,-,N,,0,0,,,0.0,,,,Y,2,A,-,21453,A,N,A,H,-,A,A,0,Y,D,22,0,1,1,0,0,0,0,0,0,-,-,SUNNYVALE,SANTA CLARA,CA,0.0,0.0,516.5,,1.0,1.0,1.0,2.0,,,,2.0,,,1.0,1.0,,,,,,,,,,,,,,,,,1.0,,,1.0,,,,,,,,,,Motor Vehicle
352,352,352,2873720,-122.032411439,37.3520431519,2006,4316,0,6,4,21,0,1,A,,,,,,1200,11,C,C,A,FREMONT AV,SUNNYVALE SARATOGA RD,15,E,N,2007-03-06,4316,2006-11-04,1025,15130,52,5,6,0,0,,0,005,-,N,,0,0,,,0.0,,,,N,2,A,-,22106,,N,A,H,-,A,A,0,Y,A,08,0,0,1,0,0,0,0,0,0,-,-,SUNNYVALE,SANTA CLARA,CA,0.0,0.0,48.0,,1.0,,,1.0,,2.0,,,,,,1.0,1.0,,,,,,,,,,,,,,,,2.0,,,,,,,,,,,,,Motor Vehicle
353,353,353,2873728,-122.04358132700001,37.3865509033,2006,4316,0,7,4,03,0,2,A,,,,,,1200,11,C,C,A,MARY,CENTRAL EXPWY,50,S,N,2007-03-06,4316,2006-11-05,925,26616,13,5,6,0,0,,0,001,-,N,,0,0,,,0.0,,,,Y,3,A,-,22350,,N,A,H,-,A,A,0,Y,D,22,0,0,2,0,0,0,0,0,0,-,-,SUNNYVALE,SANTA CLARA,CA,0.0,0.0,514.0,,1.0,1.0,1.0,1.0,1.0,1.0,1.0,1.0,,,3.0,,,,,,,,,,,,,,,,,,2.0,,,1.0,,,,,,,,,,Motor Vehicle
354,354,354,2873732,-122.014340405,37.3786048889,2006,4316,0,4,4,03,0,1,C,,,,,,2100,11,C,C,A,CENTRAL EXPWY,N WOLFE,400,W,N,2007-03-06,4316,2006-11-02,1811,13250,15,5,6,0,0,,0,001,-,N,,0,0,,,0.0,,,,Y,3,A,-,22350,,N,B,H,-,C,D,0,Y,D,22,0,0,1,0,0,0,0,0,0,-,-,SUNNYVALE,SANTA CLARA,CA,0.0,0.0,66.0,,,1.0,1.0,1.0,,1.0,1.0,1.0,,,,1.0,2.0,,,,,,,,,,,,,,,,2.0,,,1.0,,,,,,,,,,Motor Vehicle
355,355,355,2873752,-122.05961306200001,37.3569145203,2006,4316,0,4,4,08,0,1,A,,,,,,1500,11,D,C,A,BERNARDO AV,ROBIN WY,200,S,N,2007-03-06,4316,2006-11-02,1432,15132,51,5,6,0,0,,0,005,-,N,,0,0,,,0.0,,,,N,2,A,-,22107,,N,A,H,-,A,D,0,Y,A,01,0,0,1,0,0,0,0,0,0,-,-,SUNNYVALE,SANTA CLARA,CA,0.0,0.0,29.0,1.0,1.0,,1.0,,2.0,,1.0,1.0,,,1.0,1.0,,,,,,,,,,,,,,,,,2.0,,,,,,,,,,,,,Motor Vehicle
356,356,356,2873756,-122.01497943700001,37.3788108826,2006,4316,0,1,4,03,0,1,A,,,,,,2100,11,C,C,A,CENTRAL EXPWY,WOLFE RD,600,W,N,2007-03-06,4316,2006-11-06,1800,14398,27,5,6,0,0,,0,002,-,N,,0,0,,,0.0,,,,Y,3,A,-,22350,,N,A,H,-,C,D,0,Y,A,01,0,0,1,0,0,0,0,0,0,-,-,SUNNYVALE,SANTA CLARA,CA,0.0,0.0,15.2,4.0,,1.0,5.0,2.0,3.0,1.0,,1.0,1.0,,,1.0,2.0,,,,,,,,,,,,,,,,3.0,,,,,,,,,,,,,Motor Vehicle
357,357,357,2879238,-122.02235808200001,37.4039896223,2006,4316,3,7,3,08,0,1,A,,,,,,600,10,E,I,A,RT 237,MATHILDA AV,897,E,N,2007-02-08,9340,2006-10-22,335,01790,,3,6,0,1,,2,220,-,Y,SCL,4,237,-,-,3.18,H,-,W,Y,1,A,-,22107,,N,A,H,-,D,D,1,Y,A,01,0,1,0,0,0,0,0,0,0,-,-,SUNNYVALE,SANTA CLARA,CA,0.0,0.0,19.0,,1.0,,,,1.0,,,,1.0,,,,,,,,,,,1.0,,,,,,,,,1.0,,,,,,,,,,,,,Motor Vehicle
358,358,358,2879755,-122.007485228,37.394567505,2006,4316,2,5,3,01,0,1,B,,,,,Y,300,11,E,I,A,RT 101,FAIR OAKS BL,1300,S,N,2007-03-28,9340,2006-11-03,215,17801,,3,6,0,1,,2,120,-,Y,SCL,4,101,-,-,44.58,H,-,N,Y,1,A,-,23152,A,N,B,H,-,D,D,1,Y,A,01,0,1,0,0,0,0,0,0,0,-,-,SUNNYVALE,SANTA CLARA,CA,0.0,0.0,25.0,,1.0,,,,1.0,,1.0,,,,,,,,,,,,,1.0,,,,,,,,,1.0,,,,,,,,,,,,,Motor Vehicle
359,359,359,2881439,-122.048037979,37.333928559,2006,4316,1,2,4,08,0,2,A,,,,,,1500,10,E,I,A,RT 280,RT 85,100,N,N,2007-03-16,9340,2006-10-31,1230,01817,,1,6,0,1,,2,282,-,Y,SCL,4,280,-,-,10.4,H,-,S,Y,1,A,-,22107,,N,A,H,-,A,D,1,Y,A,01,0,0,2,0,0,0,0,0,0,-,-,SUNNYVALE,SANTA CLARA,CA,0.0,0.0,46.0,,2.0,,,2.0,,1.0,,,,,,,,,,,,,,,1.0,,,,,,,,1.0,,,,,,,,,,,,,Motor Vehicle
360,360,360,2883979,-121.996263054,37.3739242554,2006,4316,4,6,3,08,0,1,A,,,,,,1200,10,E,I,A,LAWRENCE EXPWY,KIFER RD,0,,Y,2007-02-28,9340,2006-10-21,945,17855,,1,6,0,2,,2,620,-,N,,0,0,,,0.0,,,,Y,1,A,-,22107,,N,A,H,-,A,A,0,Y,A,01,0,1,0,0,0,0,0,0,0,-,-,SUNNYVALE,SANTA CLARA,CA,0.0,0.0,29.0,,1.0,,,,1.0,,1.0,,,,1.0,,,,,,,,,,,,,,,,,,1.0,,,,,,,,,,,,,Motor Vehicle
361,361,361,2885956,-122.026945559,37.363513735,2006,4316,0,5,4,03,0,1,A,,,,,,1500,10,C,C,A,RT 82,FAIR OAKS,1000,W,N,2007-03-27,4316,2006-10-27,1225,15132,42,5,6,0,0,,0,004,-,Y,SCL,4,82,-,-,16.35,H,-,N,N,2,A,-,22350,,N,A,H,-,A,D,0,Y,B,01,0,0,1,0,0,0,0,0,0,-,-,SUNNYVALE,SANTA CLARA,CA,0.0,0.0,62.5,,1.0,1.0,1.0,1.0,1.0,1.0,,,,,,2.0,,,,,,,,,,,,,,,,,,,,,,,,,,2.0,,,,Motor Vehicle
362,362,362,2885964,-122.02653306200001,37.4018630981,2006,4316,0,6,4,09,0,1,B,,,,,,1500,11,D,C,A,ROSS AV,PERSIAN DR,0,,Y,2007-03-09,4316,2006-11-11,1330,89633,12,5,6,0,0,,0,001,-,N,,0,0,,,0.0,,,,Y,2,A,-,21802,A,N,A,B,H,A,A,0,Y,A,,0,0,1,0,0,0,0,0,0,-,-,SUNNYVALE,SANTA CLARA,CA,0.0,0.0,42.0,,1.0,,,,1.0,1.0,,,1.0,,,,1.0,1.0,,,,,,,,,,,,,,,2.0,,,,,,,,,,,,,Motor Vehicle
363,363,363,2885968,-122.016326867,37.3520965576,2006,4316,0,5,3,09,0,1,B,,Y,,,,900,11,H,G,A,FREMONT ST,KINGFISHER DR,150,E,N,2007-03-09,4316,2006-11-03,715,13250,62,5,6,0,0,,0,006,-,N,,0,0,,,0.0,,,,N,2,A,-,21804,A,N,A,H,-,A,D,0,Y,A,,0,1,0,0,0,0,1,0,0,-,-,SUNNYVALE,SANTA CLARA,CA,0.0,0.0,14.0,1.0,,,1.0,1.0,,,,,,,,1.0,,1.0,,,,,,,,,,,,,,,1.0,,1.0,,,,,,,,,,,Bicycle
364,364,364,2885976,-122.032428645,37.3520431519,2006,4316,0,1,4,11,0,1,C,Y,,,,,600,11,G,B,B,FREMONT AV,SUNNYVALE SARATOGA RD,10,E,N,2007-03-09,4316,2006-11-13,435,14455,,5,6,0,0,,0,002,-,N,,0,0,,,0.0,,,,N,2,A,-,21954,A,N,B,H,-,C,A,0,Y,N,,0,0,1,0,1,0,0,0,0,-,-,SUNNYVALE,SANTA CLARA,CA,0.0,0.0,48.0,,1.0,,,1.0,,,,2.0,,,,1.0,,,,,,1.0,,,,,,,,,,,1.0,,,,,1.0,,,,,,,,Pedestrian
365,365,365,2887777,-122.032423056,37.3399734497,2006,4316,0,2,3,08,0,1,A,,Y,,,,900,11,H,G,A,SUNNYVALE SARATOGA RD,LA CONNER DR,0,,Y,2007-03-27,4316,2006-11-07,840,12972,56,5,6,0,0,,0,005,-,N,,0,0,,,0.0,,,,N,2,A,-,22100,A,N,A,H,-,A,A,0,Y,A,,0,1,0,0,0,0,1,0,0,-,-,SUNNYVALE,SANTA CLARA,CA,0.0,0.0,52.0,,1.0,,,1.0,,,2.0,,,,,1.0,,1.0,,,,,,,,,,,,,,,1.0,,1.0,,,,,,,,,,,Bicycle
366,366,366,2899493,-122.03662956299999,37.400779821,2006,4316,2,2,4,03,0,1,A,,,,,,1200,11,C,C,A,RT 101,RT 237,50,N,N,2007-04-03,9340,2006-11-07,900,01622,,1,6,0,1,,2,120,-,Y,SCL,4,101,-,-,46.14,H,-,S,Y,3,A,-,22350,,N,A,H,-,A,D,1,Y,A,01,0,0,1,0,0,0,0,0,0,-,-,SUNNYVALE,SANTA CLARA,CA,0.0,0.0,46.0,,1.0,,,1.0,,,,1.0,2.0,,,1.0,2.0,,,,,,,,,,,,,,,,3.0,,,,,,,,,,,,,Motor Vehicle
367,367,367,2901057,-122.011773338,37.3704223633,2006,4316,0,7,1,01,1,3,A,,,Y,,,2100,11,D,C,A,EVELYN AV,PIN OAK DR,327,W,N,2007-06-20,4316,2006-11-05,1829,11145,41,5,6,0,0,,0,004,-,N,,0,0,,,0.0,,,,Y,2,A,-,23152,A,N,A,H,-,C,D,0,Y,C,02,1,2,0,0,0,0,0,1,1,-,-,SUNNYVALE,SANTA CLARA,CA,0.0,0.0,27.25,,4.0,,,2.0,2.0,,,,,,,1.0,,,,,,,1.0,,,,,,,,,,1.0,,,,1.0,,,,,,,,,Motor Vehicle
368,368,368,2901284,-122.027296492,37.381187439,2006,4316,0,5,4,03,0,1,B,,,,,,900,11,C,C,A,SUNNYVALE AV,CALIFORNIA AV,8,N,N,2007-03-09,4316,2006-11-17,827,12972,,5,6,0,0,,0,,-,N,,0,0,,,0.0,,,,N,2,A,-,22350,,N,A,H,-,A,A,0,Y,A,01,0,0,1,0,0,0,0,0,0,-,-,SUNNYVALE,SANTA CLARA,CA,0.0,0.0,47.0,,1.0,,,,1.0,1.0,1.0,,,,,1.0,1.0,,,,,,,,,,,,,,,,2.0,,,,,,,,,,,,,Motor Vehicle
369,369,369,2901316,-122.000953056,37.3804855347,2006,4316,0,1,4,10,0,1,C,Y,,,,,2100,11,G,B,B,ARQUES AV,SANTA TRINITA AV,0,,Y,2007-03-09,4316,2006-11-13,1847,15143,27,5,6,0,0,,0,002,-,N,,0,0,,,0.0,,,,N,2,A,-,21950,A,N,B,H,-,C,A,0,Y,A,01,0,0,1,0,1,0,0,0,0,-,-,SUNNYVALE,SANTA CLARA,CA,0.0,0.0,51.0,,1.0,,,1.0,,,,2.0,,,1.0,,,,,,,,,,,,,,,,,,1.0,,,,,1.0,,,,,,,,Pedestrian
370,370,370,2901320,-122.02163305799999,37.371734619099996,2006,4316,0,1,4,09,0,1,C,,Y,,,,2100,11,G,G,A,FAIR OAKS AV,MC KINLEY DR,0,,Y,2007-03-09,4316,2006-11-13,1950,15132,34,5,6,0,0,,0,003,-,N,,0,0,,,0.0,,,,N,2,A,-,21801,A,N,B,H,-,C,D,0,Y,-,-,0,0,1,0,0,0,1,0,0,-,-,SUNNYVALE,SANTA CLARA,CA,0.0,0.0,26.0,,1.0,,,1.0,,,,1.0,1.0,,1.0,1.0,,,,,,,,,,,,,,,,,,,1.0,,,,,,,,,,,Bicycle
371,371,371,2901324,-122.02118633200001,37.3735466003,2006,4316,0,1,3,12,0,1,C,,,,,,2400,11,D,C,A,FAIR OAKS,EVELYN,15,S,N,2007-03-09,4316,2006-11-13,2322,14977,34,5,6,0,0,,0,003,-,N,,0,0,,,0.0,,,,Y,2,A,-,21453,A,N,B,H,-,C,A,0,Y,A,01,0,1,0,0,0,0,0,0,0,-,-,SUNNYVALE,SANTA CLARA,CA,0.0,0.0,37.5,,2.0,,,,2.0,,1.0,,,,,2.0,,,,,,,,,,,,,,,,,2.0,,,,,,,,,,,,,Motor Vehicle
372,372,372,2901328,-122.04348287200001,37.3866729736,2006,4316,0,4,4,18,0,1,A,,,,,,1200,11,C,C,A,CENTRAL EXPWY,MARY AV,18,E,N,2007-03-09,4316,2006-11-09,1050,14399,13,5,6,0,0,,0,001,-,N,,0,0,,,0.0,,,,Y,2,C,-,0,,N,A,H,-,A,A,0,Y,-,-,0,0,1,0,0,0,0,0,0,-,-,SUNNYVALE,SANTA CLARA,CA,0.0,0.0,21.0,,1.0,,,,1.0,,,2.0,,,,1.0,1.0,,,,,,,,,,,,,,,,1.0,,,,,,,,,,,,,Motor Vehicle
373,373,373,2901343,-122.01589305899999,37.386123657199995,2006,4316,0,5,3,01,0,3,A,,,,,Y,2100,11,A,C,A,FAIR OAKS,WOLFE RD,0,,Y,2007-03-09,4316,2006-11-10,1811,13542,14,5,6,0,0,,0,001,-,N,,0,0,,,0.0,,,,Y,2,A,-,23152,A,N,A,H,-,C,A,0,Y,A,01,0,3,0,0,0,0,0,0,0,-,-,SUNNYVALE,SANTA CLARA,CA,0.0,0.0,39.333333333333336,,3.0,,,3.0,,,1.0,1.0,,,1.0,1.0,,,,,,,,,,,,,,,,,2.0,,,,,,,,,,,,,Motor Vehicle
374,374,374,2901351,-122.032463057,37.3520431519,2006,4316,0,3,4,12,0,1,A,,,,,,2400,11,H,C,A,SUNNYVALE SARATOGA,E FREMONT,0,,Y,2007-03-09,4316,2006-11-15,2304,15018,62,5,6,0,0,,0,006,-,N,,0,0,,,0.0,,,,Y,2,A,-,21453,A,N,A,H,-,C,A,0,Y,D,22,0,0,1,0,0,0,0,0,0,-,-,SUNNYVALE,SANTA CLARA,CA,0.0,0.0,66.0,,,1.0,1.0,,1.0,,,1.0,,,1.0,1.0,,,,,,,,,,,,,,,,,1.0,,,1.0,,,,,,,,,,Motor Vehicle
375,375,375,2904152,-122.060002202,37.3398271083,2006,4316,3,6,2,01,0,1,B,,,,,Y,600,11,C,C,A,RT 85,HOMESTEAD RD,500,N,N,2007-08-09,9340,2006-11-11,350,01816,,3,6,0,1,,2,085,C,Y,SCL,4,85,-,R,18.95,H,-,S,Y,2,A,-,23152,A,N,B,H,-,D,D,6,Y,A,01,1,0,0,0,0,0,0,0,0,-,-,SUNNYVALE,SANTA CLARA,CA,0.0,0.0,51.0,,1.0,,,1.0,,,,,2.0,,,1.0,,,,,,,,,1.0,,,,,,,,2.0,,,,,,,,,,,,,Motor Vehicle
376,376,376,2904159,-122.023915661,37.39799078,2006,4316,2,5,2,08,0,1,B,,,,,,1200,11,E,I,A,RT 101,MATHILDA AV,200,S,N,2007-03-28,9340,2006-11-03,930,01791,,1,6,0,1,,2,120,-,Y,SCL,4,101,-,-,45.62,H,-,S,Y,1,A,-,22107,,N,B,H,-,A,D,1,Y,A,01,1,0,0,0,0,0,0,0,0,-,-,SUNNYVALE,SANTA CLARA,CA,0.0,0.0,50.0,,1.0,,,,1.0,,,,1.0,,,,,,,,,,,1.0,,,,,,,,,1.0,,,,,,,,,,,,,Motor Vehicle
377,377,377,2904169,-122.034513064,37.400514982,2006,4316,2,1,4,03,0,1,B,,,Y,,,900,11,C,C,A,RT 101,RT 237,10,N,-,2007-04-10,9340,2006-11-13,750,01622,,1,6,0,1,,2,120,-,Y,SCL,4,101,-,-,46.153999999999996,R,3,N,Y,2,A,-,22350,,N,B,H,-,A,D,1,Y,C,02,0,0,1,0,0,0,0,0,1,T,-,SUNNYVALE,SANTA CLARA,CA,0.0,0.0,20.0,1.0,1.0,,1.0,3.0,,,1.0,1.0,,,,1.0,1.0,,,,,,,,,,,,,,,,1.0,,,,1.0,,,,,,,,,Motor Vehicle
378,378,378,2904716,-121.995091986,37.390803252,2006,4316,2,2,4,03,0,1,B,,,,,,1800,11,C,C,A,RT 101,LAWRENCE EXPWY,200,N,N,2007-03-19,9340,2006-11-21,1620,01682,,2,6,0,1,,2,120,-,Y,SCL,4,101,-,-,43.9,H,-,S,Y,3,A,-,22350,,N,A,H,-,B,D,1,Y,A,01,0,0,1,0,0,0,0,0,0,-,-,SUNNYVALE,SANTA CLARA,CA,0.0,0.0,36.0,,1.0,,,1.0,,2.0,,,1.0,,,1.0,1.0,,,,1.0,,,,,,,,,,,,2.0,,,1.0,,,,,,,,,,Motor Vehicle
379,379,379,2904793,-122.022605259,37.4039403883,2006,4316,3,1,4,08,0,1,B,,,,,,2400,11,F,I,A,RT 237,MAHILDA AV,500,E,N,2007-03-28,9340,2006-11-13,2230,01782,,3,6,0,1,,2,220,C,Y,SCL,4,237,-,-,3.17,H,-,W,Y,1,A,-,22107,,N,B,H,-,D,D,1,Y,A,01,0,0,1,0,0,0,0,0,0,-,-,SUNNYVALE,SANTA CLARA,CA,0.0,0.0,40.0,,1.0,,,,1.0,1.0,,,,,,,,,,,,,,1.0,,,,,,,,,1.0,,,,,,,,,,,,,Motor Vehicle
380,380,380,2908852,-121.991553055,37.389984984,2006,4316,2,5,2,01,0,1,A,,,,,Y,300,11,E,A,A,RT 101,LAWRENCE EXPWY,300,S,N,2007-04-10,9340,2006-11-24,10,01799,,3,6,0,1,,2,120,-,Y,SCL,4,101,-,-,43.753,R,2,N,Y,1,A,-,23152,A,N,A,H,-,D,D,1,Y,A,01,1,0,0,0,0,0,0,0,0,N,-,SUNNYVALE,SANTA CLARA,CA,0.0,0.0,39.0,,1.0,,,1.0,,,,1.0,,,,1.0,,,,,,,,,,,,,,,,,1.0,,,,,,,,,,,,,Motor Vehicle
381,381,381,2911538,-122.028753062,37.3957939148,2006,4316,0,6,4,12,0,1,A,,,,,,1800,11,D,C,A,MATHILDA AV,AHWANEE AV,0,,Y,2007-03-13,4316,2006-11-18,1540,16363,14,5,6,0,0,,0,001,-,N,,0,0,,,0.0,,,,Y,2,A,-,21453,A,N,A,H,-,A,A,0,Y,D,22,0,0,1,0,0,0,0,0,0,-,-,SUNNYVALE,SANTA CLARA,CA,0.0,0.0,65.0,,,1.0,1.0,1.0,,1.0,,,1.0,,1.0,1.0,,,,,,,,,,,,,,,,,,,,1.0,,,,,,,,,,Motor Vehicle
382,382,382,2911554,-122.01350841899999,37.352752717,2006,4316,0,2,4,05,0,1,A,,Y,,,,1800,11,H,G,A,RT 82,WOLFE RD,225,E,N,2007-04-05,4316,2006-11-21,1715,14456,43,5,6,0,0,,0,004,-,Y,SCL,4,82,-,-,15.28,H,-,S,N,2,A,-,21202,A,N,A,H,-,C,D,0,Y,L,04,0,0,1,0,0,0,1,0,0,-,-,SUNNYVALE,SANTA CLARA,CA,0.0,0.0,38.0,,1.0,,,,1.0,1.0,,,,,,1.0,1.0,,,,,,,,,,,,,,,,1.0,,1.0,,,,,,,,,,,Bicycle
383,383,383,2911573,-122.028793059,37.3772544861,2006,4316,0,7,3,12,0,2,B,,,,,,2100,11,D,C,A,SUNNYVALE AV,EVELYN AV,0,,Y,2007-03-13,4316,2006-11-26,2036,14372,34,5,6,0,0,,0,003,-,N,,0,0,,,0.0,,,,Y,3,A,-,21453,A,N,B,H,-,C,A,0,Y,D,22,0,2,0,0,0,0,0,0,0,-,-,SUNNYVALE,SANTA CLARA,CA,0.0,0.0,45.0,,1.0,1.0,1.0,2.0,,1.0,1.0,1.0,,,,2.0,1.0,,,,,,,,,,,,,,,,2.0,,,1.0,,,,,,,,,,Motor Vehicle