,level_0,index,CASEID,POINT_X,POINT_Y,YEAR_,LOCATION,CHPTYPE,DAYWEEK,CRASHSEV,VIOLCAT,KILLED,INJURED,WEATHER1,PEDCOL,BICCOL,MCCOL,TRUCKCOL,ETOH,TIMECAT,MONTH_,CRASHTYP,INVOLVE,PED,PRIMARYRD,SECONDRD,DISTANCE,DIRECT,INTERSECT_,PROCDATE,JURIS,DATE_,TIME_,BADGE,JURIDIST,SHIFT,POP,SPECIAL,BEATTYPE,LAPDDIV,BEATCLAS,BEATNUMB,WEATHER2,STATEHW,CALTRANC,CALTRAND,STROUTE,ROUTESUF,POSTPRE,POSTMILE,LOCATYPE,RAMP,SIDEHW,TOWAWAY,PARTIES,PCF,VIOLCODE,VIOL,VIOLSUB,HITRUN,ROADSURF,RDCOND1,RDCOND2,LIGHTING,RIGHTWAY,CHPRDTYP,NOTPRIV,STFAULT,CHPFAULT,SEVINJ,OTHERINJ,COP,PEDKILL,PEDINJ,BICKILL,BICINJ,MCKILL,MCINJURE,RAMP1,RAMP2,CITY,COUNTY,STATE,X_CHP,Y_CHP,AvgVAGE,VAGE_Minor,VAGE_Working,VAGE_Senior,MobilLimAge,F_M_VSEX,F_F_VSEX,F_A_PRACE,F_H_PRACE,F_W_PRACE,F_O_PRACE,F_B_PRACE,F_E_MOVEMENT,F_B_MOVEMENT,F_A_MOVEMENT,F_D_MOVEMENT,F_P_MOVEMENT,F_O_MOVEMENT,F_H_MOVEMENT,F_L_MOVEMENT,F_F_MOVEMENT,F_R_MOVEMENT,F_J_MOVEMENT,F_Q_MOVEMENT,F_G_MOVEMENT,F_C_MOVEMENT,F_M_MOVEMENT,F_N_MOVEMENT,F_K_MOVEMENT,F_I_MOVEMENT,F_A_VEHTYPE,F_I_VEHTYPE,F_L_VEHTYPE,F_D_VEHTYPE,F_C_VEHTYPE,F_N_VEHTYPE,F_F_VEHTYPE,F_J_VEHTYPE,F_G_VEHTYPE,F_B_VEHTYPE,F_M_VEHTYPE,F_E_VEHTYPE,F_H_VEHTYPE,PrimeModeClass
724,724,724,3342858,-122.03513306100001,37.3849143982,2007,4316,0,3,4,03,0,1,A,,,,,,2100,8,C,C,A,CENTRAL EXPWY,SOBRANTE WY,0,,Y,2008-02-05,4316,2007-08-29,1920,14350,13,5,6,0,0,,0,001,-,N,,0,0,,,0.0,,,,Y,2,A,-,22350,,N,A,H,-,A,D,0,Y,A,01,0,0,1,0,0,0,0,0,0,-,-,SUNNYVALE,SANTA CLARA,CA,0.0,0.0,43.0,,1.0,,,1.0,,1.0,,,,,,,,,2.0,,,,,,,,,,,,,,2.0,,,,,,,,,,,,,Motor Vehicle
725,725,725,3344566,-121.991553055,37.389984984,2007,4316,2,4,3,01,0,1,A,,,,,Y,600,8,F,A,A,RT 101,LAWRENCE EXPWY,300,S,N,2008-02-05,9340,2007-08-23,443,01653,,3,6,0,1,,2,120,-,Y,SCL,4,101,-,-,43.753,R,2,N,Y,1,A,-,23152,A,N,A,H,-,D,D,1,Y,A,07,0,1,0,0,0,0,0,0,0,-,-,SUNNYVALE,SANTA CLARA,CA,0.0,0.0,45.0,,1.0,,,1.0,,,,1.0,,,,,,,,,,,,1.0,,,,,,,,,1.0,,,,,,,,,,,,,Motor Vehicle
726,726,726,3344609,-121.996023056,37.3868675232,2007,4316,4,3,4,01,0,1,A,,,,,Y,2100,8,C,C,A,LAWRENCE EXPWY,DUANE AV,15,N,N,2008-01-25,9340,2007-08-22,2022,18108,,2,6,0,2,,2,610,-,N,,0,0,,,0.0,,,,N,2,A,-,23152,,N,A,H,-,C,D,0,Y,A,01,0,0,1,0,0,0,0,0,0,-,-,SUNNYVALE,SANTA CLARA,CA,0.0,0.0,36.0,,1.0,,,,1.0,1.0,,1.0,,,,1.0,1.0,,,,,,,,,,,,,,,,2.0,,,,,,,,,,,,,Motor Vehicle
727,727,727,3345735,-121.996015391,37.3864936829,2007,4316,4,5,4,03,0,1,A,,,,,,1800,7,C,C,A,LAWRENCE EXPWY,DUANE AV,120,S,N,2007-12-15,9340,2007-07-27,1715,17225,,2,6,0,2,,2,610,-,N,,0,0,,,0.0,,,,Y,2,A,-,22350,,M,A,H,-,A,D,0,Y,A,01,0,0,1,0,0,0,0,0,0,F,-,SUNNYVALE,SANTA CLARA,CA,0.0,0.0,18.0,1.0,1.0,,1.0,2.0,,,,,2.0,,,1.0,1.0,,,,,,,,,,,,,,,,2.0,,,,,,,,,,,,,Motor Vehicle
728,728,728,3345755,-121.996023056,37.3868675232,2007,4316,4,2,4,03,0,1,A,,,,,,1800,7,C,C,A,LAWRENCE EXPWY,DUANE AV,15,N,N,2007-12-15,9340,2007-07-31,1630,01830,,2,6,0,2,,2,610,-,N,,0,0,,,0.0,,,,N,2,A,-,22350,,N,A,H,-,A,D,0,Y,A,08,0,0,1,0,0,0,0,0,0,-,-,SUNNYVALE,SANTA CLARA,CA,0.0,0.0,25.0,,1.0,,,,1.0,1.0,,1.0,,,,1.0,,,,,1.0,,,,,,,,,,,,2.0,,,,,,,,,,,,,Motor Vehicle
729,729,729,3349129,-122.02528264600001,37.361931306,2007,4316,0,6,3,03,0,3,A,,,,,,1800,9,C,C,A,RT 82,REMINGTON DR,270,W,N,2008-02-28,4316,2007-09-01,1544,15148,61,5,6,0,0,,0,006,-,Y,SCL,4,82,-,-,16.21,H,-,S,Y,3,A,-,22350,,N,A,H,-,A,D,0,Y,A,01,0,1,2,0,0,0,0,0,0,-,-,SUNNYVALE,SANTA CLARA,CA,0.0,0.0,25.75,2.0,2.0,,2.0,2.0,2.0,,1.0,2.0,,,,1.0,1.0,,,,,,,,1.0,,,,,,,,3.0,,,,,,,,,,,,,Motor Vehicle
730,730,730,3352992,-122.009959115,37.35214498,2007,4316,0,6,4,09,0,1,A,,Y,,,,1800,9,D,G,A,RT 82,POPLAR AV,1000,W,N,2008-03-04,4316,2007-09-15,1500,11145,43,5,6,0,0,,0,004,-,Y,SCL,4,82,-,-,15.08,H,-,S,N,2,A,-,21804,A,N,A,H,-,A,D,0,Y,A,01,0,0,1,0,0,0,1,0,0,-,-,SUNNYVALE,SANTA CLARA,CA,0.0,0.0,36.0,,2.0,,,,2.0,,,,,,,1.0,,,,,,1.0,,,,,,,,,,,1.0,,1.0,,,,,,,,,,,Bicycle
731,731,731,3353032,-122.01786986399999,37.356012742,2007,4316,0,6,3,04,0,1,A,,,,,,1200,9,C,C,A,RT 82,MARIA LN,75,W,N,2008-03-04,4316,2007-09-22,1046,15949,61,5,6,0,0,,0,006,-,Y,SCL,4,82,-,-,15.61,H,-,N,N,2,A,-,21703,,N,A,H,-,A,D,0,Y,A,01,0,1,0,0,0,0,0,0,0,-,-,SUNNYVALE,SANTA CLARA,CA,0.0,0.0,12.0,1.0,,,1.0,,1.0,,,2.0,,,,1.0,,,,,1.0,,,,,,,,,,,,2.0,,,,,,,,,,,,,Motor Vehicle
732,732,732,3353040,-122.02647306200001,37.404075622600004,2007,4316,0,3,4,17,0,1,B,,,,,,600,9,D,C,A,MATHILDA AV,MOFFETT PARK DR,0,,Y,2008-03-13,4316,2007-09-19,548,15838,10,5,6,0,0,,0,001,-,N,,0,0,,,0.0,,,,Y,2,A,-,21451,A,N,A,H,-,B,A,0,Y,A,01,0,0,1,0,0,0,0,0,0,-,-,SUNNYVALE,SANTA CLARA,CA,0.0,0.0,29.0,,1.0,,,1.0,,,1.0,,1.0,,,1.0,,1.0,,,,,,,,,,,,,,,2.0,,,,,,,,,,,,,Motor Vehicle
733,733,733,3353041,-122.00095671,37.352354981,2007,4316,0,6,4,03,0,4,B,,,,,,1500,9,C,C,A,RT 82,HELEN AV,60,W,N,2008-03-04,4316,2007-09-22,1233,15949,44,5,6,0,0,,0,004,-,Y,SCL,4,82,-,-,14.59,H,-,N,Y,5,A,-,22350,,N,B,H,-,A,D,0,Y,D,22,0,0,4,0,0,0,0,0,0,-,-,SUNNYVALE,SANTA CLARA,CA,0.0,0.0,24.5,2.0,2.0,,2.0,,4.0,4.0,1.0,,,,,1.0,4.0,,,,,,,,,,,,,,,,4.0,,,1.0,,,,,,,,,,Motor Vehicle
734,734,734,3353053,-122.02889398200001,37.3953399658,2007,4316,0,1,4,03,0,2,A,,,,,,2100,9,C,C,A,MATHILDA,AHWANEE,170,S,N,2008-02-28,4316,2007-09-17,1925,14829,14,5,6,0,0,,0,001,-,N,,0,0,,,0.0,,,,N,3,A,-,22350,,N,A,H,-,B,A,0,Y,-,-,0,0,2,0,0,0,0,0,0,-,-,SUNNYVALE,SANTA CLARA,CA,0.0,0.0,34.5,,2.0,,,1.0,1.0,1.0,,2.0,,,,1.0,1.0,,,,,,,,,,,,,,,,3.0,,,,,,,,,,,,,Motor Vehicle
735,735,735,3353065,-121.99592450200001,37.3934898376,2007,4316,0,6,3,03,0,1,A,,,,,,1500,9,C,C,A,LAWRENCE EXPWY,LAKEWOOD,20,S,N,2008-02-28,4316,2007-09-08,1440,10044,26,5,6,0,0,,0,002,-,N,,0,0,,,0.0,,,,Y,4,A,-,22350,,N,A,H,-,A,A,0,Y,-,-,0,1,0,0,0,0,0,0,0,-,-,SUNNYVALE,SANTA CLARA,CA,0.0,0.0,23.0,,1.0,,,,1.0,,1.0,1.0,,,,,2.0,,,,1.0,,,,,,,,,,,,,,,,,,,,,,,,,Motor Vehicle
736,736,736,3353069,-122.024912746,37.39087677,2007,4316,0,5,4,09,0,1,A,,,,,,900,9,D,C,A,BORREGAS AV,DUANE AV,11,S,N,2008-02-28,4316,2007-09-21,756,13877,14,5,6,0,0,,0,001,-,N,,0,0,,,0.0,,,,N,2,A,-,21804,A,N,A,H,-,A,D,0,Y,A,01,0,0,1,0,0,0,0,0,0,-,-,SUNNYVALE,SANTA CLARA,CA,0.0,0.0,37.0,,1.0,,,,1.0,,,2.0,,,1.0,1.0,,,,,,,,,,,,,,,,,2.0,,,,,,,,,,,,,Motor Vehicle
737,737,737,3353501,-122.061696684,37.3541635858,2007,4316,3,5,4,03,0,1,A,,,,,,1800,9,C,C,A,RT 85,FREMONT AV,400,N,N,2008-03-14,9340,2007-09-14,1510,01851,,2,6,0,1,,2,085,-,Y,SCL,4,85,-,R,19.97,H,-,S,Y,3,A,-,22350,,N,A,H,-,A,D,6,Y,A,08,0,0,1,0,0,0,0,0,0,-,-,SUNNYVALE,SANTA CLARA,CA,0.0,0.0,60.0,,1.0,,,1.0,,,1.0,2.0,,,,2.0,1.0,,,,,,,,,,,,,,,,2.0,,,1.0,,,,,,,,,,Motor Vehicle
738,738,738,3355615,-122.007794605,37.4071569365,2007,4316,3,4,3,08,0,1,A,,,Y,,,2100,8,E,I,A,RT 237,FAIR OAKS AV,983,E,N,2008-02-11,9340,2007-08-09,1830,01797,,2,6,0,1,,2,220,-,Y,SCL,4,237,-,R,4.16,H,-,E,Y,3,A,-,22107,,N,A,H,-,A,D,1,Y,A,01,0,1,0,0,0,0,0,0,1,-,-,SUNNYVALE,SANTA CLARA,CA,0.0,0.0,27.0,,1.0,,,1.0,,,,1.0,2.0,,,1.0,,,,,,,,2.0,,,,,,,,,2.0,,,,1.0,,,,,,,,,Motor Vehicle
739,739,739,3355642,-122.011596341,37.4063008687,2007,4316,3,3,4,03,0,1,A,,,,,,300,8,C,C,A,RT 237,FAIR OAKS AV,177,W,N,2008-02-05,9340,2007-08-15,26,01825,,3,6,0,1,,2,220,-,Y,SCL,4,237,-,R,3.94,H,-,E,Y,3,A,-,22350,,N,A,H,-,D,D,1,Y,A,01,0,0,1,0,0,0,0,0,0,-,-,SUNNYVALE,SANTA CLARA,CA,0.0,0.0,22.0,,1.0,,,,1.0,,,,1.0,,,1.0,1.0,,,1.0,,,,,,,,,,,,,3.0,,,,,,,,,,,,,Motor Vehicle
740,740,740,3358227,-122.055755656,37.3755989075,2007,4316,0,5,2,05,0,1,A,,Y,,,,1800,8,A,G,A,BERNARDO AV,VICENTE DR,76,S,N,2008-03-19,4316,2007-08-31,1526,13542,33,5,6,0,0,,0,003,-,N,,0,0,,,0.0,,,,Y,2,A,-,21651,B,N,A,H,-,A,D,0,Y,L,04,1,0,0,0,0,0,1,0,0,-,-,SUNNYVALE,SANTA CLARA,CA,0.0,0.0,13.0,1.0,,,1.0,,1.0,1.0,,,1.0,,,1.0,,,,,,,,,,,,,,1.0,,,1.0,,1.0,,,,,,,,,,,Bicycle
741,741,741,3360142,-122.011250901,37.4063799587,2007,4316,3,3,1,08,1,0,A,,,,,Y,300,8,F,A,A,RT 237,FAIR OAKS AV,18,W,N,2007-10-05,9340,2007-08-15,27,01825,,3,6,0,1,,2,220,-,Y,SCL,4,237,-,R,3.96,H,-,E,Y,1,A,-,22107,,N,A,H,-,D,D,1,Y,D,22,0,0,0,0,0,0,0,0,0,-,-,SUNNYVALE,SANTA CLARA,CA,0.0,0.0,23.0,,1.0,,,1.0,,1.0,,,,,,,,,,,,,,1.0,,,,,,,,,,,,1.0,,,,,,,,,,Motor Vehicle
742,742,742,3362140,-122.03662956299999,37.400779821,2007,4316,2,3,4,03,0,1,A,,,,,,900,9,C,C,A,RT 101,RT 237,40,N,N,2008-02-29,9340,2007-09-05,855,01850,,1,6,0,1,,2,120,-,Y,SCL,4,101,-,-,46.14,H,-,S,N,2,A,-,22350,,N,A,H,-,A,D,1,Y,-,-,0,0,1,0,0,0,0,0,0,-,-,SUNNYVALE,SANTA CLARA,CA,0.0,0.0,38.0,,1.0,,,,1.0,1.0,,,1.0,,,1.0,1.0,,,,,,,,,,,,,,,,2.0,,,,,,,,,,,,,Motor Vehicle
743,743,743,3363608,-122.01390305700001,37.3752861023,2007,4316,0,7,4,12,0,4,A,,,,,,1800,9,D,C,A,KIFER RD,WOLFE RD,0,,Y,2008-03-03,4316,2007-09-16,1736,15925,27,5,6,0,0,,0,002,-,N,,0,0,,,0.0,,,,Y,2,A,-,21453,A,N,A,H,-,A,A,0,Y,-,-,0,0,4,0,0,0,0,0,0,-,-,SUNNYVALE,SANTA CLARA,CA,0.0,0.0,51.5,,3.0,1.0,1.0,2.0,2.0,,,1.0,1.0,,,2.0,,,,,,,,,,,,,,,,,2.0,,,,,,,,,,,,,Motor Vehicle
744,744,744,3363612,-122.01144802399999,37.3891639709,2007,4316,0,7,3,22,0,1,A,,,Y,,,2100,9,F,A,A,SAN JUAN AV,SAN JULE CT,34,S,N,2008-03-03,4316,2007-09-16,1825,86125,26,5,6,0,0,,0,002,-,N,,0,0,,,0.0,,,,N,2,B,-,0,,N,A,H,-,A,D,0,Y,C,02,0,1,0,0,0,0,0,0,1,-,-,SUNNYVALE,SANTA CLARA,CA,0.0,0.0,22.0,,1.0,,,1.0,,,2.0,,,,,2.0,,,,,,,,,,,,,,,,,,,,,2.0,,,,,,,,,Motor Vehicle
745,745,745,3363628,-122.02365743600001,37.3874015808,2007,4316,0,4,4,03,0,1,A,,,,,,1200,9,C,C,A,MAUDE AV,SUNNYVALE AV,450,E,N,2008-03-03,4316,2007-09-13,916,14243,15,5,6,0,0,,0,001,-,N,,0,0,,,0.0,,,,Y,2,A,-,22350,,N,A,H,-,A,D,0,Y,A,01,0,0,1,0,0,0,0,0,0,-,-,SUNNYVALE,SANTA CLARA,CA,0.0,0.0,32.0,,1.0,,,,1.0,,1.0,,1.0,,,1.0,,1.0,,,,,,,,,,,,,,,2.0,,,,,,,,,,,,,Motor Vehicle
746,746,746,3363632,-122.03449306,37.376865386999995,2007,4316,0,7,4,12,0,1,A,,,,,,900,9,D,C,A,MATHILDA AV,WASHINGTON AV,0,,Y,2008-03-03,4316,2007-09-16,844,15838,33,5,6,0,0,,0,003,-,N,,0,0,,,0.0,,,,Y,2,A,-,21453,A,N,A,H,-,A,A,0,Y,A,01,0,0,1,0,0,0,0,0,0,-,-,SUNNYVALE,SANTA CLARA,CA,0.0,0.0,12.0,1.0,,,1.0,1.0,,,1.0,1.0,,,,2.0,,,,,,,,,,,,,,,,,2.0,,,,,,,,,,,,,Motor Vehicle
747,747,747,3363640,-122.03715805799999,37.369252533,2007,4316,0,4,3,21,0,1,A,,,,,,900,9,D,C,A,RT 82,PASTORIA AV,1050,W,N,2008-03-13,4316,2007-09-13,820,11145,33,5,6,0,0,,0,003,-,Y,SCL,4,82,-,-,17.06,H,-,N,Y,2,A,-,22106,,N,A,H,-,A,D,0,Y,A,07,0,1,0,0,0,0,0,0,0,-,-,SUNNYVALE,SANTA CLARA,CA,0.0,0.0,18.5,1.0,1.0,,1.0,1.0,1.0,,,,,,,,,,,,,,1.0,,,,1.0,,,,,,2.0,,,,,,,,,,,,,Motor Vehicle
748,748,748,3363648,-122.023260895,37.3671455383,2007,4316,0,4,4,03,0,1,A,,,,,,900,9,C,C,A,FAIR OAKS AV,OLD SAN FRANCISCO RD,75,S,N,2008-03-03,4316,2007-09-13,844,15949,34,5,6,0,0,,0,003,-,N,,0,0,,,0.0,,,,N,2,A,-,22350,,N,A,H,-,A,A,0,Y,A,01,0,0,1,0,0,0,0,0,0,-,-,SUNNYVALE,SANTA CLARA,CA,0.0,0.0,51.0,,1.0,,,1.0,,1.0,1.0,,,,,1.0,1.0,,,,,,,,,,,,,,,,1.0,,,1.0,,,,,,,,,,Motor Vehicle
749,749,749,3366967,-122.011596341,37.4063008687,2007,4316,3,3,4,03,0,1,A,,,,,,300,8,C,C,A,RT 237,FAIR OAKS AVE,184,W,N,2008-03-12,9340,2007-08-15,20,01825,,3,6,0,1,,2,220,-,Y,SCL,4,237,-,R,3.94,H,-,E,N,2,A,-,22350,,N,A,H,-,D,D,1,Y,A,08,0,0,1,0,0,0,0,0,0,-,-,SUNNYVALE,SANTA CLARA,CA,0.0,0.0,82.0,,,1.0,1.0,,1.0,,,,1.0,1.0,,2.0,,,,,,,,,,,,,,,,,2.0,,,,,,,,,,,,,Motor Vehicle
750,750,750,3367019,-122.011250901,37.4063799587,2007,4316,3,4,4,08,0,1,A,,,,,,1800,8,E,I,A,RT 237,FAIR OAKS AVE,50,W,N,2008-04-10,9340,2007-08-23,1725,01787,,2,6,0,1,,2,220,-,Y,SCL,4,237,-,R,3.96,H,-,E,Y,1,A,-,22107,,N,A,H,-,A,D,1,Y,A,01,0,0,1,0,0,0,0,0,0,-,-,SUNNYVALE,SANTA CLARA,CA,0.0,0.0,23.0,,1.0,,,1.0,,,,,1.0,,,,,,,,,,,1.0,,,,,,,,,1.0,,,,,,,,,,,,,Motor Vehicle
751,751,751,3369284,-122.030505006,37.3838310242,2007,4316,0,3,4,04,0,1,A,,,,,,1500,9,C,C,A,CENTRAL EXPWY,SAN ANSELMO WY,200,E,N,2008-03-01,4316,2007-09-26,1426,11247,16,5,6,0,0,,0,001,-,N,,0,0,,,0.0,,,,N,2,A,-,21703,,N,A,H,-,A,D,0,Y,A,01,0,0,1,0,0,0,0,0,0,-,-,SUNNYVALE,SANTA CLARA,CA,0.0,0.0,22.0,,1.0,,,,1.0,1.0,,1.0,,,,,,,,,,2.0,,,,,,,,,,,2.0,,,,,,,,,,,,,Motor Vehicle
752,752,752,3369300,-122.014411759,37.3909263611,2007,4316,0,4,4,09,0,1,A,,,Y,,,2100,9,D,C,A,N FAIR OAKS AV,CALIENTE DR,120,S,N,2008-03-01,4316,2007-09-27,1907,14456,14,5,6,0,0,,0,001,-,N,,0,0,,,0.0,,,,Y,2,A,-,21804,A,N,A,H,-,A,D,0,Y,A,01,0,0,1,0,0,0,0,0,1,-,-,SUNNYVALE,SANTA CLARA,CA,0.0,0.0,39.0,,1.0,,,1.0,,,1.0,1.0,,,1.0,1.0,,,,,,,,,,,,,,,,,1.0,,,,1.0,,,,,,,,,Motor Vehicle
753,753,753,3369304,-122.03875590700001,37.378692627,2007,4316,0,7,3,10,0,1,B,Y,,,,,1500,9,A,B,F,LEWIS AV,PASTORIA AV,200,W,N,2008-03-01,4316,2007-09-23,1310,15949,33,5,6,0,0,,0,003,-,N,,0,0,,,0.0,,,,N,2,A,-,21952,,N,A,H,-,A,D,0,Y,A,01,0,1,0,0,1,0,0,0,0,-,-,SUNNYVALE,SANTA CLARA,CA,0.0,0.0,15.0,1.0,,,1.0,1.0,,,,2.0,,,,2.0,,,,,,,,,,,,,,,,,1.0,,,,,1.0,,,,,,,,Pedestrian
754,754,754,3369332,-122.049007944,37.371910631999995,2007,4316,0,1,3,01,0,1,A,,,,,Y,1200,9,C,C,A,RT 82,MARY AV,180,W,N,2008-03-11,4316,2007-09-24,1141,14374,51,5,6,0,0,,0,005,-,Y,SCL,4,82,-,-,17.72,H,-,S,Y,2,A,-,23152,A,N,A,H,-,A,A,0,Y,A,01,0,1,0,0,0,0,0,0,0,-,-,SUNNYVALE,SANTA CLARA,CA,0.0,0.0,34.0,,1.0,,,1.0,,,,1.0,,,,1.0,1.0,,,,,,,,,,,,,,,,2.0,,,,,,,,,,,,,Motor Vehicle
755,755,755,3369335,-122.05504752600001,37.3424186707,2007,4316,0,5,3,08,0,1,A,,,,,,2400,9,C,E,A,WRIGHT AV,HAVRE CT,45,N,N,2008-03-01,4316,2007-09-28,2115,14396,53,5,6,0,0,,0,005,-,N,,0,0,,,0.0,,,,Y,2,A,-,22107,,N,A,H,-,C,D,0,Y,A,01,0,1,0,0,0,0,0,0,0,-,-,SUNNYVALE,SANTA CLARA,CA,0.0,0.0,21.0,,1.0,,,1.0,,,,,,1.0,,1.0,,,,1.0,,,,,,,,,,,,,2.0,,,,,,,,,,,,,Motor Vehicle
756,756,756,3369339,-122.01488713399999,37.378780365,2007,4316,0,5,3,03,0,1,A,,,,,,1800,9,C,C,A,CENTRAL EXPWY,FAIR OAKS AV,1320,E,N,2008-03-01,4316,2007-09-28,1504,15143,16,5,6,0,0,,0,001,-,N,,0,0,,,0.0,,,,Y,2,A,-,22350,,N,A,H,-,A,D,0,Y,D,22,0,1,0,0,0,0,0,0,0,-,-,SUNNYVALE,SANTA CLARA,CA,0.0,0.0,49.0,,1.0,,,1.0,,,,1.0,1.0,,,1.0,1.0,,,,,,,,,,,,,,,,1.0,,,1.0,,,,,,,,,,Motor Vehicle
757,757,757,3369340,-122.00539869,37.352300332,2007,4316,0,5,4,12,0,2,B,,,,,,1800,9,D,C,A,RT 82,HENDERSON AV,0,,Y,2008-03-11,4316,2007-09-21,1536,74361,,5,6,0,0,,0,004,-,Y,SCL,4,82,-,-,14.832,I,5,N,Y,2,A,-,21453,A,N,A,H,-,A,A,0,Y,-,-,0,0,2,0,0,0,0,0,0,-,-,SUNNYVALE,SANTA CLARA,CA,0.0,0.0,39.0,,2.0,,,1.0,1.0,,1.0,1.0,,,1.0,1.0,,,,,,,,,,,,,,,,,,,,,,,,,,,,,,Motor Vehicle
758,758,758,3369347,-122.012081994,37.3806648254,2007,4316,0,5,4,01,0,1,B,,,,,,1800,9,C,C,A,WOLFE RD,ARQUES AV,100,S,N,2008-03-01,4316,2007-09-28,1730,15030,27,5,6,0,0,,0,002,-,N,,0,0,,,0.0,,,,N,2,A,-,23153,A,N,A,H,-,A,D,0,Y,A,01,0,0,1,0,0,0,0,0,0,-,-,SUNNYVALE,SANTA CLARA,CA,0.0,0.0,25.0,,1.0,,,,1.0,1.0,,1.0,,,,1.0,1.0,,,,,,,,,,,,,,,,2.0,,,,,,,,,,,,,Motor Vehicle
759,759,759,3369355,-122.004063055,37.3686561584,2007,4316,0,6,4,09,0,3,B,,,,,,2100,9,A,C,A,ASTER AV,EVELYN AV,0,,Y,2008-03-01,4316,2007-09-29,1806,15924,42,5,6,0,0,,0,004,-,N,,0,0,,,0.0,,,,Y,2,A,-,21801,A,N,A,H,-,A,A,0,Y,A,01,0,0,3,0,0,0,0,0,0,-,-,SUNNYVALE,SANTA CLARA,CA,0.0,0.0,28.0,,3.0,,,,2.0,,,2.0,,,1.0,1.0,,,,,,,,,,,,,,,,,2.0,,,,,,,,,,,,,Motor Vehicle
760,760,760,3369359,-121.996023056,37.386825561500004,2007,4316,0,6,4,03,0,1,A,,,,,,1500,9,C,C,A,OAKMEAD PKWY,LAWRENCE EXPWY,0,,Y,2008-03-01,4316,2007-09-29,1300,13541,28,5,6,0,0,,0,002,-,N,,0,0,,,0.0,,,,N,2,A,-,22350,,N,A,H,-,A,A,0,Y,B,01,0,0,1,0,0,0,0,0,0,-,-,SUNNYVALE,SANTA CLARA,CA,0.0,0.0,27.0,,1.0,,,,1.0,1.0,,1.0,,,,1.0,1.0,,,,,,,,,,,,,,,,,,,,,,,,,2.0,,,,Motor Vehicle
761,761,761,3376750,-122.028139814,37.3972,2007,4316,0,1,3,07,0,1,A,,,,,,1500,9,B,C,A,MATHILDA,AHWANEE,528,N,N,2008-03-04,4316,2007-09-10,1338,67643,12,5,6,0,0,,0,001,-,Y,SCL,4,101,-,-,45.721000000000004,R,4,S,N,2,A,-,21658,A,N,A,H,-,A,D,0,Y,A,,0,1,0,0,0,0,0,0,0,-,-,SUNNYVALE,SANTA CLARA,CA,0.0,0.0,38.0,,1.0,,,1.0,,,,,2.0,,,1.0,,,,,,,,,1.0,,,,,,,,2.0,,,,,,,,,,,,,Motor Vehicle
762,762,762,3376963,-122.06146888200001,37.3375892639,2007,4316,0,4,3,01,0,1,A,,,,,Y,1500,9,E,C,A,BELLEVILLE WY,HOMESTEAD RD,35,N,N,2008-02-16,4316,2007-09-20,1210,11145,53,5,6,0,0,,0,005,-,N,,0,0,,,0.0,,,,N,1,A,-,23152,A,N,A,H,-,A,D,0,Y,A,01,0,1,0,0,0,0,0,0,0,-,-,SUNNYVALE,SANTA CLARA,CA,0.0,0.0,51.0,,1.0,,,1.0,,,,,,,1.0,,,,,,,,,,,,,,,,,,1.0,,,,,,,,,,,,,Motor Vehicle
763,763,763,3376979,-122.061370786,37.3436050415,2007,4316,0,4,3,01,0,1,A,,,,,Y,1500,9,C,E,A,BELLEVILLE WY,THE DALLES AV,440,S,N,2008-02-16,4316,2007-09-20,1215,11145,53,5,6,0,0,,0,005,-,N,,0,0,,,0.0,,,,Y,2,A,-,23152,A,N,A,H,-,A,D,0,Y,A,01,0,1,0,0,0,0,0,0,0,-,-,SUNNYVALE,SANTA CLARA,CA,0.0,0.0,51.0,,1.0,,,1.0,,,,,,,,1.0,,,,1.0,,,,,,,,,,,,,2.0,,,,,,,,,,,,,Motor Vehicle
764,764,764,3376983,-122.05961306200001,37.3594932556,2007,4316,0,2,4,09,0,1,A,,,,,,1800,9,D,C,A,REMINGTON DR,BERNARDO AV,0,,Y,2008-02-16,4316,2007-09-18,1635,14398,51,5,6,0,0,,0,005,-,N,,0,0,,,0.0,,,,Y,3,A,-,21802,A,N,A,H,-,A,A,0,Y,A,01,0,0,1,0,0,0,0,0,0,-,-,SUNNYVALE,SANTA CLARA,CA,0.0,0.0,22.0,,1.0,,,1.0,,,1.0,1.0,,,,1.0,,,,1.0,,,,,,,,,,,,1.0,3.0,,,,,,,,,,,,,Motor Vehicle
765,765,765,3376987,-122.041609098,37.3594551086,2007,4316,0,2,3,11,0,1,A,Y,,,,,1800,9,G,B,D,REMINGTON DR,HOLLENBECK AV,25,W,N,2008-02-16,4316,2007-09-18,1653,14372,52,5,6,0,0,,0,005,-,N,,0,0,,,0.0,,,,N,2,A,-,21954,A,N,A,H,-,A,A,0,Y,N,60,0,1,0,0,1,0,0,0,0,-,-,SUNNYVALE,SANTA CLARA,CA,0.0,0.0,8.0,1.0,,,1.0,1.0,,,,2.0,,,,1.0,,,,,,,,1.0,,,,,,,,,1.0,,,,,1.0,,,,,,,,Pedestrian
766,766,766,3377011,-122.00900305799999,37.388286590599996,2007,4316,0,2,3,09,0,1,A,,,,,,1800,9,D,C,A,DUANE,SAN LUISITO WY,0,,Y,2008-02-16,4316,2007-09-18,1735,87002,26,5,6,0,0,,0,002,-,N,,0,0,,,0.0,,,,Y,2,A,-,21801,A,N,A,H,-,A,D,0,Y,A,01,0,1,0,0,0,0,0,0,0,-,-,SUNNYVALE,SANTA CLARA,CA,0.0,0.0,260.5,2.0,1.0,1.0,3.0,3.0,,,1.0,,,,,1.0,,,,,,,1.0,,,,,,,,,,2.0,,,,,,,,,,,,,Motor Vehicle