,level_0,index,CASEID,POINT_X,POINT_Y,YEAR_,LOCATION,CHPTYPE,DAYWEEK,CRASHSEV,VIOLCAT,KILLED,INJURED,WEATHER1,PEDCOL,BICCOL,MCCOL,TRUCKCOL,ETOH,TIMECAT,MONTH_,CRASHTYP,INVOLVE,PED,PRIMARYRD,SECONDRD,DISTANCE,DIRECT,INTERSECT_,PROCDATE,JURIS,DATE_,TIME_,BADGE,JURIDIST,SHIFT,POP,SPECIAL,BEATTYPE,LAPDDIV,BEATCLAS,BEATNUMB,WEATHER2,STATEHW,CALTRANC,CALTRAND,STROUTE,ROUTESUF,POSTPRE,POSTMILE,LOCATYPE,RAMP,SIDEHW,TOWAWAY,PARTIES,PCF,VIOLCODE,VIOL,VIOLSUB,HITRUN,ROADSURF,RDCOND1,RDCOND2,LIGHTING,RIGHTWAY,CHPRDTYP,NOTPRIV,STFAULT,CHPFAULT,SEVINJ,OTHERINJ,COP,PEDKILL,PEDINJ,BICKILL,BICINJ,MCKILL,MCINJURE,RAMP1,RAMP2,CITY,COUNTY,STATE,X_CHP,Y_CHP,AvgVAGE,VAGE_Minor,VAGE_Working,VAGE_Senior,MobilLimAge,F_M_VSEX,F_F_VSEX,F_A_PRACE,F_H_PRACE,F_W_PRACE,F_O_PRACE,F_B_PRACE,F_E_MOVEMENT,F_B_MOVEMENT,F_A_MOVEMENT,F_D_MOVEMENT,F_P_MOVEMENT,F_O_MOVEMENT,F_H_MOVEMENT,F_L_MOVEMENT,F_F_MOVEMENT,F_R_MOVEMENT,F_J_MOVEMENT,F_Q_MOVEMENT,F_G_MOVEMENT,F_C_MOVEMENT,F_M_MOVEMENT,F_N_MOVEMENT,F_K_MOVEMENT,F_I_MOVEMENT,F_A_VEHTYPE,F_I_VEHTYPE,F_L_VEHTYPE,F_D_VEHTYPE,F_C_VEHTYPE,F_N_VEHTYPE,F_F_VEHTYPE,F_J_VEHTYPE,F_G_VEHTYPE,F_B_VEHTYPE,F_M_VEHTYPE,F_E_VEHTYPE,F_H_VEHTYPE,PrimeModeClass
852,852,852,3468048,-122.01193121799999,37.4064048249,2007,4316,3,3,4,03,0,1,B,,,,,,900,10,C,C,A,RT 237,FAIROAKS,100,W,N,2008-04-22,9340,2007-10-10,745,14436,,1,6,0,1,,2,220,C,Y,SCL,4,237,-,R,3.95,H,-,W,N,3,A,-,22350,,N,B,H,-,A,D,1,Y,A,01,0,0,1,0,0,0,0,0,0,-,-,SUNNYVALE,SANTA CLARA,CA,0.0,0.0,42.0,,1.0,,,,1.0,1.0,,,1.0,1.0,,,2.0,,,,1.0,,,,,,,,,,,,3.0,,,,,,,,,,,,,Motor Vehicle
853,853,853,3468070,-122.059813061,37.3487949753,2007,4316,3,1,4,03,0,1,A,,,,,,1800,10,C,C,A,RT 85,FREMONT AV,100,S,N,2008-05-14,9340,2007-10-22,1750,16504,,2,6,0,1,,2,085,-,Y,SCL,4,85,-,R,19.734,R,1,N,Y,4,A,-,22350,,N,A,H,-,A,D,6,Y,A,01,0,0,1,0,0,0,0,0,0,T,-,SUNNYVALE,SANTA CLARA,CA,0.0,0.0,41.0,,1.0,,,,1.0,1.0,,2.0,,,,,2.0,,,,2.0,,,,,,,,,,,,4.0,,,,,,,,,,,,,Motor Vehicle
854,854,854,3468088,-122.034513064,37.400514982,2007,4316,2,6,4,03,0,1,A,,,,,,1800,11,C,C,A,RT 101,MATHILDA AV,2640,N,N,2008-07-08,9340,2007-11-03,1550,01793,,2,6,0,1,,2,120,-,Y,SCL,4,101,-,-,46.153999999999996,R,4,N,N,2,A,-,22350,,N,A,H,-,A,D,1,Y,A,01,0,0,1,0,0,0,0,0,0,-,-,SUNNYVALE,SANTA CLARA,CA,0.0,0.0,19.25,3.0,1.0,,3.0,1.0,3.0,,1.0,,,1.0,,1.0,1.0,,,,,,,,,,,,,,,,2.0,,,,,,,,,,,,,Motor Vehicle
855,855,855,3468283,-122.007575242,37.35213784,2007,4316,0,5,3,05,0,1,A,,Y,,,,900,11,D,G,A,EL CAMINO REAL,POPLAR AV,300,W,N,2008-06-12,4316,2007-11-30,735,13250,43,5,6,0,0,,0,004,-,Y,SCL,4,82,-,-,14.95,H,-,S,N,2,A,-,21650,1,N,A,H,-,A,D,0,Y,L,04,0,1,0,0,0,0,1,0,0,-,-,SUNNYVALE,SANTA CLARA,CA,0.0,0.0,57.0,,1.0,,,1.0,,,,2.0,,,,,,1.0,,,,,,,,1.0,,,,,,,1.0,,1.0,,,,,,,,,,,Bicycle
856,856,856,3468287,-121.995786556,37.392192840599996,2007,4316,0,5,4,03,0,2,A,,,,,,2100,11,C,C,A,LAWRENCE EXPWY,BRIDGEWOOD WY,500,S,N,2008-06-23,4316,2007-11-30,1851,10314,24,5,6,0,0,,0,002,-,N,,0,0,,,0.0,,,,Y,4,A,-,22350,,N,A,H,-,C,A,0,Y,-,-,0,0,2,0,0,0,0,0,0,-,-,SUNNYVALE,SANTA CLARA,CA,0.0,0.0,35.666666666666664,,3.0,,,,3.0,1.0,,2.0,1.0,,,1.0,3.0,,,,,,,,,,,,,,,,,,,,,,,,,,,,,Motor Vehicle
857,857,857,3468295,-122.02393360299999,37.3567733765,2007,4316,0,5,3,13,0,1,A,,,,,,1800,11,G,B,A,MICHEALANGELO DR,CRESCENT,700,N,N,2008-06-07,4316,2007-11-30,1746,15838,61,5,6,0,0,,0,006,-,N,,0,0,,,0.0,,,,N,1,A,-,22515,A,N,A,H,-,C,D,0,Y,A,01,0,1,0,0,0,0,0,0,0,-,-,SUNNYVALE,SANTA CLARA,CA,0.0,0.0,67.0,,,1.0,1.0,,1.0,,,1.0,,,,,,,,,,,,,,,1.0,,,,,,1.0,,,,,,,,,,,,,Motor Vehicle
858,858,858,3470734,-122.00782305799999,37.3970451355,2007,4316,0,2,4,09,0,1,A,,,,,,1800,11,D,C,A,HIDDENLAKE DR,LAKEFAIR DR,0,,Y,2008-04-11,4316,2007-11-20,1545,10314,21,5,6,0,0,,0,002,-,N,,0,0,,,0.0,,,,Y,2,A,-,21802,A,N,A,H,-,A,A,0,Y,A,01,0,0,1,0,0,0,0,0,0,-,-,SUNNYVALE,SANTA CLARA,CA,0.0,0.0,24.0,,1.0,,,,1.0,,1.0,,1.0,,,2.0,,,,,,,,,,,,,,,,,2.0,,,,,,,,,,,,,Motor Vehicle
859,859,859,3470738,-122.03076278700001,37.389755249000004,2007,4316,0,3,3,08,0,1,A,,Y,,,,1200,11,E,I,A,MAUDE AV,MATHILDA AV,50,W,N,2008-04-11,4316,2007-11-14,1012,10352,13,5,6,0,0,,0,001,-,N,,0,0,,,0.0,,,,N,1,A,-,22107,,N,A,H,-,A,D,0,Y,L,04,0,1,0,0,0,0,1,0,0,-,-,SUNNYVALE,SANTA CLARA,CA,0.0,0.0,45.0,,1.0,,,1.0,,1.0,,,,,,,,1.0,,,,,,,,,,,,,,,,,1.0,,,,,,,,,,,Bicycle
860,860,860,3470747,-122.03456744799999,37.3520545959,2007,4316,0,2,4,08,0,1,A,,Y,,,,900,11,D,G,A,FREMONT AV,SYDNEY DR,10,W,N,2008-04-11,4316,2007-11-20,744,14225,,5,6,0,0,,0,005,-,N,,0,0,,,0.0,,,,N,2,A,-,22107,,N,A,H,-,A,D,0,Y,L,04,0,0,1,0,0,0,1,0,0,-,-,SUNNYVALE,SANTA CLARA,CA,0.0,0.0,14.0,1.0,,,1.0,,1.0,,,2.0,,,1.0,1.0,,,,,,,,,,,,,,,,,1.0,,1.0,,,,,,,,,,,Bicycle
861,861,861,3470750,-121.99765234799999,37.3668365479,2007,4316,0,1,4,11,0,1,A,Y,,,,Y,2100,11,G,B,D,REED AV,WILLOW AV,160,E,N,2008-04-11,4316,2007-11-19,1829,15924,,5,6,0,0,,0,004,-,N,,0,0,,,0.0,,,,N,2,A,-,21954,A,N,A,H,-,C,D,0,Y,N,60,0,0,1,0,1,0,0,0,0,-,-,SUNNYVALE,SANTA CLARA,CA,0.0,0.0,66.0,,,1.0,1.0,,1.0,,,2.0,,,1.0,1.0,,,,,,,,,,,,,,,,,1.0,,,,,1.0,,,,,,,,Pedestrian
862,862,862,3470758,-122.011575461,37.3881988525,2007,4316,0,6,4,03,0,1,A,,,,,Y,2400,11,D,E,A,DUANE AV,SAN JUAN AV,40,E,N,2008-04-11,4316,2007-11-17,2335,14373,26,5,6,0,0,,0,002,-,N,,0,0,,,0.0,,,,Y,4,A,-,22350,,M,A,H,-,C,D,0,Y,A,01,0,0,1,0,0,0,0,0,0,-,-,SUNNYVALE,SANTA CLARA,CA,0.0,0.0,514.5,,1.0,1.0,1.0,2.0,,,1.0,,,,,1.0,,,,3.0,,,,,,,,,,,,,4.0,,,,,,,,,,,,,Motor Vehicle
863,863,863,3470767,-122.023747659,37.360884548,2007,4316,0,1,4,07,0,1,B,,,,,,1200,11,B,C,A,RT 82,FAIR OAKS AV,350,E,N,2008-04-17,4316,2007-11-19,1140,10329,42,5,6,0,0,,0,004,-,Y,SCL,4,82,-,-,16.09,H,-,N,N,2,A,-,21658,A,N,A,H,-,A,D,0,Y,A,01,0,0,1,0,0,0,0,0,0,-,-,SUNNYVALE,SANTA CLARA,CA,0.0,0.0,55.0,,1.0,,,1.0,,1.0,1.0,,,,,1.0,,,,,,,,,1.0,,,,,,,,2.0,,,,,,,,,,,,,Motor Vehicle
864,864,864,3470771,-122.014290318,37.35312352,2007,4316,0,3,4,03,0,2,A,,,,,,1500,11,C,C,A,RT 82,WOLFE RD,10,W,N,2008-04-17,4316,2007-11-21,1222,14129,62,5,6,0,0,,0,006,-,Y,SCL,4,82,-,-,15.33,H,-,S,Y,2,A,-,22350,,N,A,H,-,A,A,0,Y,-,-,0,0,2,0,0,0,0,0,0,-,-,SUNNYVALE,SANTA CLARA,CA,0.0,0.0,29.0,1.0,3.0,,1.0,1.0,1.0,2.0,,,,,,1.0,,,,,1.0,,,,,,,,,,,,2.0,,,,,,,,,,,,,Motor Vehicle
865,865,865,3475206,-122.037100781,37.3718833923,2007,4316,0,3,4,03,0,2,A,,,,,,1200,11,C,C,A,OLIVE AV,CHARLES AV,30,E,N,2008-05-30,4316,2007-11-28,1118,12585,33,5,6,0,0,,0,003,-,N,,0,0,,,0.0,,,,Y,2,A,-,22350,,N,A,H,-,A,D,0,Y,A,08,0,0,2,0,0,0,0,0,0,-,-,SUNNYVALE,SANTA CLARA,CA,0.0,0.0,50.0,,2.0,,,1.0,1.0,,,2.0,,,,1.0,,1.0,,,,,,,,,,,,,,,1.0,,,1.0,,,,,,,,,,Motor Vehicle
866,866,866,3475218,-122.028933055,37.3376159668,2007,4316,0,3,4,03,0,1,A,,,,,,1800,11,C,C,A,HOMESTEAD RD,BLUE JAY DR,0,,Y,2008-05-30,4316,2007-11-28,1628,14398,62,5,6,0,0,,0,006,-,N,,0,0,,,0.0,,,,N,2,A,-,22350,,N,A,H,-,A,A,0,Y,A,01,0,0,1,0,0,0,0,0,0,-,-,SUNNYVALE,SANTA CLARA,CA,0.0,0.0,39.0,,1.0,,,,1.0,1.0,,1.0,,,,1.0,,1.0,,,,,,,,,,,,,,,2.0,,,,,,,,,,,,,Motor Vehicle
867,867,867,3475222,-122.02700936299999,37.401935577399996,2007,4316,0,2,4,03,0,1,A,,,,,,1500,11,D,C,A,ROSS AV,MATHILDA AV,4,E,N,2008-05-30,4316,2007-11-27,1421,13877,12,5,6,0,0,,0,001,-,N,,0,0,,,0.0,,,,N,2,A,-,22350,,N,A,H,-,A,D,0,Y,A,01,0,0,1,0,0,0,0,0,0,-,-,SUNNYVALE,SANTA CLARA,CA,0.0,0.0,29.0,,1.0,,,1.0,,,,,1.0,1.0,,,1.0,1.0,,,,,,,,,,,,,,,2.0,,,,,,,,,,,,,Motor Vehicle
868,868,868,3475226,-122.017253059,37.3853149414,2007,4316,0,3,4,12,0,1,A,,,,,,1200,11,D,C,A,MAUDE,FAIR OAKS,0,,Y,2008-06-12,4316,2007-11-28,1039,10138,27,5,6,0,0,,0,002,-,N,,0,0,,,0.0,,,,Y,3,A,-,21453,A,N,A,H,-,A,A,0,Y,-,-,0,0,1,0,0,0,0,0,0,-,-,SUNNYVALE,SANTA CLARA,CA,0.0,0.0,66.0,,,1.0,1.0,1.0,,,1.0,1.0,1.0,,,3.0,,,,,,,,,,,,,,,,,,,,,,,,,,,,,,Motor Vehicle
869,869,869,3476086,-122.03060306100001,37.389705658000004,2007,4316,0,7,2,01,0,2,A,,,,,Y,2100,12,D,C,A,MATHILDA AV,MAUDE AV,0,,Y,2008-07-12,4316,2007-12-16,1852,14350,,5,6,0,0,,0,001,-,N,,0,0,,,0.0,,,,Y,2,A,-,23153,A,N,A,H,-,C,A,0,Y,A,07,1,0,1,0,0,0,0,0,0,-,-,SUNNYVALE,SANTA CLARA,CA,0.0,0.0,28.0,,2.0,,,1.0,1.0,,,2.0,,,1.0,1.0,,,,,,,,,,,,,,,,,1.0,1.0,,,,,,,,,,,,Motor Vehicle
870,870,870,3480396,-122.00125018600001,37.392598179000004,2007,4316,2,3,4,07,0,1,A,,,,Y,,900,12,B,C,A,RT 101,LAWRENCE EXPWY,1000,N,N,2008-07-02,9340,2007-12-12,855,01859,,1,6,0,1,,2,120,-,Y,SCL,4,101,-,-,44.04,H,-,S,Y,3,A,-,21658,A,N,A,H,-,A,D,1,Y,F,27,0,0,1,0,0,0,0,0,0,-,-,SUNNYVALE,SANTA CLARA,CA,0.0,0.0,46.0,,1.0,,,1.0,,1.0,,1.0,1.0,,,2.0,,,,,,,,,1.0,,,,,,,,2.0,,,,,,1.0,,,,,,,Motor Vehicle
871,871,871,3486753,-122.02671091200001,37.4031028748,2007,4316,0,3,4,03,0,1,A,,,,,,1500,12,C,C,A,MATHILDA AV,RT 237,3,N,N,2008-07-23,4316,2007-12-05,1349,10449,11,5,6,0,0,,0,001,-,N,,0,0,,,0.0,,,,Y,3,A,-,22350,,N,A,H,-,A,A,0,Y,A,01,0,0,1,0,0,0,0,0,0,-,-,SUNNYVALE,SANTA CLARA,CA,0.0,0.0,37.0,,1.0,,,,1.0,1.0,,2.0,,,,1.0,2.0,,,,,,,,,,,,,,,,3.0,,,,,,,,,,,,,Motor Vehicle
872,872,872,3486955,-122.041433057,37.3375167847,2007,4316,0,4,3,09,0,1,A,,,Y,,,900,11,B,C,A,HOMESTEAD RD,HOLLENBECK AV,0,,Y,2008-06-03,4316,2007-11-29,803,15837,54,5,6,0,0,,0,005,-,N,,0,0,,,0.0,,,,Y,2,A,-,21804,A,N,A,H,-,A,A,0,Y,A,01,0,1,0,0,0,0,0,0,1,-,-,SUNNYVALE,SANTA CLARA,CA,0.0,0.0,514.5,,1.0,1.0,1.0,,2.0,1.0,,1.0,,,1.0,1.0,,,,,,,,,,,,,,,,,1.0,,,,1.0,,,,,,,,,Motor Vehicle
873,873,873,3491133,-121.99623345,37.3740310669,2007,4316,4,4,4,03,0,1,A,,,,,,900,11,C,C,A,LAWRENCE EXPWY,KIFER RD,40,N,N,2008-05-23,9340,2007-11-15,851,14436,,1,6,0,2,,2,620,-,N,,0,0,,,0.0,,,,N,2,A,-,22350,,F,A,H,-,A,A,0,Y,A,01,0,0,1,0,0,0,0,0,0,-,-,SUNNYVALE,SANTA CLARA,CA,0.0,0.0,33.0,,1.0,,,1.0,,,1.0,,1.0,,,,1.0,,,,1.0,,,,,,,,,,,,2.0,,,,,,,,,,,,,Motor Vehicle
874,874,874,3492567,-122.008011639,37.352695465100005,2007,4316,0,4,3,09,0,1,A,,,,,,1200,12,D,C,A,POPLAR DR,EL CAMINO REAL,150,N,N,2008-06-26,4316,2007-12-13,1150,84361,41,5,6,0,0,,0,004,-,N,,0,0,,,0.0,,,,Y,2,A,-,21801,A,N,A,H,-,A,D,0,Y,B,01,0,1,0,0,0,0,0,0,0,-,-,SUNNYVALE,SANTA CLARA,CA,0.0,0.0,2.0,1.0,,,1.0,1.0,,1.0,,1.0,,,,1.0,,,,,,,1.0,,,,,,,,,,,,,,,,,,,2.0,,,,Motor Vehicle
875,875,875,3494991,-122.013830574,37.352892593,2007,4316,0,6,3,07,0,4,A,Y,,,,Y,600,12,B,C,F,RT 82,WOLFE RD,116,E,N,2008-07-21,4316,2007-12-01,416,15926,62,5,6,0,0,,0,006,-,Y,SCL,4,82,-,-,15.3,H,-,S,Y,3,A,-,21658,A,N,A,H,-,C,D,0,Y,A,01,0,1,3,0,1,0,0,0,0,-,-,SUNNYVALE,SANTA CLARA,CA,0.0,0.0,37.0,,4.0,,,2.0,2.0,,1.0,2.0,,,,2.0,,,,,,,,,,,,,,,,,1.0,,,1.0,,1.0,,,,,,,,Pedestrian
876,876,876,3495002,-122.034036734,37.3780479431,2007,4316,0,1,4,03,0,1,A,,,,,,1200,12,C,C,A,MATHILDA AV,WASHINGTON AV,450,N,N,2008-07-11,4316,2007-12-03,918,13250,,5,6,0,0,,0,,-,N,,0,0,,,0.0,,,,Y,2,A,-,22350,,N,A,H,-,A,D,0,Y,A,08,0,0,1,0,0,0,0,0,0,-,-,SUNNYVALE,SANTA CLARA,CA,0.0,0.0,54.0,,2.0,,,1.0,1.0,,,1.0,1.0,,,,1.0,,,,1.0,,,,,,,,,,,,2.0,,,,,,,,,,,,,Motor Vehicle
877,877,877,3495032,-121.995943058,37.4033851624,2007,4316,0,7,4,03,0,2,B,,,,,,2100,12,C,C,A,LAWRENCE EXPWY,TASMAN,45,S,N,2008-07-10,4316,2007-12-02,1935,14954,22,5,6,0,0,,0,002,-,N,,0,0,,,0.0,,,,N,3,A,-,22350,,N,A,H,-,C,A,0,Y,A,01,0,0,2,0,0,0,0,0,0,-,-,SUNNYVALE,SANTA CLARA,CA,0.0,0.0,28.0,,2.0,,,1.0,1.0,1.0,,,1.0,,,1.0,2.0,,,,,,,,,,,,,,,,3.0,,,,,,,,,,,,,Motor Vehicle
878,878,878,3495075,-121.99622863200001,37.3739242554,2007,4316,0,3,4,07,0,1,A,,,,Y,,1200,12,B,C,A,KIFER RD,LAWRENCE EXPWY,10,E,N,2008-07-02,4316,2007-12-26,1027,10449,29,5,6,0,0,,0,002,-,N,,0,0,,,0.0,,,,Y,2,A,-,21658,A,N,A,H,-,A,A,0,Y,G,25,0,0,1,0,0,0,0,0,0,-,-,SUNNYVALE,SANTA CLARA,CA,0.0,0.0,27.5,,2.0,,,2.0,,,,2.0,,,,,1.0,,,,,,,1.0,,,,,,,,,1.0,,,,,,,,1.0,,,,,Motor Vehicle
879,879,879,3495383,-122.042847005,37.402139,2007,4316,2,4,4,03,0,1,B,,,,,,1200,12,C,C,A,RT 101,RT 237,2640,N,N,2008-06-30,9340,2007-12-06,945,01208,,1,6,0,1,,2,120,C,Y,SCL,4,101,-,-,46.63,H,-,S,N,2,A,-,22350,,N,B,H,-,A,A,1,Y,A,01,0,0,1,0,0,0,0,0,0,-,-,SUNNYVALE,SANTA CLARA,CA,0.0,0.0,49.0,,1.0,,,,1.0,1.0,,1.0,,,,1.0,,,,,1.0,,,,,,,,,,,,2.0,,,,,,,,,,,,,Motor Vehicle
880,880,880,3495392,-121.996263054,37.3739242554,2007,4316,4,6,4,12,0,2,A,,,,,,2400,12,D,C,A,LAWRENCE EXPWY,KIFER RD,0,,Y,2008-06-18,9340,2007-12-01,2250,01821,,3,6,0,2,,2,610,-,N,,0,0,,,0.0,,,,Y,2,A,-,21453,A,N,A,H,-,C,A,0,Y,A,01,0,0,2,0,0,0,0,0,0,-,-,SUNNYVALE,SANTA CLARA,CA,0.0,0.0,26.333333333333332,1.0,2.0,,1.0,1.0,2.0,1.0,,1.0,,,1.0,1.0,,,,,,,,,,,,,,,,,2.0,,,,,,,,,,,,,Motor Vehicle
881,881,881,3498558,-121.99645305700001,37.3960647583,2007,4316,0,7,4,01,0,1,A,,,,,Y,300,12,F,I,A,LAKEHAVEN DR,VELVETLAKE DR,0,,Y,2008-06-25,4316,2007-12-09,212,15838,21,5,6,0,0,,0,002,-,N,,0,0,,,0.0,,,,Y,1,A,-,23152,A,N,A,H,-,C,D,0,Y,A,01,0,0,1,0,0,0,0,0,0,-,-,SUNNYVALE,SANTA CLARA,CA,0.0,0.0,48.0,,1.0,,,1.0,,,1.0,,,,1.0,,,,,,,,,,,,,,,,,,1.0,,,,,,,,,,,,,Motor Vehicle
882,882,882,3499725,-121.99592739299999,37.393379211399996,2007,4316,0,7,4,03,0,1,A,,,,,,2400,12,C,C,A,LAWRENCE EXPWY,LAKEWOOD DR,60,S,N,2008-04-09,4316,2007-12-02,2124,,,5,6,0,0,,0,,-,N,,0,0,,,0.0,,,,Y,3,A,-,22350,,F,A,H,-,C,A,0,Y,-,99,0,0,1,0,0,0,0,0,0,-,-,SUNNYVALE,SANTA CLARA,CA,0.0,0.0,11.4,4.0,1.0,,4.0,2.0,3.0,,1.0,,1.0,,,1.0,2.0,,,,,,,,,,,,,,,,2.0,,,,,,,,,,,,,Motor Vehicle
883,883,883,3499848,-122.000993798,37.3536109924,2007,4316,0,7,3,08,0,1,A,,,,,,1800,12,B,E,A,HELEN AV,RT 82,520,N,N,2008-07-02,4316,2007-12-09,1730,86125,44,5,6,0,0,,0,004,-,N,,0,0,,,0.0,,,,Y,4,A,-,22107,,F,A,H,-,C,D,0,Y,A,01,0,1,0,0,0,0,0,0,0,-,-,SUNNYVALE,SANTA CLARA,CA,0.0,0.0,23.25,1.0,3.0,,1.0,3.0,1.0,,,,,,,,,,,3.0,,,,,,,,,1.0,,,,3.0,,,1.0,,,,,,,,,,Motor Vehicle
884,884,884,3499856,-122.04144186399999,37.338272094699995,2007,4316,0,1,4,10,0,1,A,Y,,,,,1800,12,A,B,C,HOLLENBECK AV,HOMESTEAD,275,N,N,2008-07-02,4316,2007-12-10,1756,14184,54,5,6,0,0,,0,005,-,N,,0,0,,,0.0,,,,N,2,A,-,21950,A,N,A,H,-,C,A,0,Y,A,01,0,0,1,0,1,0,0,0,0,-,-,SUNNYVALE,SANTA CLARA,CA,0.0,0.0,39.0,,1.0,,,,1.0,1.0,,1.0,,,,1.0,,,,,,,,1.0,,,,,,,,,1.0,,,,,1.0,,,,,,,,Pedestrian
885,885,885,3500012,-122.0031009,37.4082182068,2007,4316,3,5,4,03,0,1,A,,,,,,2100,11,C,C,A,RT 237,LAWRENCE EXPWY,1000,E,N,2008-06-27,9340,2007-11-30,1805,01787,,2,6,0,1,,2,220,-,Y,SCL,4,237,-,R,4.41,H,-,E,Y,2,A,-,22350,,N,A,H,-,D,D,1,Y,A,01,0,0,1,0,0,0,0,0,0,-,-,SUNNYVALE,SANTA CLARA,CA,0.0,0.0,56.0,,1.0,,,,1.0,2.0,,,,,,1.0,,,,,1.0,,,,,,,,,,,,2.0,,,,,,,,,,,,,Motor Vehicle
886,886,886,3500052,-122.059809874,37.3483232382,2007,4316,3,4,3,03,0,2,A,,,,,,1800,11,C,C,A,RT 85,FREMONT AV,900,S,N,2008-06-10,9340,2007-11-29,1755,01693,,2,6,0,1,,2,085,-,Y,SCL,4,85,-,R,19.69,H,-,N,Y,3,A,-,22350,,N,A,H,-,D,D,6,Y,A,01,0,1,1,0,0,0,0,0,0,-,-,SUNNYVALE,SANTA CLARA,CA,0.0,0.0,36.5,,2.0,,,,2.0,1.0,2.0,,,,,1.0,2.0,,,,,,,,,,,,,,,,3.0,,,,,,,,,,,,,Motor Vehicle
887,887,887,3500076,-122.054160501,37.3309624194,2007,4316,3,4,4,08,0,1,A,,,,,,2400,11,E,I,A,RT 85,HOMESTEAD RD,100,S,N,2008-08-13,9340,2007-11-29,2145,01859,,2,6,0,1,,2,085,-,Y,SCL,4,85,-,R,18.301,R,2,N,Y,1,A,-,22107,,N,A,H,-,D,D,6,Y,A,01,0,0,1,0,0,0,0,0,0,-,-,SUNNYVALE,SANTA CLARA,CA,0.0,0.0,22.0,,1.0,,,,1.0,1.0,,,,,,,,,,,,,,,,,,1.0,,,,,1.0,,,,,,,,,,,,,Motor Vehicle
888,888,888,3500632,-122.019480828,37.4045013637,2007,4316,3,7,2,08,0,1,A,,,,,,1800,11,E,I,A,RT 237,MATHILDA AV,2376,E,N,2008-06-03,9340,2007-11-11,1510,01793,,2,6,0,1,,2,220,-,Y,SCL,4,237,-,R,3.47,H,-,E,Y,1,A,-,22107,,N,A,H,-,A,D,1,Y,A,01,1,0,0,0,0,0,0,0,0,-,-,SUNNYVALE,SANTA CLARA,CA,0.0,0.0,76.0,,,1.0,1.0,,1.0,,,,1.0,,,,,,,,,,,1.0,,,,,,,,,1.0,,,,,,,,,,,,,Motor Vehicle
889,889,889,3500641,-122.014116268,37.4059070784,2007,4316,3,5,4,03,0,1,A,,,,,,900,11,C,C,A,RT 237,FAIR OAKS AV,800,W,N,2008-05-27,9340,2007-11-09,750,14436,,1,6,0,1,,2,220,-,Y,SCL,4,237,-,R,3.82,H,-,W,Y,2,A,-,22350,,N,A,H,-,A,D,1,Y,D,22,0,0,1,0,0,0,0,0,0,-,-,SUNNYVALE,SANTA CLARA,CA,0.0,0.0,34.333333333333336,,3.0,,,1.0,2.0,,,1.0,1.0,,,1.0,,,,,1.0,,,,,,,,,,,,1.0,,,1.0,,,,,,,,,,Motor Vehicle
890,890,890,3500732,-122.03669306,37.36915498,2007,4316,0,6,4,09,0,1,A,,,,,,1500,12,D,C,A,RT 82,MATHILDA AV,12,W,N,2008-07-10,4316,2007-12-01,1231,10316,52,5,6,0,0,,0,003,-,Y,SCL,4,82,-,-,17.035,I,5,N,N,2,A,-,21453,B,N,A,H,-,A,A,0,Y,A,01,0,0,1,0,0,0,0,0,0,-,-,SUNNYVALE,SANTA CLARA,CA,0.0,0.0,46.0,,1.0,,,,1.0,1.0,,,1.0,,,1.0,,1.0,,,,,,,,,,,,,,,2.0,,,,,,,,,,,,,Motor Vehicle
891,891,891,3500748,-122.034985963,37.3754959106,2007,4316,0,6,4,03,0,2,B,,,,,,1200,12,C,C,A,S MATHILDA,MCKINLEY AV,140,N,N,2008-06-27,4316,2007-12-08,1112,13974,34,5,6,0,0,,0,003,-,N,,0,0,,,0.0,,,,Y,2,A,-,22350,,N,A,H,-,A,D,0,Y,A,01,0,0,2,0,0,0,0,0,0,-,-,SUNNYVALE,SANTA CLARA,CA,0.0,0.0,43.0,,2.0,,,1.0,1.0,,,2.0,,,,,1.0,,,,1.0,,,,,,,,,,,,2.0,,,,,,,,,,,,,Motor Vehicle
892,892,892,3500770,-122.031173061,37.383964538600004,2007,4316,0,5,4,04,0,1,B,,,,,,1500,12,C,C,A,CENTRAL EXPWY,SAN ANSELMO WY,0,,Y,2008-06-27,4316,2007-12-07,1204,10383,15,5,6,0,0,,0,001,-,N,,0,0,,,0.0,,,,N,2,A,-,21703,,N,B,H,-,A,D,0,Y,A,01,0,0,1,0,0,0,0,0,0,F,-,SUNNYVALE,SANTA CLARA,CA,0.0,0.0,35.0,,1.0,,,,1.0,,,2.0,,,,,,,2.0,,,,,,,,,,,,,,2.0,,,,,,,,,,,,,Motor Vehicle
893,893,893,3500782,-122.013843056,37.370643615700004,2007,4316,0,7,4,03,0,1,A,,,,,,1800,12,C,C,A,WOLFE,EVELYN,0,,Y,2008-06-27,4316,2007-12-09,1540,14183,41,5,6,0,0,,0,004,-,N,,0,0,,,0.0,,,,Y,2,A,-,22350,,N,A,H,-,A,A,0,Y,A,01,0,0,1,0,0,0,0,0,0,-,-,SUNNYVALE,SANTA CLARA,CA,0.0,0.0,39.0,,1.0,,,,1.0,1.0,,1.0,,,,1.0,1.0,,,,,,,,,,,,,,,,2.0,,,,,,,,,,,,,Motor Vehicle