,level_0,index,CASEID,POINT_X,POINT_Y,YEAR_,LOCATION,CHPTYPE,DAYWEEK,CRASHSEV,VIOLCAT,KILLED,INJURED,WEATHER1,PEDCOL,BICCOL,MCCOL,TRUCKCOL,ETOH,TIMECAT,MONTH_,CRASHTYP,INVOLVE,PED,PRIMARYRD,SECONDRD,DISTANCE,DIRECT,INTERSECT_,PROCDATE,JURIS,DATE_,TIME_,BADGE,JURIDIST,SHIFT,POP,SPECIAL,BEATTYPE,LAPDDIV,BEATCLAS,BEATNUMB,WEATHER2,STATEHW,CALTRANC,CALTRAND,STROUTE,ROUTESUF,POSTPRE,POSTMILE,LOCATYPE,RAMP,SIDEHW,TOWAWAY,PARTIES,PCF,VIOLCODE,VIOL,VIOLSUB,HITRUN,ROADSURF,RDCOND1,RDCOND2,LIGHTING,RIGHTWAY,CHPRDTYP,NOTPRIV,STFAULT,CHPFAULT,SEVINJ,OTHERINJ,COP,PEDKILL,PEDINJ,BICKILL,BICINJ,MCKILL,MCINJURE,RAMP1,RAMP2,CITY,COUNTY,STATE,X_CHP,Y_CHP,AvgVAGE,VAGE_Minor,VAGE_Working,VAGE_Senior,MobilLimAge,F_M_VSEX,F_F_VSEX,F_A_PRACE,F_H_PRACE,F_W_PRACE,F_O_PRACE,F_B_PRACE,F_E_MOVEMENT,F_B_MOVEMENT,F_A_MOVEMENT,F_D_MOVEMENT,F_P_MOVEMENT,F_O_MOVEMENT,F_H_MOVEMENT,F_L_MOVEMENT,F_F_MOVEMENT,F_R_MOVEMENT,F_J_MOVEMENT,F_Q_MOVEMENT,F_G_MOVEMENT,F_C_MOVEMENT,F_M_MOVEMENT,F_N_MOVEMENT,F_K_MOVEMENT,F_I_MOVEMENT,F_A_VEHTYPE,F_I_VEHTYPE,F_L_VEHTYPE,F_D_VEHTYPE,F_C_VEHTYPE,F_N_VEHTYPE,F_F_VEHTYPE,F_J_VEHTYPE,F_G_VEHTYPE,F_B_VEHTYPE,F_M_VEHTYPE,F_E_VEHTYPE,F_H_VEHTYPE,PrimeModeClass
894,894,894,3501438,-122.023846368,37.4037061186,2007,4316,3,7,4,08,0,1,A,,,,,,300,11,E,I,A,RT 237,MATHILDA AV,528,E,N,2008-06-18,9340,2007-11-25,135,01839,,3,6,0,1,,2,220,-,Y,SCL,4,237,-,-,3.12,H,-,W,Y,1,A,-,22107,,N,A,H,-,C,D,1,Y,A,01,0,0,1,0,0,0,0,0,0,-,-,SUNNYVALE,SANTA CLARA,CA,0.0,0.0,15.0,2.0,,,2.0,1.0,2.0,1.0,,,,,,,,,,,,,,1.0,,,,,,,,,1.0,,,,,,,,,,,,,Motor Vehicle
895,895,895,3503079,-122.04145416700001,37.3411407471,2007,4316,0,6,4,09,0,2,A,,,,,,1800,12,D,C,A,HOLLENBECK AV,HOMESTEAD RD,1320,N,N,2008-06-26,4316,2007-12-15,1752,14398,53,5,6,0,0,,0,005,-,N,,0,0,,,0.0,,,,Y,2,A,-,21804,A,N,A,H,-,C,D,0,Y,A,01,0,0,2,0,0,0,0,0,0,-,-,SUNNYVALE,SANTA CLARA,CA,0.0,0.0,58.0,,1.0,2.0,2.0,2.0,1.0,1.0,,1.0,,,,1.0,,,,,,1.0,,,,,,,,,,,2.0,,,,,,,,,,,,,Motor Vehicle
896,896,896,3503111,-122.041483925,37.3418235779,2007,4316,0,6,4,09,0,1,A,,,,,,1500,12,D,C,A,HOLLENBECK AV,GRAND COULEE AV,150,S,N,2008-06-26,4316,2007-12-08,1436,14225,,5,6,0,0,,0,005,-,N,,0,0,,,0.0,,,,Y,2,A,-,21804,A,N,A,H,-,A,D,0,Y,A,01,0,0,1,0,0,0,0,0,0,-,-,SUNNYVALE,SANTA CLARA,CA,0.0,0.0,77.0,,,1.0,1.0,,1.0,2.0,,,,,,1.0,,,,,,1.0,,,,,,,,,,,2.0,,,,,,,,,,,,,Motor Vehicle
897,897,897,3511324,-122.03698306,37.36921498,2007,4316,0,4,4,04,0,1,B,,,,,,1200,12,C,C,A,RT 82,MATHILDA AV,41,W,N,2008-07-03,4316,2007-12-20,922,56593,33,5,6,0,0,,0,003,-,Y,SCL,4,82,-,-,17.05,H,-,N,N,2,A,-,21703,,N,B,H,-,A,A,0,Y,A,01,0,0,1,0,0,0,0,0,0,-,-,SUNNYVALE,SANTA CLARA,CA,0.0,0.0,33.0,,1.0,,,,1.0,1.0,,,1.0,,,2.0,,,,,,,,,,,,,,,,,2.0,,,,,,,,,,,,,Motor Vehicle
898,898,898,3511352,-122.024354711,37.361396045999996,2007,4316,0,5,3,03,0,4,A,,,,,,1500,12,C,C,A,RT 82,S FAIR OAKS AV,130,E,N,2008-07-03,4316,2007-12-21,1315,15923,42,5,6,0,0,,0,004,-,Y,SCL,4,82,-,-,16.14,H,-,N,Y,5,A,-,22350,,N,A,H,-,A,A,0,Y,A,01,0,1,3,0,0,0,0,0,0,-,-,SUNNYVALE,SANTA CLARA,CA,0.0,0.0,34.5,,4.0,,,3.0,1.0,2.0,,3.0,,,,1.0,4.0,,,,,,,,,,,,,,,,5.0,,,,,,,,,,,,,Motor Vehicle
899,899,899,3511446,-122.021853061,37.4039649827,2007,4316,0,4,4,12,0,1,A,,,,,,2100,12,D,C,A,MATHILDA AV,RT 237,0,,Y,2008-07-25,4316,2007-12-20,1831,14373,12,5,6,0,0,,0,001,-,Y,SCL,4,237,-,-,3.174,R,4,E,Y,2,A,-,21453,A,N,A,H,-,C,A,0,Y,A,01,0,0,1,0,0,0,0,0,0,-,E,SUNNYVALE,SANTA CLARA,CA,0.0,0.0,40.0,,2.0,,,2.0,,1.0,,1.0,,,1.0,1.0,,,,,,,,,,,,,,,,,2.0,,,,,,,,,,,,,Motor Vehicle
900,900,900,3511450,-122.039891491,37.36978459,2007,4316,0,2,4,03,0,1,C,,,,,,1200,12,C,C,A,RT 82,HOLLENBECK AV,250,E,N,2008-07-16,4316,2007-12-18,1048,84361,52,5,6,0,0,,0,005,-,Y,SCL,4,82,-,-,17.21,H,-,S,Y,2,A,-,22350,,N,B,H,-,A,D,0,Y,A,01,0,0,1,0,0,0,0,0,0,-,-,SUNNYVALE,SANTA CLARA,CA,0.0,0.0,49.0,,1.0,,,,1.0,1.0,,1.0,,,,1.0,,,,,1.0,,,,,,,,,,,,2.0,,,,,,,,,,,,,Motor Vehicle
901,901,901,3511647,-122.00026305700001,37.392334984,2007,4316,4,4,4,12,0,1,A,,,,,,1200,12,D,C,A,LAWRENCE EXPWY,RT 101,0,,Y,2008-07-08,9340,2007-12-13,910,01622,,1,6,0,2,,2,620,-,Y,SCL,4,101,-,-,43.953,R,4,S,Y,2,A,-,21453,A,N,A,H,-,A,A,1,Y,A,01,0,0,1,0,0,0,0,0,0,-,S,SUNNYVALE,SANTA CLARA,CA,0.0,0.0,54.0,,1.0,,,,1.0,1.0,,,1.0,,,1.0,,,,,1.0,,,,,,,,,,,,2.0,,,,,,,,,,,,,Motor Vehicle
902,902,902,3513500,-121.99842105399999,37.392011534,2007,4316,2,3,3,03,0,1,B,,,Y,,,1200,12,C,C,A,RT 101,LAWRENCE EXPWY,20,N,N,2008-07-25,9340,2007-12-05,1000,17976,,1,6,0,1,,2,120,-,Y,SCL,4,101,-,-,43.86,H,-,N,Y,2,A,-,22350,,N,A,H,-,A,D,1,Y,C,02,0,1,0,0,0,0,0,0,1,-,-,SUNNYVALE,SANTA CLARA,CA,0.0,0.0,26.0,,1.0,,,1.0,,,,2.0,,,,1.0,,,,,1.0,,,,,,,,,,,,1.0,,,,1.0,,,,,,,,,Motor Vehicle
903,903,903,3513746,-121.991553055,37.389984984,2007,4316,2,5,4,03,0,1,A,,,Y,,,1200,11,F,I,A,RT 101,LAWRENCE EXPWY,150,S,N,2008-06-19,9340,2007-11-30,1040,01843,,1,6,0,1,,2,120,-,Y,SCL,4,101,-,-,43.753,R,2,N,Y,1,A,-,22350,,N,A,H,-,A,D,1,Y,C,02,0,0,1,0,0,0,0,0,1,T,-,SUNNYVALE,SANTA CLARA,CA,0.0,0.0,55.0,,1.0,,,1.0,,,1.0,,,,,1.0,,,,,,,,,,,,,,,,,,,,,1.0,,,,,,,,,Motor Vehicle
904,904,904,3517780,-122.028419875,37.364747165,2007,4316,0,5,4,12,0,2,A,,,,,,1200,12,D,C,A,RT 82,CEZANNE DR,0,,Y,2008-06-26,4316,2007-12-14,1146,14374,42,5,6,0,0,,0,004,-,Y,SCL,4,82,-,-,16.471,I,5,N,Y,2,A,-,21453,A,N,A,H,-,A,A,0,Y,A,01,0,0,2,0,0,0,0,0,0,-,-,SUNNYVALE,SANTA CLARA,CA,0.0,0.0,50.0,,1.0,1.0,1.0,1.0,1.0,1.0,1.0,,,,1.0,1.0,,,,,,,,,,,,,,,,,2.0,,,,,,,,,,,,,Motor Vehicle
905,905,905,3520149,-122.009191111,37.394977604,2007,4316,2,7,2,08,0,2,A,,,,,Y,300,12,E,I,A,RT 101,FAIR OAKS AV,528,S,N,2008-07-02,9340,2007-12-09,250,01867,,3,6,0,1,,2,120,-,Y,SCL,4,101,-,-,44.72,H,-,N,Y,1,A,-,22107,,N,A,H,-,C,D,1,Y,A,01,1,1,0,0,0,0,0,0,0,-,-,SUNNYVALE,SANTA CLARA,CA,0.0,0.0,24.0,,2.0,,,1.0,1.0,,1.0,,,,,,,,,,,,,1.0,,,,,,,,,1.0,,,,,,,,,,,,,Motor Vehicle
906,906,906,3523684,-122.008073058,37.388305664099995,2007,4316,0,4,3,-,0,1,A,Y,,,,,1800,8,G,B,B,SAN MIGUEL AV,DUANE AV,0,,Y,2008-03-24,4316,2007-08-23,1730,15143,21,5,6,0,0,,0,002,-,N,,0,0,,,0.0,,,,N,2,A,-,0,,N,A,H,-,A,D,0,Y,A,01,0,1,0,0,1,0,0,0,0,-,-,SUNNYVALE,SANTA CLARA,CA,0.0,0.0,27.0,,1.0,,,1.0,,,2.0,,,,,2.0,,,,,,,,,,,,,,,,,1.0,,,,,1.0,,,,,,,,Pedestrian
907,907,907,3523755,-122.01504660100001,37.396059439,2007,4316,2,4,4,03,0,1,A,,,,,,600,8,C,C,A,RT 101,FAIR OAKS AV,500,N,N,2008-04-07,9340,2007-08-09,325,01622,,3,6,0,1,,2,120,-,Y,SCL,4,101,-,-,44.92,H,-,S,N,2,A,-,22350,,F,A,H,-,C,D,1,Y,-,99,0,0,1,0,0,0,0,0,0,-,-,SUNNYVALE,SANTA CLARA,CA,0.0,0.0,60.0,,1.0,,,1.0,,,,1.0,,,,2.0,,,,,,,,,,,,,,,,,1.0,,,,,,,,,,,,,Motor Vehicle
908,908,908,3525744,-122.04143435299999,37.3375854492,2007,4316,0,1,4,03,0,1,A,,,,,,1500,12,C,C,A,HOLLENBECK AV,HOMESTEAD RD,25,N,N,2008-07-03,4316,2007-12-24,1230,14225,,5,6,0,0,,0,005,-,N,,0,0,,,0.0,,,,N,2,A,-,22350,,N,A,H,-,A,A,0,Y,A,01,0,0,1,0,0,0,0,0,0,-,-,SUNNYVALE,SANTA CLARA,CA,0.0,0.0,29.5,1.0,1.0,,1.0,2.0,,1.0,,1.0,,,,1.0,1.0,,,,,,,,,,,,,,,,2.0,,,,,,,,,,,,,Motor Vehicle
909,909,909,3527201,-122.03228948700001,37.3590240479,2008,4316,0,6,4,01,0,1,B,,,,,,1200,1,C,C,A,REMINGTON DR,SUNNYVALE SARATOGA RD,33,E,N,2008-08-13,4316,2008-01-05,918,56593,61,5,6,0,0,,0,006,-,N,,0,0,,,0.0,,,,N,2,A,-,23152,A,N,A,H,-,A,A,0,Y,A,01,0,0,1,0,0,0,0,0,0,-,-,SUNNYVALE,SANTA CLARA,CA,0.0,0.0,57.0,,1.0,,,1.0,,1.0,,1.0,,,,1.0,1.0,,,,,,,,,,,,,,,,2.0,,,,,,,,,,,,,Motor Vehicle
910,910,910,3527249,-122.018463058,37.3816947937,2008,4316,0,4,3,03,0,1,B,,,,,,900,1,C,C,A,FAIR OAKS AV,ARQUES AV,0,,Y,2008-08-13,4316,2008-01-03,820,15839,15,5,6,0,0,,0,001,-,N,,0,0,,,0.0,,,,Y,2,A,-,22350,,N,A,H,-,A,A,0,Y,A,01,0,1,0,0,0,0,0,0,0,-,-,SUNNYVALE,SANTA CLARA,CA,0.0,0.0,59.0,,1.0,,,,1.0,1.0,,1.0,,,,1.0,,,,,1.0,,,,,,,,,,,,2.0,,,,,,,,,,,,,Motor Vehicle
911,911,911,3529373,-122.00004149899999,37.392474165,2008,4316,2,4,4,07,0,1,A,,,,Y,,2100,1,C,C,A,RT 101,LAWRENCE EXPWY,110,N,N,2008-08-28,9340,2008-01-17,1900,18108,,2,6,0,1,,2,120,-,Y,SCL,4,101,-,-,43.96,H,-,N,N,3,A,-,21658,A,N,A,H,-,C,D,1,Y,A,08,0,0,1,0,0,0,0,0,0,-,-,SUNNYVALE,SANTA CLARA,CA,0.0,0.0,57.0,,1.0,,,,1.0,1.0,,2.0,,,,1.0,,,,,1.0,,,,1.0,,,,,,,,2.0,,,,,,,,1.0,,,,,Motor Vehicle
912,912,912,3530545,-122.018343054,37.3376846313,2008,4316,0,3,4,17,0,1,A,,,,,,2100,1,A,C,A,HOMESTEAD RD,HERON AV,0,,Y,2008-08-13,4316,2008-01-02,1952,14225,6,5,6,0,0,,0,006,-,N,,0,0,,,0.0,,,,Y,2,A,-,21451,A,N,A,H,-,C,A,0,Y,A,01,0,0,1,0,0,0,0,0,0,-,-,SUNNYVALE,SANTA CLARA,CA,0.0,0.0,45.0,,1.0,,,1.0,,2.0,,,,,1.0,1.0,,,,,,,,,,,,,,,,,2.0,,,,,,,,,,,,,Motor Vehicle
913,913,913,3536234,-122.01729229200001,37.355310025,2007,4316,0,1,4,01,0,2,A,,,,,Y,2400,9,E,E,A,RT 82,MARIA LN,185,E,N,2008-04-07,4316,2007-09-24,2209,15926,62,5,6,0,0,,0,006,-,Y,SCL,4,82,-,-,15.56,H,-,S,Y,2,A,-,23152,,N,A,H,-,C,A,0,Y,A,01,0,0,2,0,0,0,0,0,0,-,-,SUNNYVALE,SANTA CLARA,CA,0.0,0.0,28.0,,3.0,,,3.0,,,,,1.0,,,1.0,,,,1.0,,,,,,,,,,,,,2.0,,,,,,,,,,,,,Motor Vehicle
914,914,914,3537708,-122.01033306,37.4028358459,2007,4316,0,7,4,17,0,1,A,,,,,,1500,12,D,C,A,TASMAN DR,FAIR OAKS AV,0,,Y,2008-07-03,4316,2007-12-30,1203,15949,21,5,6,0,0,,0,002,-,N,,0,0,,,0.0,,,,N,2,A,-,21462,,N,A,H,-,A,A,0,Y,A,01,0,0,1,0,0,0,0,0,0,-,-,SUNNYVALE,SANTA CLARA,CA,0.0,0.0,36.0,,2.0,,,,2.0,1.0,,,1.0,,1.0,1.0,,,,,,,,,,,,,,,,,2.0,,,,,,,,,,,,,Motor Vehicle
915,915,915,3541022,-121.99597305700001,37.403503418,2007,4316,0,1,3,12,0,1,A,,Y,,,,600,12,D,G,A,TASMAN,LAWRENCE,0,,Y,2008-07-01,4316,2007-12-31,519,14463,23,5,6,0,0,,0,002,-,N,,0,0,,,0.0,,,,N,2,A,-,21453,A,N,A,H,-,C,A,0,Y,L,04,0,1,0,0,0,0,1,0,0,-,-,SUNNYVALE,SANTA CLARA,CA,0.0,0.0,47.0,,1.0,,,1.0,,1.0,,1.0,,,1.0,1.0,,,,,,,,,,,,,,,,,1.0,,1.0,,,,,,,,,,,Bicycle
916,916,916,3542998,-122.014749385,37.378734588600004,2007,4316,0,3,4,03,0,1,A,,,,,,1500,11,C,C,A,CENTRAL EXPWY,WOLFE,528,W,N,2008-05-31,4316,2007-11-07,1250,67643,21,5,6,0,0,,0,002,-,N,,0,0,,,0.0,,,,Y,2,A,-,22350,,N,A,H,-,A,D,0,Y,A,,0,0,1,0,0,0,0,0,0,-,-,SUNNYVALE,SANTA CLARA,CA,0.0,0.0,38.0,,1.0,,,1.0,,1.0,,,,,,1.0,1.0,,,,,,,,,,,,,,,,2.0,,,,,,,,,,,,,Motor Vehicle
917,917,917,3543502,-121.996253054,37.366859436,2007,4316,4,3,4,03,0,1,A,,,,,,1500,12,C,C,A,LAWRENCE EXPWY,MONROE ST,5,N,N,2008-06-24,9340,2007-12-19,1315,01778,,1,6,0,2,,2,610,-,N,,0,0,,,0.0,,,,N,2,A,-,22350,,N,A,H,-,A,D,0,Y,A,08,0,0,1,0,0,0,0,0,0,-,-,SUNNYVALE,SANTA CLARA,CA,0.0,0.0,44.0,,1.0,,,1.0,,1.0,,,1.0,,,,1.0,,1.0,,,,,,,,,,,,,,2.0,,,,,,,,,,,,,Motor Vehicle
918,918,918,3548682,-122.018863058,37.380474090599996,2008,4316,0,5,1,01,2,0,B,,,,,Y,300,1,E,I,A,CENTRAL EXPWY,FAIR OAKS AV,0,,Y,2008-02-21,4316,2008-01-25,226,13542,15,5,6,0,0,,0,001,-,N,,0,0,,,0.0,,,,Y,1,A,-,23152,B,N,B,H,-,C,D,0,Y,A,01,0,0,0,0,0,0,0,0,0,-,-,SUNNYVALE,SANTA CLARA,CA,0.0,0.0,26.0,,2.0,,,2.0,,1.0,,,,,,1.0,,,,,,,,,,,,,,,,,1.0,,,,,,,,,,,,,Motor Vehicle
919,919,919,3553020,-122.031393063,37.4021149822,2007,4316,2,3,4,03,0,1,B,,,,,,600,12,E,I,A,RT 237,ELLIS ST,3696,S,N,2008-06-20,9340,2007-12-26,505,01821,,3,6,0,1,,2,120,-,Y,SCL,4,237,-,-,2.661,R,2,W,Y,1,A,-,22350,,N,B,H,-,C,D,1,Y,D,22,0,0,1,0,0,0,0,0,0,T,-,SUNNYVALE,SANTA CLARA,CA,0.0,0.0,53.0,,1.0,,,1.0,,,,1.0,,,,,,,,,,,,1.0,,,,,,,,,,,,1.0,,,,,,,,,,Motor Vehicle
920,920,920,3554088,-121.991553055,37.389984984,2007,4316,2,1,4,03,0,1,A,,,,,,1800,12,E,I,A,RT 101,LAWRENCE EXPWY,338,S,N,2008-07-30,9340,2007-12-17,1505,18680,,2,6,0,1,,2,120,-,Y,SCL,4,101,-,-,43.753,R,2,N,Y,1,A,-,22350,,N,A,H,-,A,D,1,Y,A,08,0,0,1,0,0,0,0,0,0,T,-,SUNNYVALE,SANTA CLARA,CA,0.0,0.0,38.0,,1.0,,,1.0,,,,,1.0,,,1.0,,,,,,,,,,,,,,,,,1.0,,,,,,,,,,,,,Motor Vehicle
921,921,921,3560083,-122.032446063,37.352729797399995,2008,4316,0,4,4,09,0,1,B,,Y,,,,900,1,G,G,A,SUNNYVALE SARATOGA RD,FREMONT AV,250,N,N,2008-08-13,4316,2008-01-10,725,15132,61,5,6,0,0,,0,006,-,N,,0,0,,,0.0,,,,N,2,A,-,21804,A,N,B,H,-,A,D,0,Y,A,07,0,0,1,0,0,0,1,0,0,-,-,SUNNYVALE,SANTA CLARA,CA,0.0,0.0,18.5,1.0,1.0,,1.0,2.0,,,1.0,,,1.0,,1.0,,,,,,1.0,,,,,,,,,,,1.0,,1.0,,,,,,,,,,,Bicycle
922,922,922,3560087,-122.04796618399999,37.3522453308,2008,4316,0,3,3,09,0,1,B,,Y,,,,900,1,A,G,A,FREMONT AV,FREMONT TER W,2,S,N,2008-08-13,4316,2008-01-09,808,15949,52,5,6,0,0,,0,005,-,N,,0,0,,,0.0,,,,N,2,A,-,21804,A,N,B,H,-,A,D,0,Y,A,01,0,1,0,0,0,0,1,0,0,-,-,SUNNYVALE,SANTA CLARA,CA,0.0,0.0,17.0,,1.0,,,,1.0,,,1.0,,1.0,,1.0,,,,,,,,,,1.0,,,,,,,1.0,,1.0,,,,,,,,,,,Bicycle
923,923,923,3560142,-121.996003055,37.380443573,2008,4316,0,4,4,03,0,1,C,,,,,,2100,1,C,C,A,ARQUES AV,LAWRENCE EXPWY,0,,Y,2008-08-11,4316,2008-01-10,1805,15030,2,5,6,0,0,,0,027,-,N,,0,0,,,0.0,,,,N,2,A,-,22350,,N,B,H,-,C,D,0,Y,A,01,0,0,1,0,0,0,0,0,0,-,-,SUNNYVALE,SANTA CLARA,CA,0.0,0.0,33.0,,1.0,,,,1.0,2.0,,,,,,1.0,1.0,,,,,,,,,,,,,,,,2.0,,,,,,,,,,,,,Motor Vehicle
924,924,924,3560146,-122.02072488200001,37.3749885559,2008,4316,0,1,4,03,0,1,A,,,,,,2100,1,C,C,A,FAIR OAKS,EVELYN AV,528,N,N,2008-08-11,4316,2008-01-07,1850,15030,16,5,6,0,0,,0,001,-,N,,0,0,,,0.0,,,,N,4,A,-,22350,,F,A,H,-,C,A,0,Y,A,01,0,0,1,0,0,0,0,0,0,-,-,SUNNYVALE,SANTA CLARA,CA,0.0,0.0,26.0,,1.0,,,,1.0,2.0,,,1.0,,,1.0,3.0,,,,,,,,,,,,,,,,4.0,,,,,,,,,,,,,Motor Vehicle
925,925,925,3560150,-122.020272542,37.3813896179,2008,4316,0,4,3,03,0,1,B,,Y,,,,1800,1,E,I,A,CENTRAL EXPWY,FAIROAKS AV,528,W,N,2008-08-11,4316,2008-01-10,1542,10329,28,5,6,0,0,,0,002,-,N,,0,0,,,0.0,,,,N,1,A,-,22350,,N,B,H,-,A,D,0,Y,L,04,0,1,0,0,0,0,1,0,0,-,-,SUNNYVALE,SANTA CLARA,CA,0.0,0.0,51.0,,1.0,,,1.0,,,,1.0,,,,1.0,,,,,,,,,,,,,,,,,,,1.0,,,,,,,,,,,Bicycle
926,926,926,3560158,-122.021744313,37.4140319824,2008,4316,0,3,4,18,0,1,B,,,,,,1200,1,A,J,A,BORDEAUX DR,JAVA DR,528,N,N,2008-08-11,4316,2008-01-09,1142,15925,11,5,6,0,0,,0,001,-,N,,0,0,,,0.0,,,,Y,1,C,-,0,,N,B,H,-,A,D,0,Y,-,-,0,0,1,0,0,0,0,0,0,-,-,SUNNYVALE,SANTA CLARA,CA,0.0,0.0,38.0,,1.0,,,1.0,,,,1.0,,,,1.0,,,,,,,,,,,,,,,,,1.0,,,,,,,,,,,,,Motor Vehicle
927,927,927,3560197,-121.996464713,37.3728370667,2008,4316,4,3,3,03,0,2,A,,,,,,1200,1,C,C,A,LAWRENCE EXPWY,KIFER RD,400,S,N,2008-08-12,9340,2008-01-02,930,01866,,1,6,0,2,,2,610,-,N,,0,0,,,0.0,,,,Y,2,A,-,22350,,N,A,H,-,A,D,0,Y,A,07,0,1,1,0,0,0,0,0,0,-,-,SUNNYVALE,SANTA CLARA,CA,0.0,0.0,12.2,4.0,1.0,,4.0,3.0,2.0,1.0,1.0,,,,,1.0,,,,,1.0,,,,,,,,,,,,2.0,,,,,,,,,,,,,Motor Vehicle
928,928,928,3560217,-122.026672801,37.398588364,2008,4316,2,2,3,01,0,3,A,,,,,Y,300,1,D,C,A,RT 101,MATHILDA AV,333,S,N,2008-10-07,9340,2008-01-01,158,01825,,3,6,0,1,,2,120,-,Y,SCL,4,101,-,-,45.72,H,-,S,Y,2,A,-,23152,A,N,A,H,-,D,D,1,Y,A,07,0,3,0,0,0,0,0,0,0,-,-,SUNNYVALE,SANTA CLARA,CA,0.0,0.0,36.5,,4.0,,,3.0,1.0,,1.0,,1.0,,,1.0,,,,,,1.0,,,,,,,,,,,1.0,,,1.0,,,,,,,,,,Motor Vehicle
929,929,929,3565228,-122.036863059,37.3590164185,2008,4316,0,6,4,03,0,1,A,,,,,,1500,1,C,C,A,REMINGTON,SPINOSA,0,,Y,2008-08-15,4316,2008-01-12,1457,14379,,5,6,0,0,,0,005,-,N,,0,0,,,0.0,,,,N,2,A,-,22350,,N,A,H,-,A,D,0,Y,D,22,0,0,1,0,0,0,0,0,0,-,-,SUNNYVALE,SANTA CLARA,CA,0.0,0.0,19.0,1.0,1.0,,1.0,,2.0,,,2.0,,,,1.0,1.0,,,,,,,,,,,,,,,,1.0,,,1.0,,,,,,,,,,Motor Vehicle
930,930,930,3565240,-122.039318311,37.3375205994,2008,4316,0,1,4,09,0,2,A,,,,,,900,1,D,C,A,HOMESTEAD RD,ONTARIO DR,138,E,N,2008-08-15,4316,2008-01-14,854,14374,54,5,6,0,0,,0,002,-,N,,0,0,,,0.0,,,,Y,2,A,-,21804,A,N,A,H,-,A,D,0,Y,D,22,0,0,2,0,0,0,0,0,0,-,-,SUNNYVALE,SANTA CLARA,CA,0.0,0.0,40.5,,2.0,,,,2.0,1.0,,1.0,,,,1.0,,,,,,1.0,,,,,,,,,,,1.0,,,1.0,,,,,,,,,,Motor Vehicle
931,931,931,3565881,-122.02319305799999,37.367343902600005,2008,4316,0,5,4,04,0,2,B,,,,,,1200,1,C,C,A,FAIR OAKS,OLD SAN FRANCISCO RD,0,,Y,2008-08-15,4316,2008-01-11,934,12585,41,5,6,0,0,,0,004,-,N,,0,0,,,0.0,,,,Y,3,A,-,21703,,N,B,H,-,A,D,0,Y,A,01,0,0,2,0,0,0,0,0,0,-,-,SUNNYVALE,SANTA CLARA,CA,0.0,0.0,41.5,,2.0,,,1.0,1.0,2.0,,,1.0,,,1.0,,,,,2.0,,,,,,,,,,,,3.0,,,,,,,,,,,,,Motor Vehicle
932,932,932,3565885,-121.99597305700001,37.403503418,2008,4316,0,6,4,12,0,1,A,,,,,,1200,1,D,C,A,LAWRENCE EXPWY,TASMAN DR,0,,Y,2008-08-15,4316,2008-01-12,1138,13542,23,5,6,0,0,,0,002,-,N,,0,0,,,0.0,,,,Y,2,A,-,21453,A,N,A,H,-,A,B,0,Y,A,07,0,0,1,0,0,0,0,0,0,-,-,SUNNYVALE,SANTA CLARA,CA,0.0,0.0,25.0,1.0,1.0,,1.0,,2.0,,,2.0,,,,2.0,,,,,,,,,,,,,,,,,2.0,,,,,,,,,,,,,Motor Vehicle
933,933,933,3569492,-122.01631822700001,37.3376960754,2008,4316,0,4,4,03,0,2,A,,,,,,1500,1,C,C,A,HOMESTEAD RD,LINNET LN,45,E,N,2008-08-20,4316,2008-01-17,1204,13860,62,5,6,0,0,,0,006,-,N,,0,0,,,0.0,,,,N,2,A,-,22350,,N,A,H,-,A,D,0,Y,A,01,0,0,2,0,0,0,0,0,0,-,-,SUNNYVALE,SANTA CLARA,CA,0.0,0.0,33.0,,2.0,,,1.0,1.0,2.0,,,,,,,1.0,,,,1.0,,,,,,,,,,,,2.0,,,,,,,,,,,,,Motor Vehicle
934,934,934,3569520,-122.000588975,37.352354981,2008,4316,0,4,4,03,0,1,A,,,,,,1800,1,C,C,A,EL CAMINO REAL,HELEN AV,20,E,N,2008-10-25,4316,2008-01-17,1616,15030,43,5,6,0,0,,0,004,-,Y,SCL,4,82,-,-,14.57,H,-,N,N,2,A,-,22350,,F,A,H,-,A,D,0,Y,A,07,0,0,1,0,0,0,0,0,0,-,-,SUNNYVALE,SANTA CLARA,CA,0.0,0.0,66.0,,,1.0,1.0,,1.0,1.0,,,,,,1.0,1.0,,,,,,,,,,,,,,,,2.0,,,,,,,,,,,,,Motor Vehicle
935,935,935,3569541,-122.044293057,37.3375167847,2008,4316,0,5,2,01,0,2,A,,,,,Y,2100,1,D,C,A,HOMESTEAD RD,NORANDA DR,0,,Y,2008-08-20,4316,2008-01-18,1916,15030,53,5,6,0,0,,0,005,-,N,,0,0,,,0.0,,,,Y,2,A,-,23152,A,N,A,H,-,C,D,0,Y,A,01,1,0,1,0,0,0,0,0,0,-,-,SUNNYVALE,SANTA CLARA,CA,0.0,0.0,29.0,,2.0,,,1.0,1.0,1.0,,1.0,,,,1.0,,,,,,1.0,,,,,,,,,,,2.0,,,,,,,,,,,,,Motor Vehicle