,level_0,index,CASEID,POINT_X,POINT_Y,YEAR_,LOCATION,CHPTYPE,DAYWEEK,CRASHSEV,VIOLCAT,KILLED,INJURED,WEATHER1,PEDCOL,BICCOL,MCCOL,TRUCKCOL,ETOH,TIMECAT,MONTH_,CRASHTYP,INVOLVE,PED,PRIMARYRD,SECONDRD,DISTANCE,DIRECT,INTERSECT_,PROCDATE,JURIS,DATE_,TIME_,BADGE,JURIDIST,SHIFT,POP,SPECIAL,BEATTYPE,LAPDDIV,BEATCLAS,BEATNUMB,WEATHER2,STATEHW,CALTRANC,CALTRAND,STROUTE,ROUTESUF,POSTPRE,POSTMILE,LOCATYPE,RAMP,SIDEHW,TOWAWAY,PARTIES,PCF,VIOLCODE,VIOL,VIOLSUB,HITRUN,ROADSURF,RDCOND1,RDCOND2,LIGHTING,RIGHTWAY,CHPRDTYP,NOTPRIV,STFAULT,CHPFAULT,SEVINJ,OTHERINJ,COP,PEDKILL,PEDINJ,BICKILL,BICINJ,MCKILL,MCINJURE,RAMP1,RAMP2,CITY,COUNTY,STATE,X_CHP,Y_CHP,AvgVAGE,VAGE_Minor,VAGE_Working,VAGE_Senior,MobilLimAge,F_M_VSEX,F_F_VSEX,F_A_PRACE,F_H_PRACE,F_W_PRACE,F_O_PRACE,F_B_PRACE,F_E_MOVEMENT,F_B_MOVEMENT,F_A_MOVEMENT,F_D_MOVEMENT,F_P_MOVEMENT,F_O_MOVEMENT,F_H_MOVEMENT,F_L_MOVEMENT,F_F_MOVEMENT,F_R_MOVEMENT,F_J_MOVEMENT,F_Q_MOVEMENT,F_G_MOVEMENT,F_C_MOVEMENT,F_M_MOVEMENT,F_N_MOVEMENT,F_K_MOVEMENT,F_I_MOVEMENT,F_A_VEHTYPE,F_I_VEHTYPE,F_L_VEHTYPE,F_D_VEHTYPE,F_C_VEHTYPE,F_N_VEHTYPE,F_F_VEHTYPE,F_J_VEHTYPE,F_G_VEHTYPE,F_B_VEHTYPE,F_M_VEHTYPE,F_E_VEHTYPE,F_H_VEHTYPE,PrimeModeClass
979,979,979,3611489,-122.05054306,37.3523864746,2008,4316,0,4,4,03,0,1,A,,,,,,1800,2,C,C,A,MARY AV,FREMONT AV,110,N,N,2008-08-28,4316,2008-02-21,1747,13877,51,5,6,0,0,,0,005,-,N,,0,0,,,0.0,,,,N,3,A,-,22350,,N,A,H,-,B,D,0,Y,A,01,0,0,1,0,0,0,0,0,0,-,-,SUNNYVALE,SANTA CLARA,CA,0.0,0.0,47.0,,1.0,,,,1.0,,,2.0,1.0,,,1.0,2.0,,,,,,,,,,,,,,,,3.0,,,,,,,,,,,,,Motor Vehicle
980,980,980,3611497,-122.02502305700001,37.361713409400004,2008,4316,0,6,4,03,0,1,B,,,,,,1500,2,C,C,A,EL CAMINO REAL,FAIR OAKS,0,,Y,2008-08-28,4316,2008-02-23,1445,14230,42,5,6,0,0,,0,004,C,N,,0,0,,,0.0,,,,N,2,A,-,22350,,N,B,H,-,A,A,0,Y,A,01,0,0,1,0,0,0,0,0,0,-,-,SUNNYVALE,SANTA CLARA,CA,0.0,0.0,23.0,,1.0,,,,1.0,,,1.0,1.0,,,1.0,1.0,,,,,,,,,,,,,,,,2.0,,,,,,,,,,,,,Motor Vehicle
981,981,981,3611509,-122.02358867,37.3634109497,2008,4316,0,2,3,09,0,1,A,,,,,,900,2,D,C,A,IRIS,FAIR OAKS,250,E,N,2008-08-28,4316,2008-02-26,800,88884,42,5,6,0,0,,0,004,-,N,,0,0,,,0.0,,,,Y,3,A,-,21804,A,N,A,H,-,A,D,0,Y,-,-,0,1,0,0,0,0,0,0,0,-,-,SUNNYVALE,SANTA CLARA,CA,0.0,0.0,23.0,,1.0,,,,1.0,,2.0,,,,,1.0,,,,1.0,,1.0,,,,,,,,,,,,,,,,,,,,,,,,Motor Vehicle
982,982,982,3611517,-122.04814306200001,37.3729057312,2008,4316,0,1,4,12,0,2,A,,,,,,900,2,D,C,A,MARY RD,OLIVE AV,0,,Y,2008-08-28,4316,2008-02-25,826,11145,32,5,6,0,0,,0,003,-,N,,0,0,,,0.0,,,,Y,2,A,-,22450,A,N,A,H,-,A,A,0,Y,A,08,0,0,2,0,0,0,0,0,0,-,-,SUNNYVALE,SANTA CLARA,CA,0.0,0.0,22.333333333333332,2.0,1.0,,2.0,1.0,2.0,,,,,,,2.0,,,,,,,,,,,,,,,,,2.0,,,,,,,,,,,,,Motor Vehicle
983,983,983,3619040,-121.990297429,37.389434829,2008,4316,2,3,4,08,0,1,B,,,,,,1200,2,E,I,A,RT 101,LAWRENCE EXPWY,1056,S,N,2008-10-10,9340,2008-02-20,1035,13097,,1,6,0,1,,2,120,-,Y,SCL,4,101,-,-,43.64,H,-,S,N,1,A,-,22107,,N,B,H,-,A,D,1,Y,A,01,0,0,1,0,0,0,0,0,0,-,-,SUNNYVALE,SANTA CLARA,CA,0.0,0.0,46.0,,1.0,,,1.0,,1.0,,,,,,,,,,,,,,1.0,,,,,,,,,1.0,,,,,,,,,,,,,Motor Vehicle
984,984,984,3620958,-122.03292858399999,37.368185200999996,2008,4316,0,2,4,00,0,2,A,,,,,,2100,2,D,C,A,RT 82,MURPHY AV,0,,Y,2008-09-29,4316,2008-02-26,1941,15949,34,5,6,0,0,,0,003,-,Y,SCL,4,82,-,-,16.822,I,5,N,N,2,D,-,0,,N,A,H,-,C,A,0,Y,-,-,0,0,2,0,0,0,0,0,0,-,-,SUNNYVALE,SANTA CLARA,CA,0.0,0.0,28.5,1.0,1.0,,1.0,1.0,1.0,1.0,,1.0,,,1.0,1.0,,,,,,,,,,,,,,,,,2.0,,,,,,,,,,,,,Motor Vehicle
985,985,985,3626190,-122.058363059,37.332114974,2008,4316,1,6,4,08,0,1,A,,,,,,1500,2,E,I,A,RT 280,RT 85,35,N,N,2008-10-09,9340,2008-02-09,1250,01778,,1,6,0,1,,2,282,-,Y,SCL,4,280,-,-,10.770999999999999,R,3,S,Y,1,A,-,22107,,N,A,H,-,A,D,1,Y,A,01,0,0,1,0,0,0,0,0,0,T,-,SUNNYVALE,SANTA CLARA,CA,0.0,0.0,338.0,2.0,,1.0,3.0,1.0,2.0,,,1.0,,,,,,,,,,,,1.0,,,,,,,,,1.0,,,,,,,,,,,,,Motor Vehicle
986,986,986,3626974,-121.996464713,37.3728370667,2008,4316,4,5,4,07,0,1,A,,,,,,1200,2,C,C,A,LAWRENCE EXPWY,KIFER RD,400,S,N,2008-08-20,9340,2008-02-15,1140,01868,,1,6,0,2,,2,610,-,N,,0,0,,,0.0,,,,Y,2,A,-,21658,A,N,A,H,-,A,A,0,Y,A,01,0,0,1,0,0,0,0,0,0,-,-,SUNNYVALE,SANTA CLARA,CA,0.0,0.0,57.0,,1.0,,,,1.0,1.0,,,,1.0,,1.0,1.0,,,,,,,,,,,,,,,,2.0,,,,,,,,,,,,,Motor Vehicle
987,987,987,3627005,-122.031896251,37.401828553200005,2008,4316,3,2,4,03,0,1,A,,,,,,2400,2,C,C,A,RT 237,MATHILDA AV,850,W,N,2008-09-24,9340,2008-02-12,2120,01825,,2,6,0,1,,2,220,-,Y,SCL,4,237,-,-,2.83,H,-,E,Y,2,A,-,22350,,N,A,H,-,D,D,1,Y,A,01,0,0,1,0,0,0,0,0,0,-,-,SUNNYVALE,SANTA CLARA,CA,0.0,0.0,37.0,,1.0,,,,1.0,1.0,,1.0,,,,1.0,1.0,,,,,,,,,,,,,,,,2.0,,,,,,,,,,,,,Motor Vehicle
988,988,988,3629817,-121.996272338,37.3738822937,2008,4316,4,1,4,03,0,1,B,,,,,,900,2,C,C,A,LAWRENCE EXPWY,KIFER RD,16,S,N,2008-09-15,9340,2008-02-25,640,01873,,1,6,0,2,,2,610,C,N,,0,0,,,0.0,,,,N,2,A,-,22350,,F,B,H,-,A,D,0,Y,A,01,0,0,1,0,0,0,0,0,0,-,-,SUNNYVALE,SANTA CLARA,CA,0.0,0.0,41.0,,1.0,,,1.0,,,2.0,,,,,1.0,1.0,,,,,,,,,,,,,,,,2.0,,,,,,,,,,,,,Motor Vehicle
989,989,989,3639554,-122.00568386100001,37.394062359,2008,4316,2,2,3,01,0,1,A,,,,,Y,2400,3,E,I,A,RT 101,FAIR OAKS BL,2112,S,N,2008-09-30,9340,2008-03-04,2250,01868,,3,6,0,1,,2,120,-,Y,SCL,4,101,-,-,44.43,H,-,N,Y,1,A,-,23152,A,N,A,H,-,D,D,1,Y,D,22,0,1,0,0,0,0,0,0,0,-,-,SUNNYVALE,SANTA CLARA,CA,0.0,0.0,24.0,,2.0,,,1.0,1.0,,,1.0,,,,,,,,,,,,1.0,,,,,,,,,,,,1.0,,,,,,,,,,Motor Vehicle
990,990,990,3640014,-122.022423019,37.3522567749,2008,4316,0,5,3,-,0,1,A,,,,,,1500,3,F,I,A,FREMONT,REMBRANDT,93,E,N,2008-10-02,4316,2008-03-07,1244,44611,61,5,6,0,0,,0,006,-,N,,0,0,,,0.0,,,,Y,1,-,-,0,,N,A,H,-,A,A,0,Y,-,-,0,1,0,0,0,0,0,0,0,-,-,SUNNYVALE,SANTA CLARA,CA,0.0,0.0,52.0,,1.0,,,1.0,,,,1.0,,,,1.0,,,,,,,,,,,,,,,,,,,,1.0,,,,,,,,,,Motor Vehicle
991,991,991,3640021,-122.050023059,37.340473175,2008,4316,0,1,4,09,0,2,A,,,,,,1500,3,D,C,A,S MARY,HELENA,212,S,N,2008-10-02,4316,2008-03-03,1225,14761,53,5,6,0,0,,0,005,-,N,,0,0,,,0.0,,,,Y,2,A,-,21804,A,N,A,H,-,A,D,0,Y,A,01,0,0,2,0,0,0,0,0,0,-,-,SUNNYVALE,SANTA CLARA,CA,0.0,0.0,17.0,,2.0,,,1.0,,1.0,,1.0,,,,1.0,,,,,,1.0,,,,,,,,,,,2.0,,,,,,,,,,,,,Motor Vehicle
992,992,992,3648682,-122.054991971,37.337558746300004,2008,4316,0,5,3,10,0,1,A,,Y,,,,1800,3,D,G,A,WRIGHT AV,HOMESTEAD RD,20,N,N,2008-10-11,4316,2008-03-14,1755,13250,53,5,6,0,0,,0,005,-,N,,0,0,,,0.0,,,,N,2,A,-,21950,A,N,A,H,-,A,A,0,Y,A,08,0,1,0,0,0,0,1,0,0,-,-,SUNNYVALE,SANTA CLARA,CA,0.0,0.0,12.0,1.0,,,1.0,,,,,,,,,,,1.0,,,,,,,,1.0,,,,,,,1.0,,1.0,,,,,,,,,,,Bicycle
993,993,993,3648686,-122.041523059,37.3594551086,2008,4316,0,5,4,12,0,2,A,,,,,,900,3,D,C,A,REMINGTON DR,HOLLENBECK AV,0,,Y,2008-10-11,4316,2008-03-14,747,14374,52,5,6,0,0,,0,005,B,N,,0,0,,,0.0,,,,Y,3,A,-,21453,A,N,A,H,-,A,A,0,Y,A,01,0,0,2,0,0,0,0,0,0,-,-,SUNNYVALE,SANTA CLARA,CA,0.0,0.0,31.333333333333332,1.0,2.0,,1.0,1.0,2.0,2.0,,1.0,,,1.0,1.0,,,,,,,,,,,,,,,,,3.0,,,,,,,,,,,,,Motor Vehicle
994,994,994,3651537,-121.99331304,37.390294028,2008,4316,2,4,4,03,0,2,A,,,,,,2100,3,A,C,A,RT 101,LAWRENCE EXPWY,60,S,N,2008-10-25,9340,2008-03-13,1930,17225,,2,6,0,1,,2,120,-,Y,SCL,4,101,-,-,43.84,H,-,S,Y,2,A,-,22350,,N,A,H,-,D,D,1,Y,A,01,0,0,2,0,0,0,0,0,0,-,-,SUNNYVALE,SANTA CLARA,CA,0.0,0.0,25.5,,2.0,,,2.0,,,2.0,,,,,2.0,,,,,,,,,,,,,,,,,2.0,,,,,,,,,,,,,Motor Vehicle
995,995,995,3651585,-122.018648212,37.404689724,2008,4316,3,3,4,07,0,1,B,,,Y,,,1500,3,D,C,A,RT 237,MATHILDA AV,2640,E,N,2008-11-12,9340,2008-03-12,1245,14436,,1,6,0,1,,2,220,-,Y,SCL,4,237,-,R,3.52,H,-,E,Y,4,A,-,21658,A,N,A,H,-,A,D,1,Y,-,99,0,0,1,0,0,0,0,0,0,-,-,SUNNYVALE,SANTA CLARA,CA,0.0,0.0,18.0,,1.0,,,,1.0,1.0,,2.0,,,,2.0,,,,,1.0,,,,1.0,,,,,,,,2.0,,,,1.0,,,,,,,,,Motor Vehicle
996,996,996,3651774,-121.996464713,37.3728370667,2008,4316,4,5,4,03,0,2,A,,,,,,1200,3,C,C,A,LAWRENCE EXPWY,KIFER RD,400,S,N,2008-10-11,9340,2008-03-14,1030,01868,,1,6,0,2,,2,610,-,N,,0,0,,,0.0,,,,Y,4,A,-,22350,,N,A,H,-,A,D,0,Y,A,08,0,0,2,0,0,0,0,0,0,-,-,SUNNYVALE,SANTA CLARA,CA,0.0,0.0,22.0,,2.0,,,1.0,1.0,,1.0,,3.0,,,3.0,,,,,1.0,,,,,,,,,,,,4.0,,,,,,,,,,,,,Motor Vehicle
997,997,997,3651777,-122.01767306100001,37.396634983,2008,4316,2,1,4,03,0,1,A,,,,,,1500,3,E,I,A,RT 101,FAIROAKS AV,800,N,N,2008-11-20,9340,2008-03-17,1230,18716,,1,6,0,1,,2,120,-,Y,SCL,4,101,-,-,44.981,R,2,S,Y,1,A,-,22350,,N,A,H,-,A,A,1,Y,D,22,0,0,1,0,0,0,0,0,0,T,-,SUNNYVALE,SANTA CLARA,CA,0.0,0.0,35.0,,1.0,,,1.0,,,1.0,,,,,,,,,,,,,,,,,1.0,,,,,,,,1.0,,,,,,,,,,Motor Vehicle
998,998,998,3657883,-122.026581011,37.3983459473,2008,4316,0,7,3,01,0,1,A,,,,,Y,600,3,E,I,A,AHWANEE AV,SAN ALESO AV,100,W,N,2008-10-07,4316,2008-03-30,401,14547,41,5,6,0,0,,0,001,-,N,,0,0,,,0.0,,,,Y,1,A,-,23152,A,N,A,H,-,C,D,0,Y,A,07,0,1,0,0,0,0,0,0,0,-,-,SUNNYVALE,SANTA CLARA,CA,0.0,0.0,35.0,,1.0,,,1.0,,,1.0,,,,,,,,,,,,,,,,,1.0,,,,,1.0,,,,,,,,,,,,,Motor Vehicle
999,999,999,3657891,-122.02098309,37.367023468,2008,4316,0,5,4,03,0,1,B,,,,,,1800,3,E,I,A,OLD SAN FRANCISCO RD,GRAND FIR AV,50,E,N,2008-10-08,4316,2008-03-28,1728,14461,41,5,6,0,0,,0,004,-,N,,0,0,,,0.0,,,,Y,1,A,-,22350,,N,B,H,-,A,D,0,Y,A,01,0,0,1,0,0,0,0,0,0,-,-,SUNNYVALE,SANTA CLARA,CA,0.0,0.0,29.0,,1.0,,,,1.0,,1.0,,,,1.0,,,,,,,,,,,,,,,,,,1.0,,,,,,,,,,,,,Motor Vehicle
1000,1000,1000,3658562,-122.03449306,37.376865386999995,2008,4316,0,4,4,03,0,1,A,,,,,,1800,3,C,C,A,MATHILDA,WASHINGTON,0,,Y,2008-10-08,4316,2008-03-20,1725,14139,33,5,6,0,0,,0,003,-,N,,0,0,,,0.0,,,,N,2,A,-,22350,,N,A,H,-,A,A,0,Y,A,01,0,0,1,0,0,0,0,0,0,-,-,SUNNYVALE,SANTA CLARA,CA,0.0,0.0,35.0,,1.0,,,,1.0,,,1.0,1.0,,,1.0,,,,,1.0,,,,,,,,,,,,2.0,,,,,,,,,,,,,Motor Vehicle
1001,1001,1001,3658574,-121.98582792100001,37.3740386963,2008,4316,0,5,4,01,0,1,A,,,,,Y,300,3,E,I,A,KIFER,CORVIN,600,E,N,2008-10-08,4316,2008-03-21,45,14956,29,5,6,0,0,,0,002,-,N,,0,0,,,0.0,,,,Y,1,A,-,23152,A,N,A,H,-,C,D,0,Y,A,01,0,0,1,0,0,0,0,0,0,-,-,SUNNYVALE,SANTA CLARA,CA,0.0,0.0,34.0,,1.0,,,1.0,,,1.0,,,,,1.0,,,,,,,,,,,,,,,,,1.0,,,,,,,,,,,,,Motor Vehicle
1002,1002,1002,3658586,-122.02615306,37.3882255554,2008,4316,0,6,4,09,0,1,A,,,,,,1200,3,A,C,A,MAUDE AV,MURPHY AV,0,,Y,2008-10-21,4316,2008-03-22,908,13974,14,5,6,0,0,,0,001,-,N,,0,0,,,0.0,,,,N,2,A,-,21801,A,N,A,H,-,A,D,0,Y,A,01,0,0,1,0,0,0,0,0,0,-,-,SUNNYVALE,SANTA CLARA,CA,0.0,0.0,37.5,,2.0,,,,2.0,,,,,2.0,1.0,1.0,,,,,,,,,,,,,,,,,1.0,,,,,,,,,1.0,,,,Motor Vehicle
1003,1003,1003,3659707,-122.03449306,37.376865386999995,2008,4316,0,3,4,03,0,1,B,,,,,,1800,3,C,C,A,MATHILDA,WASHINGTON,0,,Y,2008-09-29,4316,2008-03-26,1751,14659,34,5,6,0,0,,0,003,-,N,,0,0,,,0.0,,,,Y,2,A,-,22350,,N,A,H,-,A,A,0,Y,-,-,0,0,1,0,0,0,0,0,0,-,-,SUNNYVALE,SANTA CLARA,CA,0.0,0.0,25.5,,2.0,,,,2.0,,,,1.0,,,1.0,1.0,,,,,,,,,,,,,,,,,,,,,,,,,,,,,Motor Vehicle
1004,1004,1004,3659711,-122.00900305799999,37.388286590599996,2008,4316,0,1,3,03,0,1,A,,,,,,1800,3,C,C,A,DUANE,SAN LUISITO,0,,Y,2008-09-29,4316,2008-03-31,1643,14243,,5,6,0,0,,0,002,-,N,,0,0,,,0.0,,,,Y,2,A,-,22350,,N,A,H,-,A,D,0,Y,A,01,0,1,0,0,0,0,0,0,0,-,-,SUNNYVALE,SANTA CLARA,CA,0.0,0.0,5.0,3.0,,,3.0,1.0,2.0,1.0,1.0,,,,,2.0,,,,,,,,,,,,,,,,,2.0,,,,,,,,,,,,,Motor Vehicle
1005,1005,1005,3659741,-122.03442782200001,37.3770446777,2008,4316,0,3,4,01,0,1,B,,,,,Y,2100,3,A,I,A,MATHILDA AV,WASHINGTON AV,68,N,N,2008-09-29,4316,2008-03-26,2017,13877,33,5,6,0,0,,0,003,-,N,,0,0,,,0.0,,,,N,1,A,-,23152,A,N,A,H,-,C,D,0,Y,A,01,0,0,1,0,0,0,0,0,0,-,-,SUNNYVALE,SANTA CLARA,CA,0.0,0.0,52.0,,1.0,,,1.0,,,,,,,,,,,,,,,,,,,,,1.0,,,,1.0,,,,,,,,,,,,,Motor Vehicle
1006,1006,1006,3659745,-122.03313774600001,37.368106854000004,2008,4316,0,2,4,03,0,2,A,,,,,,2100,3,C,C,A,EL CAMINO REAL,SUNNYVALE SARATOGA,360,W,N,2008-11-13,4316,2008-03-18,1824,14659,52,5,6,0,0,,0,005,-,Y,SCL,4,82,-,-,16.83,H,-,S,N,2,A,-,22350,,N,A,H,-,A,A,0,Y,A,01,0,0,2,0,0,0,0,0,0,-,-,SUNNYVALE,SANTA CLARA,CA,0.0,0.0,70.5,,,2.0,2.0,1.0,1.0,,,,,,,2.0,,,,,,,,,,,,,,,,,2.0,,,,,,,,,,,,,Motor Vehicle
1007,1007,1007,3660817,-122.002137603,37.408423108499996,2008,4316,3,1,4,03,0,2,A,,,,,,1800,3,C,C,A,RT 237,LAWRENCE EXPWY,800,W,N,2008-11-12,9340,2008-03-17,1715,01722,,2,6,0,1,,2,220,-,Y,SCL,4,237,-,R,4.45,H,-,E,Y,3,A,-,22350,,N,A,H,-,A,D,1,Y,A,01,0,0,2,0,0,0,0,0,0,-,-,SUNNYVALE,SANTA CLARA,CA,0.0,0.0,19.666666666666668,1.0,2.0,,1.0,,3.0,,,2.0,,1.0,,2.0,,,,,1.0,,,,,,,,,,,,3.0,,,,,,,,,,,,,Motor Vehicle
1008,1008,1008,3661042,-122.03008108700001,37.3917274475,2008,4316,0,2,4,03,0,2,A,,,,,,1800,4,C,C,A,MATHILDA AV,DEL REY AV,90,S,N,2008-10-25,4316,2008-04-01,1742,13877,13,5,6,0,0,,0,001,-,N,,0,0,,,0.0,,,,N,3,A,-,22350,,N,A,H,-,A,D,0,Y,A,01,0,0,2,0,0,0,0,0,0,-,-,SUNNYVALE,SANTA CLARA,CA,0.0,0.0,44.5,,2.0,,,1.0,1.0,,,1.0,2.0,,,1.0,2.0,,,,,,,,,,,,,,,,2.0,,,,,,,,,,,,,Motor Vehicle
1009,1009,1009,3661101,-122.048717473,37.3711051941,2008,4316,0,3,3,05,0,1,B,,Y,,,,1800,4,D,G,A,MARY,EL CAMINO REAL,260,S,N,2008-10-25,4316,2008-04-02,1755,14547,52,5,6,0,0,,0,005,-,N,,0,0,,,0.0,,,,N,2,A,-,21202,A,N,A,H,-,A,D,0,Y,L,04,0,1,0,0,0,0,1,0,0,-,-,SUNNYVALE,SANTA CLARA,CA,0.0,0.0,14.0,1.0,,,1.0,1.0,,,,2.0,,,,1.0,,,,,,1.0,,,,,,,,,,,1.0,,1.0,,,,,,,,,,,Bicycle
1010,1010,1010,3667140,-121.995816961,37.3919181824,2008,4316,0,7,3,03,0,1,A,,,,,Y,300,3,C,C,A,LAWRENCE EXPWY,BRIDGEWOOD,600,S,N,2008-10-09,4316,2008-03-16,227,14956,24,5,6,0,0,,0,002,-,N,,0,0,,,0.0,,,,N,2,A,-,22350,,N,A,H,-,C,A,0,Y,A,01,0,1,0,0,0,0,0,0,0,-,-,SUNNYVALE,SANTA CLARA,CA,0.0,0.0,30.5,,2.0,,,1.0,1.0,,1.0,,1.0,,,2.0,,,,,,,,,,,,,,,,,2.0,,,,,,,,,,,,,Motor Vehicle
1011,1011,1011,3667188,-122.014749385,37.378734588600004,2008,4316,0,4,4,03,0,1,A,,,,,,1200,3,C,C,A,CENTRAL EXPWY,WOLFE,528,W,N,2008-10-29,4316,2008-03-20,905,14659,27,5,6,0,0,,0,002,-,N,,0,0,,,0.0,,,,Y,2,A,-,22350,,N,A,H,-,A,D,0,Y,A,01,0,0,1,0,0,0,0,0,0,W,-,SUNNYVALE,SANTA CLARA,CA,0.0,0.0,31.0,,1.0,,,1.0,,,,1.0,,,,,1.0,,,,,1.0,,,,,,,,,,,1.0,,,,,,,,,,,,,Motor Vehicle
1012,1012,1012,3670141,-122.04108003799999,37.37024111,2008,4316,0,3,3,05,0,1,A,,,,,,1800,3,E,I,A,EL CAMINO REAL,PASTORIA AV,100,S,N,2008-10-20,4316,2008-03-19,1635,86125,33,5,6,0,0,,0,003,-,Y,SCL,4,82,-,-,17.28,H,-,N,Y,1,A,-,21651,A,N,A,H,-,A,D,0,Y,A,08,0,1,0,0,0,0,0,0,0,-,-,SUNNYVALE,SANTA CLARA,CA,0.0,0.0,17.0,,1.0,,,1.0,,,,1.0,,,,1.0,,,,,,,,,,,,,,,,,1.0,,,,,,,,,,,,,Motor Vehicle
1013,1013,1013,3670149,-122.003343305,37.35231612,2008,4316,0,2,3,04,0,1,A,,,,,,2100,3,C,C,A,EL CAMINO REAL,SYCAMORE TER,5,W,N,2008-10-30,4316,2008-03-25,1923,14372,44,5,6,0,0,,0,004,-,Y,SCL,4,82,-,-,14.72,H,-,N,N,2,A,-,21703,,N,A,H,-,B,D,0,Y,D,22,0,1,0,0,0,0,0,0,0,-,-,SUNNYVALE,SANTA CLARA,CA,0.0,0.0,34.333333333333336,1.0,2.0,,1.0,,3.0,,,,2.0,,,2.0,,,,,,,,,,,,,,,,,1.0,,,1.0,,,,,,,,,,Motor Vehicle
1014,1014,1014,3670153,-122.03199306,37.36769498,2008,4316,0,3,4,12,0,1,B,,,,,,2100,3,A,C,A,EL CAMINO REAL,SUNNYVALE AV,0,,Y,2008-10-30,4316,2008-03-26,1948,14231,52,5,6,0,0,,0,005,-,Y,SCL,4,82,-,-,16.762,I,5,N,Y,2,A,-,21453,A,N,A,H,-,C,A,0,Y,A,01,0,0,1,0,0,0,0,0,0,-,-,SUNNYVALE,SANTA CLARA,CA,0.0,0.0,23.0,,2.0,,,1.0,,,,1.0,1.0,,1.0,1.0,,,,,,,,,,,,,,,,,2.0,,,,,,,,,,,,,Motor Vehicle
1015,1015,1015,3670157,-122.01007181799999,37.3521,2008,4316,0,4,3,21,0,1,A,,,,,,1800,3,E,I,A,NORMAN,EL CAMINO REAL,8,S,N,2008-10-30,4316,2008-03-27,1616,15143,63,5,6,0,0,,0,006,-,Y,SCL,4,82,-,-,14.991,I,6,S,Y,1,A,-,22106,,N,A,H,-,A,D,0,Y,A,01,0,1,0,0,0,0,0,0,0,-,-,SUNNYVALE,SANTA CLARA,CA,0.0,0.0,27.0,,1.0,,,1.0,,,1.0,,,,,,,,,,,,,,,,,,1.0,,,,1.0,,,,,,,,,,,,,Motor Vehicle
1016,1016,1016,3670766,-122.02767611799999,37.399023246,2008,4316,2,3,4,03,0,1,A,,,,,,1200,3,C,C,A,RT 101,MATHILDA AV,20,S,N,2008-11-05,9340,2008-03-26,1030,01778,,1,6,0,1,,2,120,-,Y,SCL,4,101,-,-,45.67,H,-,N,N,2,A,-,22350,,N,A,H,-,A,D,1,Y,A,01,0,0,1,0,0,0,0,0,0,-,-,SUNNYVALE,SANTA CLARA,CA,0.0,0.0,23.0,,1.0,,,,1.0,,,,2.0,,,1.0,1.0,,,,,,,,,,,,,,,,2.0,,,,,,,,,,,,,Motor Vehicle
1017,1017,1017,3676070,-121.98966036700001,37.389252815999996,2008,4316,2,7,4,03,0,1,A,,,,,,1500,3,C,C,A,RT 101,LAWRENCE EXPWY,1500,S,N,2008-11-13,9340,2008-03-16,1250,01778,,1,6,0,1,,2,120,-,Y,SCL,4,101,-,-,43.58,H,-,S,Y,5,A,-,22350,,N,A,H,-,A,D,1,Y,A,07,0,0,1,0,0,0,0,0,0,-,-,SUNNYVALE,SANTA CLARA,CA,0.0,0.0,19.666666666666668,2.0,4.0,,2.0,3.0,3.0,1.0,3.0,,1.0,,,1.0,2.0,,,,2.0,,,,,,,,,,,,4.0,,,1.0,,,,,,,,,,Motor Vehicle
1018,1018,1018,3679068,-121.99926363700001,37.3377952576,2008,4316,0,2,4,05,0,2,A,,Y,,,,900,4,H,A,A,HOMESTEAD,LAWRENCE EXPWY,1000,W,N,2008-10-21,4316,2008-04-22,826,12743,63,5,6,0,0,,0,006,-,N,,0,0,,,0.0,,,,N,2,A,-,21202,A,N,A,H,-,A,A,0,Y,L,04,0,0,2,0,0,0,0,0,0,-,-,SUNNYVALE,SANTA CLARA,CA,0.0,0.0,59.5,,1.0,1.0,1.0,1.0,1.0,,1.0,,1.0,,,1.0,,,,,,,,,1.0,,,,,,,,,1.0,1.0,,,,,,,,,,,Bicycle
1019,1019,1019,3683956,-122.022333062,37.403994983800004,2008,4316,0,7,3,12,0,3,A,,,,,,1800,4,D,C,A,MATHILDA AV,RT 237,0,,Y,2008-11-26,4316,2008-04-13,1517,13542,10,5,6,0,0,,0,001,-,Y,SCL,4,237,-,-,3.181,R,4,W,Y,2,A,-,21453,A,N,A,H,-,A,A,0,Y,A,01,0,1,2,0,0,0,0,0,0,-,-,SUNNYVALE,SANTA CLARA,CA,0.0,0.0,38.666666666666664,,3.0,,,1.0,2.0,2.0,,,,,1.0,1.0,,,,,,,,,,,,,,,,,2.0,,,,,,,,,,,,,Motor Vehicle
1020,1020,1020,3683960,-122.050237184,37.372170527,2008,4316,0,7,3,11,0,1,A,Y,,,,Y,300,4,G,B,D,RT 82,MARY,528,E,N,2009-01-07,4316,2008-04-13,201,15030,52,5,6,0,0,,0,005,-,Y,SCL,4,82,-,-,17.79,H,-,S,N,2,A,-,21955,,F,A,H,-,C,D,0,Y,A,07,0,1,0,0,1,0,0,0,0,-,-,SUNNYVALE,SANTA CLARA,CA,0.0,0.0,31.0,,1.0,,,1.0,,,1.0,,,,,1.0,,,,,,,,1.0,,,,,,,,,1.0,,,,,1.0,,,,,,,,Pedestrian