,level_0,index,CASEID,POINT_X,POINT_Y,YEAR_,LOCATION,CHPTYPE,DAYWEEK,CRASHSEV,VIOLCAT,KILLED,INJURED,WEATHER1,PEDCOL,BICCOL,MCCOL,TRUCKCOL,ETOH,TIMECAT,MONTH_,CRASHTYP,INVOLVE,PED,PRIMARYRD,SECONDRD,DISTANCE,DIRECT,INTERSECT_,PROCDATE,JURIS,DATE_,TIME_,BADGE,JURIDIST,SHIFT,POP,SPECIAL,BEATTYPE,LAPDDIV,BEATCLAS,BEATNUMB,WEATHER2,STATEHW,CALTRANC,CALTRAND,STROUTE,ROUTESUF,POSTPRE,POSTMILE,LOCATYPE,RAMP,SIDEHW,TOWAWAY,PARTIES,PCF,VIOLCODE,VIOL,VIOLSUB,HITRUN,ROADSURF,RDCOND1,RDCOND2,LIGHTING,RIGHTWAY,CHPRDTYP,NOTPRIV,STFAULT,CHPFAULT,SEVINJ,OTHERINJ,COP,PEDKILL,PEDINJ,BICKILL,BICINJ,MCKILL,MCINJURE,RAMP1,RAMP2,CITY,COUNTY,STATE,X_CHP,Y_CHP,AvgVAGE,VAGE_Minor,VAGE_Working,VAGE_Senior,MobilLimAge,F_M_VSEX,F_F_VSEX,F_A_PRACE,F_H_PRACE,F_W_PRACE,F_O_PRACE,F_B_PRACE,F_E_MOVEMENT,F_B_MOVEMENT,F_A_MOVEMENT,F_D_MOVEMENT,F_P_MOVEMENT,F_O_MOVEMENT,F_H_MOVEMENT,F_L_MOVEMENT,F_F_MOVEMENT,F_R_MOVEMENT,F_J_MOVEMENT,F_Q_MOVEMENT,F_G_MOVEMENT,F_C_MOVEMENT,F_M_MOVEMENT,F_N_MOVEMENT,F_K_MOVEMENT,F_I_MOVEMENT,F_A_VEHTYPE,F_I_VEHTYPE,F_L_VEHTYPE,F_D_VEHTYPE,F_C_VEHTYPE,F_N_VEHTYPE,F_F_VEHTYPE,F_J_VEHTYPE,F_G_VEHTYPE,F_B_VEHTYPE,F_M_VEHTYPE,F_E_VEHTYPE,F_H_VEHTYPE,PrimeModeClass
1064,1064,1064,3724213,-122.049323341,37.372134035,2008,4316,0,6,3,03,0,1,A,,,,,,2100,5,C,E,A,RT 82,MARY AV,250,W,N,2009-01-09,4316,2008-05-10,1852,20281,31,5,6,0,0,,0,003,-,Y,SCL,4,82,-,-,17.74,H,-,N,Y,2,A,-,22350,,N,A,H,-,A,D,0,Y,A,01,0,1,0,0,0,0,0,0,0,-,-,SUNNYVALE,SANTA CLARA,CA,0.0,0.0,18.0,,1.0,,,,1.0,,1.0,,,,,1.0,,,,1.0,,,,,,,,,,,,,2.0,,,,,,,,,,,,,Motor Vehicle
1065,1065,1065,3724215,-121.99579290700001,37.378849029499996,2008,4316,4,4,4,03,0,1,A,,,,Y,,1200,5,C,C,A,LAWRENCE EXPWY,APOLLO DR,1,N,N,2008-11-15,9340,2008-05-01,935,01208,,1,6,0,2,,2,610,-,N,,0,0,,,0.0,,,,N,2,A,-,22350,,N,A,H,-,A,A,0,Y,F,26,0,0,1,0,0,0,0,0,0,-,-,SUNNYVALE,SANTA CLARA,CA,0.0,0.0,35.0,,1.0,,,,1.0,1.0,1.0,,,,,1.0,1.0,,,,,,,,,,,,,,,,1.0,,,,,,1.0,,,,,,,Motor Vehicle
1066,1066,1066,3725202,-122.02402306100001,37.398014982,2008,4316,2,3,3,03,0,1,-,,,Y,,,2100,4,F,A,A,RT 101,MATHILDA AV,70,S,N,2009-01-19,9340,2008-04-16,2045,01722,,2,6,0,1,,2,120,-,Y,SCL,4,101,-,-,45.631,R,2,S,Y,1,A,-,22350,,N,A,H,-,D,D,1,Y,C,02,0,1,0,0,0,0,0,0,1,F,-,SUNNYVALE,SANTA CLARA,CA,0.0,0.0,20.0,,1.0,,,1.0,,1.0,,,,,,1.0,,,,,,,,,,,,,,,,,,,,,1.0,,,,,,,,,Motor Vehicle
1067,1067,1067,3725210,-122.04568127,37.402950179,2008,4316,2,4,4,03,0,1,A,,,,,,900,4,C,C,A,RT 101,ELLIS ST,1056,S,N,2008-12-06,9340,2008-04-17,810,14436,,1,6,0,1,,2,120,-,Y,SCL,4,101,-,-,46.81,H,-,N,Y,3,A,-,22350,,F,A,H,-,A,D,1,Y,D,22,0,0,1,0,0,0,0,0,0,-,-,SUNNYVALE,SANTA CLARA,CA,0.0,0.0,41.0,,1.0,,,1.0,,,1.0,,,1.0,,,,,,,3.0,,,,,,,,,,,,2.0,,,1.0,,,,,,,,,,Motor Vehicle
1068,1068,1068,3727715,-122.037793063,37.392055511500004,2008,4316,0,6,4,12,0,1,A,,,,,,1200,5,D,C,A,MAUDE AV,MARY AV,0,,Y,2008-12-02,4316,2008-05-03,919,14761,13,5,6,0,0,,0,001,-,N,,0,0,,,0.0,,,,Y,2,A,-,21453,A,N,A,H,-,A,A,0,Y,A,01,0,0,1,0,0,0,0,0,0,-,-,SUNNYVALE,SANTA CLARA,CA,0.0,0.0,57.0,,1.0,,,,1.0,,,2.0,,,,2.0,,,,,,,,,,,,,,,,,2.0,,,,,,,,,,,,,Motor Vehicle
1069,1069,1069,3732778,-122.027583062,37.399004983000005,2008,4316,0,5,4,08,0,1,A,Y,,,,,900,5,G,B,C,MATHILDA AV,RT 101,200,N,N,2008-11-20,4316,2008-05-02,727,,,5,6,0,0,,0,,-,Y,SCL,4,101,-,-,45.644,R,4,N,Y,2,A,-,22107,,N,A,H,-,A,D,0,Y,A,01,0,0,1,0,1,0,0,0,0,-,-,SUNNYVALE,SANTA CLARA,CA,0.0,0.0,43.0,,1.0,,,1.0,,1.0,,1.0,,,,,,,,,,,,,,,,,1.0,,,,1.0,,,,,1.0,,,,,,,,Pedestrian
1070,1070,1070,3739019,-122.00520369600001,37.393927125,2008,4316,2,1,3,03,0,2,B,,,,,,300,1,C,C,A,RT 101,LAWRENCE EXPWY,2865,N,N,2008-09-02,9340,2008-01-21,157,01822,,3,6,0,1,,2,120,-,Y,SCL,4,101,-,-,44.39,H,-,N,Y,2,A,-,22350,,N,B,C,-,D,D,1,Y,A,01,0,1,1,0,0,0,0,0,0,-,-,SUNNYVALE,SANTA CLARA,CA,0.0,0.0,32.5,,2.0,,,2.0,,1.0,1.0,,,,,1.0,1.0,,,,,,,,,,,,,,,,2.0,,,,,,,,,,,,,Motor Vehicle
1071,1071,1071,3739023,-122.005923944,37.394129976,2008,4316,2,1,4,03,0,4,B,,,,,,300,1,C,C,A,RT 101,LAWRENCE EXPWY,3159,N,N,2008-09-02,9340,2008-01-21,159,01822,,3,6,0,1,,2,120,-,Y,SCL,4,101,-,-,44.45,H,-,N,Y,2,A,-,22350,,N,B,C,-,D,D,1,Y,A,01,0,0,4,0,0,0,0,0,0,-,-,SUNNYVALE,SANTA CLARA,CA,0.0,0.0,28.75,,4.0,,,2.0,2.0,1.0,1.0,,,,,1.0,1.0,,,,,,,,,,,,,,,,2.0,,,,,,,,,,,,,Motor Vehicle
1072,1072,1072,3742083,-121.995882658,37.409766571,2008,4316,3,2,4,03,0,1,A,,,,,,900,5,C,C,A,RT 237,LAWRENCE EXPWY,600,E,N,2008-12-19,9340,2008-05-13,815,18831,,1,6,0,1,,2,230,-,Y,SCL,4,237,-,R,4.71,H,-,E,Y,2,A,-,22350,,N,A,H,-,A,D,1,Y,A,01,0,0,1,0,0,0,0,0,0,-,-,SUNNYVALE,SANTA CLARA,CA,0.0,0.0,27.0,,1.0,,,1.0,,,,,1.0,1.0,,1.0,,,,,1.0,,,,,,,,,,,,2.0,,,,,,,,,,,,,Motor Vehicle
1073,1073,1073,3742248,-121.99625305299999,37.3668441772,2008,4316,4,4,4,09,0,1,A,,,,,,1200,4,A,C,A,LAWRENCE EXPWY,MONROE ST,0,,Y,2008-11-06,9340,2008-04-10,1015,18716,,1,6,0,2,,2,620,-,N,,0,0,,,0.0,,,,Y,2,A,-,21453,C,N,A,H,-,A,A,0,Y,A,01,0,0,1,0,0,0,0,0,0,-,-,SUNNYVALE,SANTA CLARA,CA,0.0,0.0,32.0,,1.0,,,1.0,,1.0,,1.0,,,1.0,1.0,,,,,,,,,,,,,,,,,2.0,,,,,,,,,,,,,Motor Vehicle
1074,1074,1074,3742313,-122.053564258,37.333008736,2008,4316,1,2,4,03,0,1,A,,,,,,900,5,C,C,A,RT 280,RT 85,200,S,N,2008-12-26,9340,2008-05-20,850,18842,,1,6,0,1,,2,282,-,Y,SCL,4,280,-,-,10.7,H,-,N,N,5,A,-,22350,,N,A,H,-,A,D,1,Y,A,01,0,0,1,0,0,0,0,0,0,-,-,SUNNYVALE,SANTA CLARA,CA,0.0,0.0,25.0,,1.0,,,,1.0,1.0,1.0,3.0,,,,1.0,3.0,,,,1.0,,,,,,,,,,,,5.0,,,,,,,,,,,,,Motor Vehicle
1075,1075,1075,3743148,-122.056626815,37.337505340599996,2008,4316,0,6,3,02,0,1,A,,Y,,,,2100,4,H,G,A,HOMESTEAD RD,BERNARDO AV,400,E,N,2008-11-06,4316,2008-04-26,2007,14465,53,5,6,0,0,,0,005,-,N,,0,0,,,0.0,,,,N,2,A,-,21211,B,N,A,H,-,A,D,0,Y,A,01,0,1,0,0,0,0,1,0,0,-,-,SUNNYVALE,SANTA CLARA,CA,0.0,0.0,43.0,,1.0,,,,1.0,1.0,,,,,,1.0,,,,1.0,,,,,,,,,,,,,1.0,,1.0,,,,,,,,,,,Bicycle
1076,1076,1076,3744804,-121.99057944299999,37.4063835144,2008,4316,0,3,4,03,0,1,A,Y,,,,Y,600,5,G,B,E,ELKO DR,HAMMERWOOD AV,28,W,N,2008-11-11,4316,2008-05-21,347,14314,23,5,6,0,0,,0,002,-,N,,0,0,,,0.0,,,,N,2,A,-,22350,,F,A,H,-,C,A,0,Y,A,01,0,0,1,0,1,0,0,0,0,-,-,SUNNYVALE,SANTA CLARA,CA,0.0,0.0,33.0,,1.0,,,1.0,,,,1.0,,,,,,,,,,,,2.0,,,,,,,,,1.0,,,,,1.0,,,,,,,,Pedestrian
1077,1077,1077,3744816,-122.041441764,37.3379745483,2008,4316,0,4,4,04,0,1,A,,,Y,,,1800,5,C,C,A,HOLLENBECK,HOMESTEAD,168,N,N,2008-11-11,4316,2008-05-22,1711,20285,54,5,6,0,0,,0,005,-,N,,0,0,,,0.0,,,,N,2,A,-,21703,,N,A,H,-,A,A,0,Y,A,01,0,0,1,0,0,0,0,0,0,-,-,SUNNYVALE,SANTA CLARA,CA,0.0,0.0,42.0,,1.0,,,,1.0,,,1.0,1.0,,,2.0,,,,,,,,,,,,,,,,,1.0,,,,1.0,,,,,,,,,Motor Vehicle
1078,1078,1078,3744823,-122.014511075,37.3522529602,2008,4316,0,3,4,03,0,1,A,,,,,,900,5,C,C,A,FREMONT AV,WOLFE RD,90,W,N,2008-11-11,4316,2008-05-21,748,45148,,5,6,0,0,,0,004,-,N,,0,0,,,0.0,,,,N,3,A,-,22350,,N,A,H,-,A,A,0,Y,A,01,0,0,1,0,0,0,0,0,0,-,-,SUNNYVALE,SANTA CLARA,CA,0.0,0.0,53.0,,1.0,,,1.0,,,,3.0,,,,,2.0,,,,1.0,,,,,,,,,,,,3.0,,,,,,,,,,,,,Motor Vehicle
1079,1079,1079,3744828,-122.028366818,37.3771209717,2008,4316,0,6,3,01,0,1,A,Y,,,,Y,300,5,G,B,D,EVELYN AV,SUNNYVALE AV,134,W,N,2008-11-11,4316,2008-05-17,57,20280,32,5,6,0,0,,0,003,-,N,,0,0,,,0.0,,,,N,2,A,-,23153,A,N,A,H,-,C,D,0,Y,A,01,0,1,0,0,1,0,0,0,0,-,-,SUNNYVALE,SANTA CLARA,CA,0.0,0.0,30.0,,1.0,,,1.0,,1.0,,,,1.0,,1.0,,,,,,1.0,,,,,,,,,,,1.0,,,,,1.0,,,,,,,,Pedestrian
1080,1080,1080,3744851,-122.01182900100001,37.398799896199996,2008,4316,0,6,3,08,0,1,A,,,,,Y,2100,5,D,I,A,N FAIR OAKS AV,WEDDELL DR,44,N,N,2008-12-23,4316,2008-05-24,1901,20284,24,5,6,0,0,,0,002,-,N,,0,0,,,0.0,,,,Y,1,A,-,22107,,N,A,H,-,A,A,0,Y,A,01,0,1,0,0,0,0,0,0,0,-,-,SUNNYVALE,SANTA CLARA,CA,0.0,0.0,40.0,,1.0,,,,1.0,1.0,,,,,,,,1.0,,,,,,,,,,,,,,,1.0,,,,,,,,,,,,,Motor Vehicle
1081,1081,1081,3744859,-122.026018242,37.362544301,2008,4316,0,3,3,09,0,1,A,Y,,,,,1200,5,G,B,F,RT 82,REMINGTON DR,556,W,N,2008-12-24,4316,2008-05-21,1112,56593,61,5,6,0,0,,0,006,-,Y,SCL,4,82,-,-,16.27,H,-,S,N,2,A,-,21804,A,N,A,H,-,A,D,0,Y,A,07,0,1,0,0,1,0,0,0,0,-,-,SUNNYVALE,SANTA CLARA,CA,0.0,0.0,55.0,,1.0,,,,1.0,,,2.0,,,,,,1.0,,,,,,,,,,,,,,,1.0,,,,,1.0,,,,,,,,Pedestrian
1082,1082,1082,3744863,-122.009363059,37.395014984,2008,4316,0,6,3,12,0,3,A,,,,,,2100,5,D,C,A,N FAIR OAKS AV,RT 101,0,,Y,2008-12-13,4316,2008-05-24,1900,10452,24,5,6,0,0,,0,002,-,Y,SCL,4,101,-,-,44.733999999999995,R,4,N,Y,2,A,-,21453,A,N,A,H,-,B,A,0,Y,A,01,0,1,2,0,0,0,0,0,0,-,N,SUNNYVALE,SANTA CLARA,CA,0.0,0.0,69.66666666666667,,1.0,2.0,2.0,1.0,2.0,,,1.0,1.0,,,1.0,,1.0,,,,,,,,,,,,,,,2.0,,,,,,,,,,,,,Motor Vehicle
1083,1083,1083,3744875,-122.014233053,37.341533660900005,2008,4316,0,7,3,08,0,2,A,,,,,,1500,5,B,C,A,WOLFE RD,INVERNESS DR,50,N,N,2008-11-12,4316,2008-05-04,1219,12585,63,5,6,0,0,,0,006,-,N,,0,0,,,0.0,,,,Y,2,A,-,22107,,N,A,H,-,A,D,0,Y,A,07,0,2,0,0,0,0,0,0,0,-,-,SUNNYVALE,SANTA CLARA,CA,0.0,0.0,20.25,1.0,3.0,,1.0,,4.0,1.0,,1.0,,,,1.0,,,,,,,,,1.0,,,,,,,,2.0,,,,,,,,,,,,,Motor Vehicle
1084,1084,1084,3744879,-122.026335574,37.401817321799996,2008,4316,0,3,4,08,0,1,A,,,,,,1500,5,A,I,A,ROSS AV,PERSIAN DR,60,E,N,2008-11-11,4316,2008-05-21,1328,12585,12,5,6,0,0,,0,001,-,N,,0,0,,,0.0,,,,Y,1,A,-,22107,,N,A,H,-,A,A,0,Y,A,07,0,0,1,0,0,0,0,0,0,-,-,SUNNYVALE,SANTA CLARA,CA,0.0,0.0,44.0,,1.0,,,,1.0,,,1.0,,,,1.0,,,,,,,,,,,,,,,,,1.0,,,,,,,,,,,,,Motor Vehicle
1085,1085,1085,3753363,-122.055793059,37.332294975,2008,4316,1,3,2,08,0,1,A,,,,Y,,1800,5,F,A,A,RT 280,RT 85,300,S,N,2008-12-11,9340,2008-05-28,1553,01839,,2,6,0,1,,2,282,-,Y,SCL,4,280,-,-,10.68,H,-,S,Y,3,A,-,22107,,N,A,H,-,A,D,1,Y,F,26,1,0,0,0,0,0,0,0,0,-,-,SUNNYVALE,SANTA CLARA,CA,0.0,0.0,42.0,,1.0,,,1.0,,1.0,,,2.0,,,1.0,,,,,,,,,2.0,,,,,,,,1.0,,,1.0,,,1.0,,,,,,,Motor Vehicle
1086,1086,1086,3754098,-122.037158603,37.392799377399996,2008,4316,0,1,3,08,0,1,A,,,,,,1500,5,C,I,A,MARY,MAUDE AV,330,N,N,2008-12-08,4316,2008-05-05,1300,26616,10,5,6,0,0,,0,001,-,N,,0,0,,,0.0,,,,Y,3,A,-,22107,,N,A,H,-,A,D,0,Y,A,01,0,1,0,0,0,0,0,0,0,-,-,SUNNYVALE,SANTA CLARA,CA,0.0,0.0,21.0,,1.0,,,1.0,,,1.0,,,,,1.0,,,,,,,,,,,,,,,,,3.0,,,,,,,,,,,,,Motor Vehicle
1087,1087,1087,3755181,-122.028793059,37.3772544861,2008,4316,0,4,3,17,0,1,A,,Y,,,,1500,5,D,G,A,EVELYN AV,SUNNYVALE AV,0,,Y,2008-12-08,4316,2008-05-15,1337,89633,34,5,6,0,0,,0,003,-,N,,0,0,,,0.0,,,,N,2,A,-,21451,A,N,A,H,-,A,A,0,Y,A,01,0,1,0,0,0,0,1,0,0,-,-,SUNNYVALE,SANTA CLARA,CA,0.0,0.0,21.0,,1.0,,,1.0,,1.0,1.0,,,,,,2.0,,,,,,,,,,,,,,,,1.0,,1.0,,,,,,,,,,,Bicycle
1088,1088,1088,3755185,-122.032463057,37.3466453552,2008,4316,0,4,4,12,0,1,A,,Y,,,,1500,5,D,G,A,SUNNYVALE SARATOGA RD,CHEYENNE DR,0,,Y,2008-12-08,4316,2008-05-15,1422,14765,55,5,6,0,0,,0,005,-,N,,0,0,,,0.0,,,,N,2,A,-,21453,A,N,A,H,-,A,A,0,Y,L,04,0,0,1,0,0,0,1,0,0,-,-,SUNNYVALE,SANTA CLARA,CA,0.0,0.0,30.0,,1.0,,,,1.0,,,1.0,1.0,,1.0,1.0,,,,,,,,,,,,,,,,,1.0,,1.0,,,,,,,,,,,Bicycle
1089,1089,1089,3755211,-122.00095671,37.352354981,2008,4316,0,7,4,03,0,1,A,,,,,Y,2100,5,C,C,A,RT 82,HELEN AV,35,W,N,2008-12-30,4316,2008-05-18,1859,20284,44,5,6,0,0,,0,004,-,Y,SCL,4,82,-,-,14.59,H,-,N,Y,2,A,-,22350,,N,A,H,-,A,D,0,Y,A,01,0,0,1,0,0,0,0,0,0,-,-,SUNNYVALE,SANTA CLARA,CA,0.0,0.0,38.0,,1.0,,,,1.0,,1.0,1.0,,,,1.0,,,,,1.0,,,,,,,,,,,,2.0,,,,,,,,,,,,,Motor Vehicle
1090,1090,1090,3755574,-122.012733058,37.3828353882,2008,4316,0,2,3,08,0,1,A,,,Y,,,2100,6,B,C,A,WOLFE RD,STEWART DR,0,,Y,2008-12-31,4316,2008-06-03,1831,20281,27,5,6,0,0,,0,002,-,N,,0,0,,,0.0,,,,N,2,A,-,22107,,N,A,H,-,A,D,0,Y,A,01,0,1,0,0,0,0,0,0,1,-,-,SUNNYVALE,SANTA CLARA,CA,0.0,0.0,29.0,,1.0,,,1.0,,,1.0,,,1.0,,1.0,,,,,,,,,1.0,,,,,,,,1.0,,,,1.0,,,,,,,,,Motor Vehicle
1091,1091,1091,3756578,-122.008073058,37.388305664099995,2008,4316,0,1,4,17,0,1,A,,Y,,,,2100,5,H,G,A,SAN MIGUEL AV,DUANE AV,0,,Y,2008-11-20,4316,2008-05-26,1840,15020,26,5,6,0,0,,0,002,-,N,,0,0,,,0.0,,,,N,2,A,-,21200,A,N,A,H,-,A,D,0,Y,L,04,0,0,1,0,0,0,1,0,0,-,-,SUNNYVALE,SANTA CLARA,CA,0.0,0.0,35.0,,1.0,,,1.0,,,2.0,,,,,1.0,,1.0,,,,,,,,,,,,,,,1.0,,1.0,,,,,,,,,,,Bicycle
1092,1092,1092,3756586,-122.034522943,37.3767852783,2008,4316,0,1,4,04,0,1,A,,,,,,2100,5,C,C,A,S MATHILDA,WASHINGTON,30,S,N,2008-11-20,4316,2008-05-26,1837,14395,33,5,6,0,0,,0,003,-,N,,0,0,,,0.0,,,,N,3,A,-,21703,,N,A,H,-,A,A,0,Y,-,-,0,0,1,0,0,0,0,0,0,-,-,SUNNYVALE,SANTA CLARA,CA,0.0,0.0,35.0,2.0,2.0,1.0,3.0,3.0,2.0,,,2.0,,,,2.0,1.0,,,,,,,,,,,,,,,,,,,,,,,,,,,,,Motor Vehicle
1093,1093,1093,3758089,-122.024847693,37.403552477800005,2008,4316,3,3,3,03,0,1,A,,,,Y,,1200,6,C,C,A,RT 237,MATHILDA AV,300,E,N,2009-02-04,9340,2008-06-04,938,01868,,1,6,0,1,,2,220,-,Y,SCL,4,237,-,-,3.08,H,-,W,Y,4,A,-,22350,,N,A,H,-,A,D,1,Y,G,25,0,1,0,0,0,0,0,0,0,-,-,SUNNYVALE,SANTA CLARA,CA,0.0,0.0,42.0,,1.0,,,,1.0,1.0,1.0,1.0,1.0,,,1.0,3.0,,,,,,,,,,,,,,,,3.0,,,,,,,,1.0,,,,,Motor Vehicle
1094,1094,1094,3758680,-122.020272542,37.3813896179,2008,4316,0,1,4,03,0,1,A,,,,Y,,1200,6,C,C,A,CENTRAL EXPWY,FAIR OAKS AV,528,W,N,2009-01-13,4316,2008-06-16,1028,67643,12,5,6,0,0,,0,001,-,N,,0,0,,,0.0,,,,Y,2,A,-,22350,,N,A,H,-,A,D,0,Y,A,01,0,0,1,0,0,0,0,0,0,-,-,SUNNYVALE,SANTA CLARA,CA,0.0,0.0,27.666666666666668,,3.0,,,1.0,2.0,,,,2.0,,,1.0,1.0,,,,,,,,,,,,,,,,1.0,,,,,,1.0,,,,,,,Motor Vehicle
1095,1095,1095,3758780,-122.014143054,37.35304498,2008,4316,0,1,4,12,0,1,A,,,,,,1200,6,D,C,A,RT 82,WOLFE RD,0,,Y,2009-01-17,4316,2008-06-09,1016,12585,42,5,6,0,0,,0,004,-,Y,SCL,4,82,-,-,15.32,I,5,S,Y,2,A,-,21453,A,N,A,H,-,A,A,0,Y,-,-,0,0,1,0,0,0,0,0,0,-,-,SUNNYVALE,SANTA CLARA,CA,0.0,0.0,40.0,,1.0,,,,1.0,,,1.0,1.0,,,2.0,,,,,,,,,,,,,,,,,,1.0,,,,,,,,,,,,Motor Vehicle
1096,1096,1096,3761126,-122.024847693,37.403552477800005,2008,4316,3,3,4,03,0,1,A,,,,,,1200,5,C,C,A,RT 237,MATHILDA AV,300,E,N,2008-12-29,9340,2008-05-14,1005,18289,,1,6,0,1,,2,220,-,Y,SCL,4,237,-,-,3.08,H,-,W,Y,2,A,-,22350,,N,A,H,-,A,D,1,Y,A,01,0,0,1,0,0,0,0,0,0,-,-,SUNNYVALE,SANTA CLARA,CA,0.0,0.0,42.0,,1.0,,,,1.0,,,1.0,1.0,,,1.0,,,,,1.0,,,,,,,,,,,,2.0,,,,,,,,,,,,,Motor Vehicle
1097,1097,1097,3761174,-122.042803209,37.402314132,2008,4316,2,1,3,01,0,3,A,,,,,Y,2400,5,B,C,A,RT 101,ELLIS ST,2640,S,N,2008-12-23,9340,2008-05-26,2103,18435,,2,6,0,1,,2,120,-,Y,SCL,4,101,-,-,46.51,H,-,N,Y,2,A,-,23153,A,N,A,H,-,C,D,1,Y,A,01,0,2,1,0,0,0,0,0,0,-,-,SUNNYVALE,SANTA CLARA,CA,0.0,0.0,33.75,,4.0,,,3.0,1.0,1.0,,,,1.0,,1.0,,,,,,,,,1.0,,,,,,,,2.0,,,,,,,,,,,,,Motor Vehicle
1098,1098,1098,3761513,-122.01263256700001,37.4060632968,2008,4316,3,7,3,08,0,2,A,,,,,,300,3,E,I,A,RT 237,FAIR OAKS AV,500,W,N,2008-10-20,9340,2008-03-30,115,01833,,3,6,0,1,,2,220,-,Y,SCL,4,237,-,R,3.88,H,-,E,Y,1,A,-,22107,,N,A,H,-,D,D,1,Y,D,22,0,1,1,0,0,0,0,0,0,-,-,SUNNYVALE,SANTA CLARA,CA,0.0,0.0,20.0,,2.0,,,1.0,1.0,,,1.0,,,,,,,,,,,,1.0,,,,,,,,,,,,1.0,,,,,,,,,,Motor Vehicle
1099,1099,1099,3762005,-122.025783779,37.3676338196,2008,4316,0,6,3,03,0,1,A,,Y,,,,1200,5,E,I,A,OLD SAN FRANCISCO RD,CENTRAL,67,E,N,2008-11-20,4316,2008-05-31,1121,14761,34,5,6,0,0,,0,003,-,N,,0,0,,,0.0,,,,N,1,A,-,22350,,N,A,H,-,A,D,0,Y,L,04,0,1,0,0,0,0,1,0,0,-,-,SUNNYVALE,SANTA CLARA,CA,0.0,0.0,38.0,,1.0,,,1.0,,,,,1.0,,,1.0,,,,,,,,,,,,,,,,,,,1.0,,,,,,,,,,,Bicycle
1100,1100,1100,3762013,-122.012543057,37.3750038147,2008,4316,0,3,4,08,0,1,B,,,,,,1800,5,D,C,A,KIFER RD,SAN LAZARO AV,0,,Y,2008-11-20,4316,2008-05-28,1715,14231,27,5,6,0,0,,0,002,-,N,,0,0,,,0.0,,,,Y,2,A,-,22107,,N,A,H,-,A,A,0,Y,A,01,0,0,1,0,0,0,0,0,0,-,-,SUNNYVALE,SANTA CLARA,CA,0.0,0.0,55.0,,1.0,,,1.0,,,,1.0,1.0,,1.0,1.0,,,,,,,,,,,,,,,,,2.0,,,,,,,,,,,,,Motor Vehicle
1101,1101,1101,3763725,-122.030683058,37.3590164185,2008,4316,0,1,4,08,0,1,A,,Y,,,,1200,6,D,G,A,REMINGTON DR,AZURE ST,0,,Y,2008-12-26,4316,2008-06-02,908,44611,61,5,6,0,0,,0,006,-,N,,0,0,,,0.0,,,,N,2,A,-,22107,,F,A,H,-,A,D,0,Y,-,-,0,0,1,0,0,0,1,0,0,-,-,SUNNYVALE,SANTA CLARA,CA,0.0,0.0,36.0,,1.0,,,,,,,,1.0,,1.0,1.0,,,,,,,,,,,,,,,,,,,1.0,,,,,,,,,,,Bicycle
1102,1102,1102,3765279,-122.00181726299999,37.392750203,2008,4316,2,5,3,18,0,1,A,,,,,,1800,4,C,C,A,RT 101,LAWRENCE EXPWY,1200,N,N,2008-11-25,9340,2008-04-18,1640,17225,,2,6,0,1,,2,120,-,Y,SCL,4,101,-,-,44.09,H,-,S,Y,5,C,-,0,,N,A,H,-,A,D,1,Y,-,-,0,1,0,0,0,0,0,0,0,-,-,SUNNYVALE,SANTA CLARA,CA,0.0,0.0,46.0,,1.0,,,1.0,,2.0,1.0,2.0,,,,5.0,,,,,,,,,,,,,,,,,5.0,,,,,,,,,,,,,Motor Vehicle
1103,1103,1103,3766166,-122.045203699,37.3815422058,2008,4316,0,7,4,08,0,1,A,,,,,,2100,6,D,C,A,MARY,CARSON DR,189,N,N,2009-01-02,4316,2008-06-08,1955,15130,32,5,6,0,0,,0,003,-,N,,0,0,,,0.0,,,,Y,2,A,-,22107,,N,A,H,-,A,D,0,Y,A,07,0,0,1,0,0,0,0,0,0,-,-,SUNNYVALE,SANTA CLARA,CA,0.0,0.0,76.0,,,1.0,1.0,,1.0,,,2.0,,,1.0,1.0,,,,,,,,,,,,,,,,,2.0,,,,,,,,,,,,,Motor Vehicle
1104,1104,1104,3766189,-122.024482419,37.4161148071,2008,4316,0,1,4,03,0,1,A,,,,,,1200,6,C,C,A,BORDEAUX,MATHILDA,30,E,N,2009-01-02,4316,2008-06-09,906,44611,10,5,6,0,0,,0,001,-,N,,0,0,,,0.0,,,,Y,2,A,-,22350,,N,A,H,-,A,A,0,Y,-,-,0,0,1,0,0,0,0,0,0,-,-,SUNNYVALE,SANTA CLARA,CA,0.0,0.0,29.0,,1.0,,,1.0,,,1.0,,1.0,,,,1.0,,,,,,,,,,,,,,,,,,,,,,,,,,,,,Motor Vehicle
1105,1105,1105,3766193,-122.026037264,37.3763504028,2008,4316,0,6,3,09,0,1,A,,,,,,2100,6,D,C,A,EVELYN AV,BAYVIEW AV,14,N,N,2009-01-02,4316,2008-06-07,2031,20285,34,5,6,0,0,,0,003,-,N,,0,0,,,0.0,,,,Y,2,A,-,21804,A,N,A,H,-,A,A,0,Y,A,08,0,1,0,0,0,0,0,0,0,-,-,SUNNYVALE,SANTA CLARA,CA,0.0,0.0,37.0,,1.0,,,,1.0,,,1.0,,1.0,1.0,1.0,,,,,,,,,,,,,,,,,2.0,,,,,,,,,,,,,Motor Vehicle