,level_0,index,CASEID,POINT_X,POINT_Y,YEAR_,LOCATION,CHPTYPE,DAYWEEK,CRASHSEV,VIOLCAT,KILLED,INJURED,WEATHER1,PEDCOL,BICCOL,MCCOL,TRUCKCOL,ETOH,TIMECAT,MONTH_,CRASHTYP,INVOLVE,PED,PRIMARYRD,SECONDRD,DISTANCE,DIRECT,INTERSECT_,PROCDATE,JURIS,DATE_,TIME_,BADGE,JURIDIST,SHIFT,POP,SPECIAL,BEATTYPE,LAPDDIV,BEATCLAS,BEATNUMB,WEATHER2,STATEHW,CALTRANC,CALTRAND,STROUTE,ROUTESUF,POSTPRE,POSTMILE,LOCATYPE,RAMP,SIDEHW,TOWAWAY,PARTIES,PCF,VIOLCODE,VIOL,VIOLSUB,HITRUN,ROADSURF,RDCOND1,RDCOND2,LIGHTING,RIGHTWAY,CHPRDTYP,NOTPRIV,STFAULT,CHPFAULT,SEVINJ,OTHERINJ,COP,PEDKILL,PEDINJ,BICKILL,BICINJ,MCKILL,MCINJURE,RAMP1,RAMP2,CITY,COUNTY,STATE,X_CHP,Y_CHP,AvgVAGE,VAGE_Minor,VAGE_Working,VAGE_Senior,MobilLimAge,F_M_VSEX,F_F_VSEX,F_A_PRACE,F_H_PRACE,F_W_PRACE,F_O_PRACE,F_B_PRACE,F_E_MOVEMENT,F_B_MOVEMENT,F_A_MOVEMENT,F_D_MOVEMENT,F_P_MOVEMENT,F_O_MOVEMENT,F_H_MOVEMENT,F_L_MOVEMENT,F_F_MOVEMENT,F_R_MOVEMENT,F_J_MOVEMENT,F_Q_MOVEMENT,F_G_MOVEMENT,F_C_MOVEMENT,F_M_MOVEMENT,F_N_MOVEMENT,F_K_MOVEMENT,F_I_MOVEMENT,F_A_VEHTYPE,F_I_VEHTYPE,F_L_VEHTYPE,F_D_VEHTYPE,F_C_VEHTYPE,F_N_VEHTYPE,F_F_VEHTYPE,F_J_VEHTYPE,F_G_VEHTYPE,F_B_VEHTYPE,F_M_VEHTYPE,F_E_VEHTYPE,F_H_VEHTYPE,PrimeModeClass
1275,1275,1275,3948904,-122.03574790200001,37.3800125122,2008,4316,0,4,4,07,0,1,A,,,,,,1500,10,B,C,A,EVELYN AV,FLORENCE AV,40,N,N,2009-05-12,4316,2008-10-16,1343,14461,33,5,6,0,0,,0,003,-,N,,0,0,,,0.0,,,,Y,2,A,-,21658,A,N,A,H,-,A,D,0,Y,A,01,0,0,1,0,0,0,0,0,0,-,-,SUNNYVALE,SANTA CLARA,CA,0.0,0.0,83.0,,,1.0,1.0,,1.0,,,2.0,,,,1.0,,,,,,,,,1.0,,,,,,,,2.0,,,,,,,,,,,,,Motor Vehicle
1276,1276,1276,3949933,-122.04354306299999,37.3866844177,2008,4316,0,6,4,09,0,1,A,,,,,,1800,10,B,C,A,MARY,CENTRAL EXPWY,0,,Y,2009-05-15,4316,2008-10-04,1604,14298,13,5,6,0,0,,0,001,-,N,,0,0,,,0.0,,,,Y,2,A,-,21453,C,N,A,H,-,A,A,0,Y,A,01,0,0,1,0,0,0,0,0,0,-,-,SUNNYVALE,SANTA CLARA,CA,0.0,0.0,54.0,,1.0,,,1.0,,1.0,,1.0,,,1.0,1.0,,,,,,,,,,,,,,,,,2.0,,,,,,,,,,,,,Motor Vehicle
1277,1277,1277,3949957,-122.028782075,37.3957023621,2008,4316,0,5,2,08,0,2,B,,,,,,1800,10,A,C,A,MATHILDA AV,ALMANOR,35,S,N,2009-05-15,4316,2008-10-03,1541,14395,13,5,6,0,0,,0,001,-,N,,0,0,,,0.0,,,,Y,3,A,-,22107,,N,A,H,-,A,A,0,Y,A,01,1,0,1,0,0,0,0,0,0,-,-,SUNNYVALE,SANTA CLARA,CA,0.0,0.0,53.0,,1.0,1.0,1.0,1.0,1.0,,1.0,1.0,1.0,,1.0,2.0,,,,,,,,,,,,,,,,,3.0,,,,,,,,,,,,,Motor Vehicle
1278,1278,1278,3949961,-122.003923058,37.3990859985,2008,4316,0,6,3,09,0,1,B,,,,,,1200,10,D,C,A,LAKEBIRD DR,MEADOWLAKE DR,0,,Y,2009-05-15,4316,2008-10-04,1120,14346,21,5,6,0,0,,0,002,-,N,,0,0,,,0.0,,,,N,2,A,-,21804,A,N,B,H,-,A,A,0,Y,A,07,0,1,0,0,0,0,0,0,0,-,-,SUNNYVALE,SANTA CLARA,CA,0.0,0.0,3.0,1.0,,,1.0,,1.0,1.0,1.0,,,,,2.0,,,,,,,,,,,,,,,,,2.0,,,,,,,,,,,,,Motor Vehicle
1279,1279,1279,3950484,-122.017763055,37.355924979,2008,4316,0,6,4,12,0,1,C,,,,,,2100,11,D,C,A,EL CAMINO REAL,MARIA LN,0,,Y,2009-07-22,4316,2008-11-08,2023,20278,42,5,6,0,0,,0,004,-,Y,SCL,4,82,-,-,15.602,I,5,N,Y,2,A,-,21453,A,N,C,H,-,C,A,0,Y,A,01,0,0,1,0,0,0,0,0,0,-,-,SUNNYVALE,SANTA CLARA,CA,0.0,0.0,37.0,,1.0,,,1.0,,,,,2.0,,1.0,1.0,,,,,,,,,,,,,,,,,2.0,,,,,,,,,,,,,Motor Vehicle
1280,1280,1280,3950504,-122.02590669700001,37.3598480225,2008,4316,0,3,4,03,0,1,A,,,,,,2100,11,C,C,A,REMINGTON DR,MICHELANGELO DR,150,S,N,2009-07-07,4316,2008-11-05,1821,14553,61,5,6,0,0,,0,006,-,N,,0,0,,,0.0,,,,Y,2,A,-,22350,,N,A,H,-,C,D,0,Y,A,01,0,0,1,0,0,0,0,0,0,-,-,SUNNYVALE,SANTA CLARA,CA,0.0,0.0,54.0,,1.0,,,,1.0,1.0,,1.0,,,,1.0,1.0,,,,,,,,,,,,,,,,2.0,,,,,,,,,,,,,Motor Vehicle
1281,1281,1281,3950508,-122.017313056,37.3652305603,2008,4316,0,4,4,09,0,2,A,,,,,,1200,11,D,C,A,GAIL AV,CALLA CT,129,S,N,2009-07-22,4316,2008-11-06,1053,12972,41,5,6,0,0,,0,004,-,N,,0,0,,,0.0,,,,Y,2,A,-,21801,A,N,A,H,-,A,D,0,Y,A,01,0,0,2,0,0,0,0,0,0,-,-,SUNNYVALE,SANTA CLARA,CA,0.0,0.0,42.0,,2.0,,,1.0,1.0,2.0,,,,,1.0,1.0,,,,,,,,,,,,,,,,,2.0,,,,,,,,,,,,,Motor Vehicle
1282,1282,1282,3950516,-122.014749385,37.378734588600004,2008,4316,0,2,3,03,0,2,A,,,,,,1800,11,C,C,A,CENTRAL EXPWY,WOLFE,528,W,N,2009-07-07,4316,2008-11-04,1756,13541,27,5,6,0,0,,0,002,-,N,,0,0,,,0.0,,,,Y,2,A,-,22350,,N,A,H,-,C,A,0,Y,-,-,0,1,1,0,0,0,0,0,0,-,-,SUNNYVALE,SANTA CLARA,CA,0.0,0.0,61.0,,1.0,1.0,1.0,1.0,1.0,1.0,,1.0,,,,1.0,1.0,,,,,,,,,,,,,,,,,,,,,,,,,,,,,Motor Vehicle
1283,1283,1283,3950547,-122.024113058,37.36118498,2008,4316,0,6,4,04,0,1,C,,,,,,2100,11,C,C,A,EL CAMINO REAL,FAIR OAKS AV,299,E,N,2009-08-12,4316,2008-11-08,2000,20278,42,5,6,0,0,,0,004,-,Y,SCL,4,82,-,-,16.12,H,-,N,N,3,A,-,21703,,N,B,H,-,C,A,0,Y,A,01,0,0,1,0,0,0,0,0,0,-,-,SUNNYVALE,SANTA CLARA,CA,0.0,0.0,55.0,,1.0,,,1.0,,,,2.0,1.0,,,2.0,1.0,,,,,,,,,,,,,,,,3.0,,,,,,,,,,,,,Motor Vehicle
1284,1284,1284,3950556,-122.05023306,37.3481636047,2008,4316,0,6,3,08,0,1,B,,Y,,,,1500,11,D,G,A,CASCADE DR,MARY AV,0,,Y,2009-07-07,4316,2008-11-08,1440,13539,54,5,6,0,0,,0,005,C,N,,0,0,,,0.0,,,,N,2,A,-,22107,,N,B,H,-,A,A,0,Y,A,01,0,1,0,0,0,0,1,0,0,-,-,SUNNYVALE,SANTA CLARA,CA,0.0,0.0,51.0,,1.0,,,1.0,,,,,1.0,,1.0,,,,,,,,1.0,,,,,,,,,,1.0,,1.0,,,,,,,,,,,Bicycle
1285,1285,1285,3950590,-122.004276277,37.352147135,2008,4316,0,2,3,08,0,1,A,,Y,,,,1800,11,D,C,A,RT 82,HENDERSON AV,300,E,N,2009-08-11,4316,2008-11-11,1518,14956,63,5,6,0,0,,0,006,-,Y,SCL,4,82,-,-,14.77,H,-,S,N,2,A,-,22107,,N,A,H,-,A,D,0,Y,D,22,0,1,0,0,0,0,1,0,0,-,-,SUNNYVALE,SANTA CLARA,CA,0.0,0.0,44.0,,1.0,,,1.0,,1.0,,1.0,,,,1.0,,1.0,,,,,,,,,,,,,,,,,1.0,1.0,,,,,,,,,,Bicycle
1286,1286,1286,3950759,-122.01664305899999,37.390033721900004,2008,4316,0,5,2,18,0,1,A,,,,,Y,2400,10,H,A,A,S EDEN AV,W EDEN AV,0,,Y,2009-05-19,4316,2008-10-17,2250,13542,14,5,6,0,0,,0,001,-,N,,0,0,,,0.0,,,,N,2,C,-,0,,N,A,H,-,C,D,0,Y,-,-,1,0,0,0,0,0,0,0,0,-,-,SUNNYVALE,SANTA CLARA,CA,0.0,0.0,21.0,,1.0,,,1.0,,,1.0,,,,,,,1.0,,,,,,1.0,,,,,,,,,1.0,,,,,,,,,,,,,Motor Vehicle
1287,1287,1287,3950771,-122.00264898100001,37.3839035034,2008,4316,0,5,3,09,0,2,A,,,,,,1800,10,D,C,A,STEWART AV,DE GUIGNE DR,1320,E,N,2009-05-19,4316,2008-10-24,1715,15143,27,5,6,0,0,,0,002,-,N,,0,0,,,0.0,,,,Y,2,A,-,21804,A,N,A,H,-,A,D,0,Y,A,01,0,1,1,0,0,0,0,0,0,-,-,SUNNYVALE,SANTA CLARA,CA,0.0,0.0,35.5,,2.0,,,2.0,,1.0,,,,1.0,,1.0,,,,,,1.0,,,,,,,,,,,2.0,,,,,,,,,,,,,Motor Vehicle
1288,1288,1288,3950779,-121.995864004,37.3967628479,2008,4316,0,5,4,03,0,2,A,,,,,,2100,10,C,C,A,LAWRENCE EXPWY,LAKEHAVEN DR,250,N,N,2009-05-19,4316,2008-10-17,1835,14829,21,5,6,0,0,,0,002,-,N,,0,0,,,0.0,,,,Y,2,A,-,22350,,N,A,H,-,C,-,0,Y,-,-,0,0,2,0,0,0,0,0,0,-,-,SUNNYVALE,SANTA CLARA,CA,0.0,0.0,37.5,,2.0,,,2.0,,1.0,,,,1.0,,1.0,1.0,,,,,,,,,,,,,,,,2.0,,,,,,,,,,,,,Motor Vehicle
1289,1289,1289,3952661,-122.03751431200001,37.400984807,2008,4316,2,1,4,03,0,3,A,,,,Y,,900,11,C,C,A,RT 101,RT 237,400,N,N,2009-08-11,9340,2008-11-17,740,01622,,1,6,0,1,,2,120,-,Y,SCL,4,101,-,-,46.21,H,-,S,N,2,A,-,22350,,N,A,H,-,A,D,1,Y,G,25,0,0,3,0,0,0,0,0,0,-,-,SUNNYVALE,SANTA CLARA,CA,0.0,0.0,31.333333333333332,,3.0,,,3.0,,,1.0,1.0,,,,1.0,1.0,,,,,,,,,,,,,,,,,,,,,,,,2.0,,,,,Motor Vehicle
1290,1290,1290,3965226,-122.054280355,37.3310822735,2008,4316,3,7,4,08,0,3,A,,,,,,2100,10,E,I,A,RT 85,RT 280,528,S,N,2009-06-18,9340,2008-10-05,1945,18842,,2,6,0,1,,2,085,-,Y,SCL,4,85,-,R,18.31,H,-,N,Y,1,A,-,22107,,N,A,H,-,D,D,6,Y,A,01,0,0,3,0,0,0,0,0,0,F,-,SUNNYVALE,SANTA CLARA,CA,0.0,0.0,79.0,,,3.0,3.0,1.0,2.0,,,1.0,,,,,,,,,,,,,,,,1.0,,,,,1.0,,,,,,,,,,,,,Motor Vehicle
1291,1291,1291,3967725,-122.05099778600001,37.333531355,2008,4316,1,1,4,03,0,1,B,,,,,,900,10,C,C,A,RT 280,RT 85,1000,S,N,2009-06-24,9340,2008-10-27,737,18680,,1,6,0,1,,2,282,-,Y,SCL,4,280,-,-,10.55,H,-,N,Y,2,A,-,22350,,N,A,H,-,A,D,1,Y,A,01,0,0,1,0,0,0,0,0,0,-,-,SUNNYVALE,SANTA CLARA,CA,0.0,0.0,26.5,,2.0,,,,2.0,1.0,,1.0,,,,1.0,,,,,1.0,,,,,,,,,,,,2.0,,,,,,,,,,,,,Motor Vehicle
1292,1292,1292,3967835,-122.052185204,37.333061729,2008,4316,1,4,4,03,0,2,A,,,,,,1800,10,C,C,A,RT 280,RT 85,1000,S,N,2009-06-15,9340,2008-10-16,1707,01837,,2,6,0,1,,2,282,-,Y,SCL,4,280,-,-,10.55,H,-,S,Y,2,A,-,22350,,N,A,H,-,A,D,1,Y,A,01,0,0,2,0,0,0,0,0,0,-,-,SUNNYVALE,SANTA CLARA,CA,0.0,0.0,27.5,,2.0,,,1.0,1.0,,1.0,,,,,1.0,,,,,1.0,,,,,,,,,,,,2.0,,,,,,,,,,,,,Motor Vehicle
1293,1293,1293,3974242,-122.058873063,37.3643836975,2008,4316,0,3,4,21,0,1,B,,,,,,1500,11,B,C,A,BERNARDO,KNICKERBOCKER,0,,Y,2009-06-06,4316,2008-11-19,1236,12969,51,5,6,0,0,,0,005,-,N,,0,0,,,0.0,,,,N,2,A,-,22106,,N,A,H,-,A,D,0,Y,A,01,0,0,1,0,0,0,0,0,0,-,-,SUNNYVALE,SANTA CLARA,CA,0.0,0.0,517.5,,1.0,1.0,1.0,,2.0,1.0,,,,1.0,,2.0,,,,,,,,,,,,,,,,,2.0,,,,,,,,,,,,,Motor Vehicle
1294,1294,1294,3974246,-122.025613057,37.3601837158,2008,4316,0,3,2,10,0,1,A,Y,,,,,2100,11,G,B,B,REMINGTON DR,MICHELANGELO DR,0,,Y,2009-06-06,4316,2008-11-05,1806,14461,61,5,6,0,0,,0,006,-,N,,0,0,,,0.0,,,,Y,2,A,-,21950,A,N,A,H,-,C,D,0,Y,A,01,1,0,0,0,1,0,0,0,0,-,-,SUNNYVALE,SANTA CLARA,CA,0.0,0.0,23.0,,1.0,,,1.0,,1.0,,,1.0,,,2.0,,,,,,,,,,,,,,,,,1.0,,,,,1.0,,,,,,,,Pedestrian
1295,1295,1295,3974250,-122.032463057,37.3520431519,2008,4316,0,3,3,10,0,1,B,Y,,,,,1500,11,G,B,B,FREMONT,SUNNYVALE SARATOGA,0,,Y,2009-06-06,4316,2008-11-19,1330,44611,55,5,6,0,0,,0,005,-,N,,0,0,,,0.0,,,,N,2,A,-,21950,A,N,A,H,-,A,A,0,Y,-,-,0,1,0,0,1,0,0,0,0,-,-,SUNNYVALE,SANTA CLARA,CA,0.0,0.0,78.0,,,1.0,1.0,1.0,,,,1.0,1.0,,,,,1.0,,,,,,1.0,,,,,,,,,,,,,,1.0,,,,,,,,Pedestrian
1296,1296,1296,3974270,-122.002803879,37.3667831421,2008,4316,0,6,4,03,0,1,A,,,,,,1800,11,C,C,A,REED AV,EVELYN AV,238,E,N,2009-08-27,4316,2008-11-22,1617,20278,41,5,6,0,0,,0,004,-,N,,0,0,,,0.0,,,,Y,3,A,-,22350,,N,A,H,-,A,A,0,Y,A,01,0,0,1,0,0,0,0,0,0,-,-,SUNNYVALE,SANTA CLARA,CA,0.0,0.0,35.0,,1.0,,,,1.0,1.0,,,2.0,,,1.0,2.0,,,,,,,,,,,,,,,,3.0,,,,,,,,,,,,,Motor Vehicle
1297,1297,1297,3974286,-122.055703063,37.375804901100004,2008,4316,0,7,4,01,0,1,A,,,,,Y,2100,11,A,C,A,BERNARDO AV,VICENTE DR,0,,Y,2009-06-06,4316,2008-11-23,1950,15926,,5,6,0,0,,0,,-,N,,0,0,,,0.0,,,,N,2,A,-,23152,A,N,A,H,-,B,A,0,Y,A,01,0,0,1,0,0,0,0,0,0,-,-,SUNNYVALE,SANTA CLARA,CA,0.0,0.0,50.0,,1.0,,,,1.0,,,1.0,1.0,,1.0,,,1.0,,,,,,,,,,,,,,,2.0,,,,,,,,,,,,,Motor Vehicle
1298,1298,1298,3974301,-122.05195342399999,37.3727304,2008,4316,0,2,4,03,0,2,B,,,,,,1800,11,C,C,A,RT 82,GRAPE AV,320,E,N,2009-06-22,4316,2008-11-25,1625,15926,51,5,6,0,0,,0,005,-,Y,SCL,4,82,-,-,17.89,H,-,N,N,2,A,-,22350,,N,A,H,-,A,A,0,Y,A,08,0,0,2,0,0,0,0,0,0,-,-,SUNNYVALE,SANTA CLARA,CA,0.0,0.0,36.0,1.0,2.0,,1.0,1.0,2.0,1.0,,1.0,,,,1.0,1.0,,,,,,,,,,,,,,,,2.0,,,,,,,,,,,,,Motor Vehicle
1299,1299,1299,3974310,-121.997792624,37.3774986267,2008,4316,0,2,3,03,0,1,B,,,,,,1500,11,E,I,A,ENOCHS ST,CENTRAL EXPWY,31,S,N,2009-06-06,4316,2008-11-25,1252,12972,27,5,6,0,0,,0,002,-,N,,0,0,,,0.0,,,,Y,2,A,-,22350,,N,A,H,-,A,D,0,Y,A,01,0,1,0,0,0,0,0,0,0,-,-,SUNNYVALE,SANTA CLARA,CA,0.0,0.0,39.5,,2.0,,,2.0,,1.0,,1.0,,,,1.0,,,,,,,,,,,,,1.0,,,,2.0,,,,,,,,,,,,,Motor Vehicle
1300,1300,1300,3974317,-122.029547029,37.3932800293,2008,4316,0,3,3,03,0,1,B,,,Y,,,1200,11,C,C,A,MATHILDA AV,SAN ALESO AV,220,S,N,2009-06-06,4316,2008-11-19,1108,14399,14,5,6,0,0,,0,001,-,N,,0,0,,,0.0,,,,Y,2,A,-,22350,,N,A,H,-,A,D,0,Y,C,02,0,1,0,0,0,0,0,0,1,-,-,SUNNYVALE,SANTA CLARA,CA,0.0,0.0,32.0,,1.0,,,1.0,,1.0,,,1.0,,,1.0,1.0,,,,,,,,,,,,,,,,1.0,,,,1.0,,,,,,,,,Motor Vehicle
1301,1301,1301,3978898,-122.036756054,37.400809102,2008,4316,2,2,4,07,0,1,A,,,,,,1200,11,B,C,A,RT 101,RT 237,100,N,N,2009-08-28,9340,2008-11-04,935,01521,,1,6,0,1,,2,120,-,Y,SCL,4,101,-,-,46.15,H,-,S,Y,3,A,-,21658,A,N,A,H,-,A,D,1,Y,A,01,0,0,1,0,0,0,0,0,0,-,-,SUNNYVALE,SANTA CLARA,CA,0.0,0.0,47.5,,2.0,,,,2.0,1.0,,1.0,1.0,,,2.0,,,,,,,,,1.0,,,,,,,,2.0,,,1.0,,,,,,,,,,Motor Vehicle
1302,1302,1302,3980207,-122.032473057,37.3488426208,2008,4316,0,4,4,03,0,1,B,,,,,,1800,10,C,C,A,SUNNYVALE SARATOGA RD,CHEYENNE DR,800,N,N,2009-08-28,4316,2008-10-30,1700,15926,55,5,6,0,0,,0,005,-,N,,0,0,,,0.0,,,,N,2,A,-,22350,,N,B,H,-,A,D,0,Y,A,01,0,0,1,0,0,0,0,0,0,-,-,SUNNYVALE,SANTA CLARA,CA,0.0,0.0,41.0,,1.0,,,1.0,,,,1.0,1.0,,,1.0,1.0,,,,,,,,,,,,,,,,2.0,,,,,,,,,,,,,Motor Vehicle
1303,1303,1303,3980252,-122.04354306299999,37.3866844177,2008,4316,0,6,4,09,0,2,A,,,,,,1800,10,A,C,A,W CENTRAL EXPWY,N MARY AV,0,,Y,2009-05-25,4316,2008-10-25,1608,16654,13,5,6,0,0,,0,001,-,N,,0,0,,,0.0,,,,Y,2,A,-,21453,C,N,A,H,-,A,A,0,Y,A,01,0,0,2,0,0,0,0,0,0,-,-,SUNNYVALE,SANTA CLARA,CA,0.0,0.0,43.0,,2.0,,,1.0,1.0,2.0,,,,,1.0,1.0,,,,,,,,,,,,,,,,,2.0,,,,,,,,,,,,,Motor Vehicle
1304,1304,1304,3980256,-122.01926631200001,37.38073349,2008,4316,0,1,4,03,0,1,A,,,,,,900,10,C,C,A,CENTRAL EXPWY,FAIR OAKS,150,W,N,2009-05-25,4316,2008-10-27,850,14298,,5,6,0,0,,0,,-,N,,0,0,,,0.0,,,,N,2,A,-,22350,,N,A,H,-,A,D,0,Y,A,01,0,0,1,0,0,0,0,0,0,-,-,SUNNYVALE,SANTA CLARA,CA,0.0,0.0,998.0,,,1.0,1.0,,,2.0,,,,,,2.0,,,,,,,,,,,,,,,,,2.0,,,,,,,,,,,,,Motor Vehicle
1305,1305,1305,3980276,-122.01387305600001,37.3666343689,2008,4316,0,6,4,21,0,2,A,,,,,,1500,10,C,C,A,WOLFE RD,OLD SAN FRANCISCO RD,0,,Y,2009-05-25,4316,2008-10-25,1320,13542,41,5,6,0,0,,0,004,-,N,,0,0,,,0.0,,,,N,3,A,-,22106,,N,A,H,-,A,A,0,Y,A,01,0,0,2,0,0,0,0,0,0,-,-,SUNNYVALE,SANTA CLARA,CA,0.0,0.0,28.5,,2.0,,,,2.0,2.0,,,1.0,,,1.0,2.0,,,,,,,,,,,,,,,,3.0,,,,,,,,,,,,,Motor Vehicle
1306,1306,1306,3980284,-122.032090545,37.3819885254,2008,4316,0,2,4,08,0,1,A,,,,,,1200,10,D,C,A,CALIFORNIA AV,MATHILDA AV,225,E,N,2009-05-25,4316,2008-10-21,1121,14243,13,5,6,0,0,,0,001,-,N,,0,0,,,0.0,,,,Y,2,A,-,22103,,N,A,H,-,A,D,0,Y,A,08,0,0,1,0,0,0,0,0,0,-,-,SUNNYVALE,SANTA CLARA,CA,0.0,0.0,51.0,,1.0,,,,1.0,1.0,,1.0,,,,1.0,,,,,,,1.0,,,,,,,,,,2.0,,,,,,,,,,,,,Motor Vehicle
1307,1307,1307,3980292,-122.050183061,37.3595046997,2008,4316,0,2,4,12,0,3,A,,,,,,1500,10,D,C,A,MARY AV,REMINGTON DR,0,,Y,2009-05-25,4316,2008-10-28,1353,15838,,5,6,0,0,,0,,-,N,,0,0,,,0.0,,,,Y,2,A,-,21453,A,N,A,H,-,A,A,0,Y,A,01,0,0,3,0,0,0,0,0,0,-,-,SUNNYVALE,SANTA CLARA,CA,0.0,0.0,86.66666666666667,,,3.0,3.0,1.0,2.0,,,2.0,,,,2.0,,,,,,,,,,,,,,,,,1.0,,,,,,,,,,,,,Motor Vehicle
1308,1308,1308,3980296,-122.023661969,37.3823890686,2008,4316,0,3,4,03,0,2,A,,,,,,2100,10,C,C,A,CENTRAL EXPWY,FAIR OAKS AV,1584,W,N,2009-05-25,4316,2008-10-29,1804,10449,14,5,6,0,0,,0,001,-,N,,0,0,,,0.0,,,,Y,2,A,-,22350,,N,A,H,-,A,D,0,Y,A,01,0,0,2,0,0,0,0,0,0,-,-,SUNNYVALE,SANTA CLARA,CA,0.0,0.0,29.0,,2.0,,,1.0,1.0,1.0,,1.0,,,,2.0,,,,,,,,,,,,,,,,,2.0,,,,,,,,,,,,,Motor Vehicle
1309,1309,1309,3980320,-122.024593026,37.361604196,2008,4316,0,5,4,12,0,6,B,,,,,,2400,10,D,C,A,RT 82,REMINGTON DR,0,,Y,2009-06-09,4316,2008-10-31,2341,20278,42,5,6,0,0,,0,004,-,Y,SCL,4,82,-,-,16.16,I,5,N,Y,3,A,-,21453,A,N,B,H,-,C,A,0,Y,A,01,0,0,6,0,0,0,0,0,0,-,-,SUNNYVALE,SANTA CLARA,CA,0.0,0.0,22.666666666666668,,6.0,,,5.0,1.0,1.0,1.0,,1.0,,,3.0,,,,,,,,,,,,,,,,,3.0,,,,,,,,,,,,,Motor Vehicle
1310,1310,1310,3980974,-122.02243305799999,37.3696250916,2008,4316,0,3,4,10,0,1,A,,Y,,,,2100,11,G,G,A,FAIR OAKS AV,OLIVE AV,0,,Y,2009-07-09,4316,2008-11-12,1902,16660,34,5,6,0,0,,0,003,-,N,,0,0,,,0.0,,,,N,2,A,-,21950,A,N,A,H,-,C,A,0,Y,A,01,0,0,1,0,0,0,1,0,0,-,-,SUNNYVALE,SANTA CLARA,CA,0.0,0.0,34.0,,1.0,,,1.0,,1.0,,1.0,,,1.0,1.0,,,,,,,,,,,,,,,,,1.0,,1.0,,,,,,,,,,,Bicycle
1311,1311,1311,3980986,-122.05961306200001,37.3594932556,2008,4316,0,4,3,08,0,1,A,,Y,,,,1200,11,D,G,A,BERNARDO AV,REMINGTON DR,0,,Y,2009-07-09,4316,2008-11-13,952,13250,51,5,6,0,0,,0,005,-,N,,0,0,,,0.0,,,,N,2,A,-,22107,,N,A,H,-,A,D,0,Y,A,01,0,1,0,0,0,0,1,0,0,-,-,SUNNYVALE,SANTA CLARA,CA,0.0,0.0,55.0,,1.0,,,,1.0,,,2.0,,,1.0,1.0,,,,,,,,,,,,,,,,,1.0,,1.0,,,,,,,,,,,Bicycle
1312,1312,1312,3980990,-122.012101683,37.3778953552,2008,4316,0,3,4,03,0,2,A,,,,,,2100,11,C,C,A,CENTRAL EXPWY,WOLFE,300,E,N,2009-07-09,4316,2008-11-12,1848,14183,,5,6,0,0,,0,002,-,N,,0,0,,,0.0,,,,Y,3,A,-,22350,,N,A,H,-,C,D,0,Y,A,01,0,0,2,0,0,0,0,0,0,-,-,SUNNYVALE,SANTA CLARA,CA,0.0,0.0,33.5,,2.0,,,1.0,1.0,3.0,,,,,,1.0,2.0,,,,,,,,,,,,,,,,3.0,,,,,,,,,,,,,Motor Vehicle
1313,1313,1313,3980991,-122.01189650799999,37.3986206055,2008,4316,0,2,4,03,0,1,A,,,,,,2400,11,C,C,A,FAIR OAKS,WEDDELL DR,25,S,N,2009-06-06,4316,2008-11-18,2214,14396,21,5,6,0,0,,0,002,-,N,,0,0,,,0.0,,,,Y,2,A,-,22350,,N,A,H,-,C,A,0,Y,A,01,0,0,1,0,0,0,0,0,0,-,-,SUNNYVALE,SANTA CLARA,CA,0.0,0.0,40.0,,1.0,,,,1.0,1.0,1.0,,,,,1.0,1.0,,,,,,,,,,,,,,,,2.0,,,,,,,,,,,,,Motor Vehicle
1314,1314,1314,3980995,-122.01531231700001,37.3957901001,2008,4316,0,5,3,01,0,1,A,,,,,Y,300,11,D,C,A,AHWANEE,MORSE,743,E,N,2009-06-06,4316,2008-11-14,106,10546,14,5,6,0,0,,0,001,-,N,,0,0,,,0.0,,,,Y,4,A,-,23152,A,N,A,H,-,C,D,0,Y,A,01,0,1,0,0,0,0,0,0,0,-,-,SUNNYVALE,SANTA CLARA,CA,0.0,0.0,20.0,,1.0,,,1.0,,,1.0,,,,,1.0,,,,,,,,,,,,,,,,,4.0,,,,,,,,,,,,,Motor Vehicle
1315,1315,1315,3981006,-122.02316604299999,37.3674240112,2008,4316,0,6,3,01,0,1,A,,,,,Y,300,11,E,I,A,FAIR OAKS,OLD SAN FRANCISCO RD,30,N,N,2009-07-10,4316,2008-11-15,50,15130,34,5,6,0,0,,0,003,-,N,,0,0,,,0.0,,,,Y,1,A,-,23152,A,N,A,H,-,C,A,0,Y,A,01,0,1,0,0,0,0,0,0,0,-,-,SUNNYVALE,SANTA CLARA,CA,0.0,0.0,20.0,,1.0,,,1.0,,,1.0,,,,,,,,,,,,,,,,,1.0,,,,,1.0,,,,,,,,,,,,,Motor Vehicle
1316,1316,1316,3981007,-122.02540968,37.4006195068,2008,4316,0,7,3,08,0,1,A,,,,,Y,1800,11,E,I,A,GARNER DR,COLTON AV,5,W,N,2009-06-06,4316,2008-11-16,1538,14457,12,5,6,0,0,,0,001,-,N,,0,0,,,0.0,,,,Y,1,A,-,22107,,N,A,H,-,A,D,0,Y,A,01,0,1,0,0,0,0,0,0,0,-,-,SUNNYVALE,SANTA CLARA,CA,0.0,0.0,23.0,,1.0,,,1.0,,,1.0,,,,,,,,,,,,,,,,,,1.0,,,,1.0,,,,,,,,,,,,,Motor Vehicle