,level_0,index,CASEID,POINT_X,POINT_Y,YEAR_,LOCATION,CHPTYPE,DAYWEEK,CRASHSEV,VIOLCAT,KILLED,INJURED,WEATHER1,PEDCOL,BICCOL,MCCOL,TRUCKCOL,ETOH,TIMECAT,MONTH_,CRASHTYP,INVOLVE,PED,PRIMARYRD,SECONDRD,DISTANCE,DIRECT,INTERSECT_,PROCDATE,JURIS,DATE_,TIME_,BADGE,JURIDIST,SHIFT,POP,SPECIAL,BEATTYPE,LAPDDIV,BEATCLAS,BEATNUMB,WEATHER2,STATEHW,CALTRANC,CALTRAND,STROUTE,ROUTESUF,POSTPRE,POSTMILE,LOCATYPE,RAMP,SIDEHW,TOWAWAY,PARTIES,PCF,VIOLCODE,VIOL,VIOLSUB,HITRUN,ROADSURF,RDCOND1,RDCOND2,LIGHTING,RIGHTWAY,CHPRDTYP,NOTPRIV,STFAULT,CHPFAULT,SEVINJ,OTHERINJ,COP,PEDKILL,PEDINJ,BICKILL,BICINJ,MCKILL,MCINJURE,RAMP1,RAMP2,CITY,COUNTY,STATE,X_CHP,Y_CHP,AvgVAGE,VAGE_Minor,VAGE_Working,VAGE_Senior,MobilLimAge,F_M_VSEX,F_F_VSEX,F_A_PRACE,F_H_PRACE,F_W_PRACE,F_O_PRACE,F_B_PRACE,F_E_MOVEMENT,F_B_MOVEMENT,F_A_MOVEMENT,F_D_MOVEMENT,F_P_MOVEMENT,F_O_MOVEMENT,F_H_MOVEMENT,F_L_MOVEMENT,F_F_MOVEMENT,F_R_MOVEMENT,F_J_MOVEMENT,F_Q_MOVEMENT,F_G_MOVEMENT,F_C_MOVEMENT,F_M_MOVEMENT,F_N_MOVEMENT,F_K_MOVEMENT,F_I_MOVEMENT,F_A_VEHTYPE,F_I_VEHTYPE,F_L_VEHTYPE,F_D_VEHTYPE,F_C_VEHTYPE,F_N_VEHTYPE,F_F_VEHTYPE,F_J_VEHTYPE,F_G_VEHTYPE,F_B_VEHTYPE,F_M_VEHTYPE,F_E_VEHTYPE,F_H_VEHTYPE,PrimeModeClass
1317,1317,1317,3981010,-122.02611450200001,37.4040641785,2008,4316,0,3,3,09,0,1,A,,,,,,1800,11,D,C,A,MOFFETT PARK DR,MATHILDA,105,E,N,2009-07-10,4316,2008-11-12,1725,13541,10,5,6,0,0,,0,001,-,N,,0,0,,,0.0,,,,Y,2,A,-,21801,A,N,A,H,-,C,D,0,Y,-,-,0,1,0,0,0,0,0,0,0,-,-,SUNNYVALE,SANTA CLARA,CA,0.0,0.0,61.0,,1.0,,,1.0,,,,2.0,,,1.0,1.0,,,,,,,,,,,,,,,,,,,,,,,,,,,,,,Motor Vehicle
1318,1318,1318,3981026,-122.055248428,37.373462337,2008,4316,0,7,4,03,0,5,A,,,,,,2100,11,C,C,A,RT 82,BERNARDO AV,328,E,N,2009-08-13,4316,2008-11-16,1825,15926,51,5,6,0,0,,0,005,-,Y,SCL,4,82,-,-,18.08,H,-,S,Y,3,A,-,22350,,N,A,H,-,C,D,0,Y,A,01,0,0,5,0,0,0,0,0,0,-,-,SUNNYVALE,SANTA CLARA,CA,0.0,0.0,27.0,,5.0,,,4.0,2.0,,,,3.0,,,1.0,2.0,,,,,,,,,,,,,,,,3.0,,,,,,,,,,,,,Motor Vehicle
1319,1319,1319,3981031,-121.99586675100001,37.3974494934,2008,4316,0,5,4,03,0,1,A,,,,,,2100,11,C,C,A,LAWRENCE EXPWY,LAKEHAVEN DR,500,N,N,2009-06-06,4316,2008-11-14,1853,10329,21,5,6,0,0,,0,002,-,N,,0,0,,,0.0,,,,Y,4,A,-,22350,,N,A,H,-,C,A,0,Y,A,01,0,0,1,0,0,0,0,0,0,-,-,SUNNYVALE,SANTA CLARA,CA,0.0,0.0,50.0,,1.0,,,1.0,,2.0,,1.0,1.0,,,,3.0,,,,1.0,,,,,,,,,,,,4.0,,,,,,,,,,,,,Motor Vehicle
1320,1320,1320,3981038,-122.048443063,37.371944979,2008,4316,0,4,4,12,0,1,A,,,Y,,,2100,11,F,A,A,RT 82,MARY AV,0,,Y,2009-08-13,4316,2008-11-13,2017,14553,,5,6,0,0,,0,003,-,Y,SCL,4,82,-,-,17.69,I,5,N,Y,2,A,-,21453,A,N,A,H,-,C,A,0,Y,A,01,0,0,1,0,0,0,0,0,0,-,-,SUNNYVALE,SANTA CLARA,CA,0.0,0.0,46.0,,2.0,,,2.0,,1.0,,1.0,,,1.0,1.0,,,,,,,,,,,,,,,,,1.0,,,,1.0,,,,,,,,,Motor Vehicle
1321,1321,1321,3981236,-121.998763059,37.4091349852,2008,4316,3,4,4,07,0,4,A,,,,,,2100,10,C,C,A,RT 237,LAWRENCE EXPWY,50,W,N,2009-07-20,9340,2008-10-23,1859,18434,,2,6,0,1,,2,230,-,Y,SCL,4,237,-,R,4.59,H,-,E,Y,2,A,-,21658,A,N,A,H,-,D,D,1,Y,A,01,0,0,4,0,0,0,0,0,0,-,-,SUNNYVALE,SANTA CLARA,CA,0.0,0.0,17.25,2.0,2.0,,2.0,3.0,1.0,1.0,1.0,,,,,1.0,,,,,,,,,1.0,,,,,,,,2.0,,,,,,,,,,,,,Motor Vehicle
1322,1322,1322,3982591,-122.03414498299999,37.377784729,2008,4316,0,6,3,01,0,1,C,,,,,Y,2100,11,E,I,A,MATHILDA AV,WASHINGTON AV,350,N,N,2009-06-04,4316,2008-11-01,1845,15926,33,5,6,0,0,,0,003,-,N,,0,0,,,0.0,,,,Y,1,A,-,23152,A,N,B,-,-,C,D,0,Y,A,01,0,1,0,0,0,0,0,0,0,-,-,SUNNYVALE,SANTA CLARA,CA,0.0,0.0,48.0,,1.0,,,1.0,,,1.0,,,,,1.0,,,,,,,,,,,,,,,,,1.0,,,,,,,,,,,,,Motor Vehicle
1323,1323,1323,3982603,-122.02650692799999,37.3747177124,2008,4316,0,7,3,01,0,1,B,,Y,,,Y,1800,11,B,E,A,LINCOLN AV,BAYVIEW AV,23,E,N,2009-06-08,4316,2008-11-02,1641,14231,34,5,6,0,0,,0,003,-,N,,0,0,,,0.0,,,,N,2,A,-,21200,5,N,A,H,-,A,A,0,Y,L,04,0,1,0,0,0,0,1,0,0,-,-,SUNNYVALE,SANTA CLARA,CA,0.0,0.0,50.0,,1.0,,,1.0,,,,1.0,,,1.0,,,,,,,,,,,,,,,,,,1.0,,1.0,,,,,,,,,,,Bicycle
1324,1324,1324,3982611,-121.996003055,37.380443573,2008,4316,0,1,3,03,0,1,C,,,,,,1800,11,C,C,A,ARQUES AV,LAWRENCE EXPWY,0,,Y,2009-06-08,4316,2008-11-03,1744,13541,28,5,6,0,0,,0,002,-,N,,0,0,,,0.0,,,,N,2,A,-,22350,,N,B,H,-,C,A,0,Y,-,-,0,1,0,0,0,0,0,0,0,-,-,SUNNYVALE,SANTA CLARA,CA,0.0,0.0,57.0,,1.0,1.0,1.0,2.0,,,,1.0,,,,1.0,1.0,,,,,,,,,,,,,,,,,,,,,,,,,,,,,Motor Vehicle
1325,1325,1325,3982649,-122.006280474,37.352291053,2008,4316,0,6,4,03,0,2,C,,,,,,2100,11,C,C,A,EL CAMINO REAL,POPLAR AV,30,E,N,2009-08-11,4316,2008-11-01,2028,10449,43,5,6,0,0,,0,004,-,Y,SCL,4,82,-,-,14.88,H,-,N,N,3,A,-,22350,,N,B,H,-,C,A,0,Y,A,01,0,0,2,0,0,0,0,0,0,-,-,SUNNYVALE,SANTA CLARA,CA,0.0,0.0,27.5,,2.0,,,2.0,,,,1.0,2.0,,,1.0,2.0,,,,,,,,,,,,,,,,3.0,,,,,,,,,,,,,Motor Vehicle
1326,1326,1326,3985629,-122.06051306100001,37.3514549765,2008,4316,3,4,4,03,0,1,A,,,,,,2100,10,C,C,A,RT 85,FREMONT AV,50,S,N,2009-06-09,9340,2008-10-23,1855,17931,,2,6,0,1,,2,085,-,Y,SCL,4,85,-,R,19.85,H,-,S,N,2,A,-,22350,,N,A,H,-,D,D,6,Y,A,01,0,0,1,0,0,0,0,0,0,-,-,SUNNYVALE,SANTA CLARA,CA,0.0,0.0,47.0,,1.0,,,1.0,,1.0,,1.0,,,,1.0,1.0,,,,,,,,,,,,,,,,2.0,,,,,,,,,,,,,Motor Vehicle
1327,1327,1327,3986243,-122.01727305799999,37.375995636,2008,4316,0,1,3,09,0,1,A,,,,,,1800,10,D,C,A,KIFER RD,BARTLETT AV,0,,Y,2009-05-26,4316,2008-10-06,1714,14457,16,5,6,0,0,,0,001,-,N,,0,0,,,0.0,,,,N,2,A,-,21801,A,N,A,H,-,A,D,0,Y,A,07,0,1,0,0,0,0,0,0,0,-,-,SUNNYVALE,SANTA CLARA,CA,0.0,0.0,29.0,,1.0,,,1.0,,1.0,,,1.0,,1.0,1.0,,,,,,,,,,,,,,,,,2.0,,,,,,,,,,,,,Motor Vehicle
1328,1328,1328,3986316,-122.021408203,37.3728218079,2008,4316,0,1,4,04,0,1,A,,,,,,2100,10,C,C,A,FAIR OAKS,BRYAN AV,6,N,N,2009-05-26,4316,2008-10-13,1915,15130,34,5,6,0,0,,0,003,-,N,,0,0,,,0.0,,,,N,2,A,-,21703,,N,A,H,-,C,D,0,Y,A,01,0,0,1,0,0,0,0,0,0,-,-,SUNNYVALE,SANTA CLARA,CA,0.0,0.0,44.0,,1.0,,,1.0,,,,1.0,1.0,,,1.0,,,,,1.0,,,,,,,,,,,,2.0,,,,,,,,,,,,,Motor Vehicle
1329,1329,1329,3997588,-121.996023056,37.386825561500004,2008,4316,4,2,4,00,0,2,A,,,,,,2400,11,D,C,A,LAWRENCE EXPWY,OAKMEAD PKWY,0,,Y,2009-06-30,9340,2008-11-18,2310,17931,,3,6,0,2,,2,620,-,N,,0,0,,,0.0,,,,Y,2,D,-,0,,N,A,H,-,C,A,0,Y,-,-,0,0,2,0,0,0,0,0,0,-,-,SUNNYVALE,SANTA CLARA,CA,0.0,0.0,23.5,,4.0,,,4.0,,,1.0,,1.0,,1.0,1.0,,,,,,,,,,,,,,,,,1.0,,,1.0,,,,,,,,,,Motor Vehicle
1330,1330,1330,3997719,-121.99530319,37.4100524324,2008,4316,3,4,3,03,0,1,A,,,,,,1500,11,C,C,A,RT 237,LAWRENCE EXPWY,20,W,N,2009-07-20,9340,2008-11-06,1441,18986,,2,6,0,1,,2,220,-,Y,SCL,4,237,-,R,4.731,R,2,W,N,2,A,-,22350,,N,A,H,-,A,D,1,Y,A,01,0,1,0,0,0,0,0,0,0,-,-,SUNNYVALE,SANTA CLARA,CA,0.0,0.0,25.0,,1.0,,,,1.0,,,,2.0,,,,,,,,2.0,,,,,,,,,,,,2.0,,,,,,,,,,,,,Motor Vehicle
1331,1331,1331,3997723,-122.05494770600001,37.332471356,2008,4316,1,1,4,03,0,1,C,,,,,,2100,11,C,C,A,RT 280,RT 85,500,S,N,2009-07-10,9340,2008-11-03,1900,18764,,2,6,0,1,,2,282,-,Y,SCL,4,280,-,-,10.65,H,-,S,Y,2,A,-,22350,,N,B,H,-,D,D,1,Y,D,22,0,0,1,0,0,0,0,0,0,-,-,SUNNYVALE,SANTA CLARA,CA,0.0,0.0,36.0,,1.0,,,1.0,,,,2.0,,,,1.0,,,,,1.0,,,,,,,,,,,,1.0,,,1.0,,,,,,,,,,Motor Vehicle
1332,1332,1332,3997727,-122.054671624,37.332531677,2008,4316,1,1,4,03,0,1,C,,,,,,2100,11,C,C,A,RT 280,RT 85,520,S,N,2009-07-10,9340,2008-11-03,1903,18764,,2,6,0,1,,2,282,-,Y,SCL,4,280,-,-,10.64,H,-,S,Y,3,A,-,22350,,N,B,H,-,D,D,1,Y,A,01,0,0,1,0,0,0,0,0,0,-,-,SUNNYVALE,SANTA CLARA,CA,0.0,0.0,39.0,,2.0,,,2.0,,,,2.0,1.0,,,2.0,1.0,,,,,,,,,,,,,,,,3.0,,,,,,,,,,,,,Motor Vehicle
1333,1333,1333,3997760,-122.034675066,37.4009799124,2008,4316,3,2,4,03,0,1,B,,,,,,900,11,C,C,A,RT 237,RT 101,900,E,N,2009-08-07,9340,2008-11-04,850,18986,,1,6,0,1,,2,220,-,Y,SCL,4,237,-,-,2.65,H,-,E,N,3,A,-,22350,,N,A,H,-,A,D,1,Y,A,07,0,0,1,0,0,0,0,0,0,-,-,SUNNYVALE,SANTA CLARA,CA,0.0,0.0,47.5,,2.0,,,1.0,1.0,2.0,,1.0,,,,1.0,2.0,,,,,,,,,,,,,,,,3.0,,,,,,,,,,,,,Motor Vehicle
1334,1334,1334,4005124,-122.034191404,37.3842010498,2008,4316,0,1,4,03,0,1,B,,,,,,2100,12,C,C,A,SOBRANTE WY,CALIFORNIA AV,615,N,N,2009-07-22,4316,2008-12-01,1820,15926,13,5,6,0,0,,0,001,-,N,,0,0,,,0.0,,,,N,2,A,-,22350,,N,A,H,-,A,D,0,Y,A,08,0,0,1,0,0,0,0,0,0,-,-,SUNNYVALE,SANTA CLARA,CA,0.0,0.0,36.0,,1.0,,,1.0,,,,1.0,1.0,,,1.0,1.0,,,,,,,,,,,,,,,,2.0,,,,,,,,,,,,,Motor Vehicle
1335,1335,1335,4005136,-122.030631634,37.3894996643,2008,4316,0,2,4,08,0,1,B,,,,,,1800,12,D,C,A,MATHILDA,MAUDE,75,S,N,2009-07-22,4316,2008-12-02,1745,14139,,5,6,0,0,,0,001,-,N,,0,0,,,0.0,,,,Y,2,A,-,22107,,N,A,H,-,C,A,0,Y,A,01,0,0,1,0,0,0,0,0,0,-,-,SUNNYVALE,SANTA CLARA,CA,0.0,0.0,40.0,,1.0,,,,1.0,,,,2.0,,,1.0,,1.0,,,,,,,,,,,,,,,2.0,,,,,,,,,,,,,Motor Vehicle
1336,1336,1336,4005152,-122.016843055,37.3520965576,2008,4316,0,4,4,08,0,1,A,,,,,,900,12,D,C,A,FREMONT,KINGFISHER,0,,Y,2009-07-22,4316,2008-12-04,734,44611,61,5,6,0,0,,0,006,-,N,,0,0,,,0.0,,,,N,2,A,-,22107,,N,A,H,-,A,A,0,Y,-,-,0,0,1,0,0,0,0,0,0,-,-,SUNNYVALE,SANTA CLARA,CA,0.0,0.0,55.0,,1.0,,,,1.0,,1.0,1.0,,,1.0,1.0,,,,,,,,,,,,,,,,,,,,,,,,,,,,,,Motor Vehicle
1337,1337,1337,4005160,-122.019786654,37.3810920715,2008,4316,0,5,4,03,0,2,A,,,,,,2100,12,C,C,A,CENTRAL EXPWY,FAIR OAKS,350,W,N,2009-07-22,4316,2008-12-05,1925,14183,15,5,6,0,0,,0,001,-,N,,0,0,,,0.0,,,,N,2,A,-,22350,,N,A,H,-,C,D,0,Y,A,01,0,0,2,0,0,0,0,0,0,-,-,SUNNYVALE,SANTA CLARA,CA,0.0,0.0,29.666666666666668,,3.0,,,1.0,2.0,,2.0,,,,,1.0,1.0,,,,,,,,,,,,,,,,2.0,,,,,,,,,,,,,Motor Vehicle
1338,1338,1338,4005252,-122.034673057,37.3421936035,2008,4316,0,6,2,10,0,1,A,Y,,,,,1800,11,G,B,D,GRANGER TER,TENAKA PL,0,,Y,2009-08-05,4316,2008-11-29,1720,14659,56,5,6,0,0,,0,005,-,N,,0,0,,,0.0,,,,N,2,A,-,21950,A,N,A,H,-,C,D,0,Y,-,-,1,0,0,0,1,0,0,0,0,-,-,SUNNYVALE,SANTA CLARA,CA,0.0,0.0,49.5,,,1.0,1.0,1.0,1.0,1.0,,1.0,,,1.0,1.0,,,,,,,,,,,,,,,,,1.0,,,,,1.0,,,,,,,,Pedestrian
1339,1339,1339,4005268,-122.01033306,37.4028358459,2008,4316,0,2,4,09,0,2,A,,,,,,2100,11,D,C,A,FAIR OAKS,TASMAN DR,0,,Y,2009-08-05,4316,2008-11-25,1843,14461,12,5,6,0,0,,0,001,-,N,,0,0,,,0.0,,,,Y,2,A,-,21453,C,N,A,H,-,C,A,0,Y,A,01,0,0,2,0,0,0,0,0,0,-,-,SUNNYVALE,SANTA CLARA,CA,0.0,0.0,29.0,,2.0,,,1.0,1.0,1.0,1.0,,,,1.0,1.0,,,,,,,,,,,,,,,,,2.0,,,,,,,,,,,,,Motor Vehicle
1340,1340,1340,4005272,-122.025234377,37.3980941772,2008,4316,0,1,3,09,0,2,A,,,,,,1500,11,A,C,A,AHWANEE AV,SAN ALESO AV,302,E,N,2009-08-05,4316,2008-11-24,1237,14396,14,5,6,0,0,,0,001,-,N,,0,0,,,0.0,,,,Y,2,A,-,21801,A,N,A,H,-,A,D,0,Y,A,07,0,1,1,0,0,0,0,0,0,-,-,SUNNYVALE,SANTA CLARA,CA,0.0,0.0,50.0,,2.0,,,2.0,,1.0,,1.0,,,1.0,1.0,,,,,,,,,,,,,,,,,2.0,,,,,,,,,,,,,Motor Vehicle
1341,1341,1341,4005791,-122.012596587,37.379550933800004,2008,4316,0,7,3,01,0,2,A,,,,,Y,300,11,F,J,A,WOLFE RD,LUCERNE DR,60,N,N,2009-06-13,4316,2008-11-30,105,12268,27,5,6,0,0,,0,002,-,N,,0,0,,,0.0,,,,Y,1,A,-,23152,A,N,A,H,-,C,D,0,Y,A,01,0,1,1,0,0,0,0,0,0,-,-,SUNNYVALE,SANTA CLARA,CA,0.0,0.0,26.0,,2.0,,,1.0,1.0,1.0,,,,,,,,,,,,,,,,,,1.0,,,,,1.0,,,,,,,,,,,,,Motor Vehicle
1342,1342,1342,4005807,-122.025405245,37.362033472,2008,4316,0,3,3,08,0,1,B,,Y,,,,1800,11,D,G,A,RT 82,REMINGTON DR,300,W,N,2009-06-22,4316,2008-11-26,1640,13539,61,5,6,0,0,,0,006,C,Y,SCL,4,82,-,-,16.22,H,-,S,Y,2,A,-,22107,,N,B,H,-,A,D,0,Y,A,01,0,1,0,0,0,0,1,0,0,-,-,SUNNYVALE,SANTA CLARA,CA,0.0,0.0,21.0,,1.0,,,,1.0,,1.0,1.0,,,,1.0,,1.0,,,,,,,,,,,,,,,1.0,,1.0,,,,,,,,,,,Bicycle
1343,1343,1343,4005811,-122.030549801,37.3896865845,2008,4316,0,5,4,03,0,1,A,,,,,,1800,11,C,C,A,MAUDE,MATHILDA,17,E,N,2009-06-13,4316,2008-11-21,1644,13541,13,5,6,0,0,,0,001,-,N,,0,0,,,0.0,,,,Y,3,A,-,22350,,N,A,H,-,B,A,0,Y,-,-,0,0,1,0,0,0,0,0,0,-,-,SUNNYVALE,SANTA CLARA,CA,0.0,0.0,20.8,1.0,4.0,,1.0,3.0,2.0,,,2.0,,,,1.0,,,,,1.0,,,,,,,,,,,,,,,,,,,,,,,,,Motor Vehicle
1344,1344,1344,4005815,-122.032883059,37.3642845154,2008,4316,0,3,4,03,0,1,C,,,,,,1500,11,B,C,A,SUNNYVALE SARATOGA RD,MATHILDA AV,0,,Y,2009-06-13,4316,2008-11-26,1425,14374,52,5,6,0,0,,0,005,-,N,,0,0,,,0.0,,,,N,2,A,-,22350,,N,B,H,-,A,A,0,Y,A,01,0,0,1,0,0,0,0,0,0,-,-,SUNNYVALE,SANTA CLARA,CA,0.0,0.0,22.0,2.0,1.0,,2.0,1.0,2.0,1.0,,1.0,,,2.0,,,,,,,,,,,,,,,,,,2.0,,,,,,,,,,,,,Motor Vehicle
1345,1345,1345,4015582,-122.02466305799999,37.361414979,2008,4316,0,2,4,12,0,1,A,,,,,,2400,12,D,C,A,RT 82,REMINGTON DR,0,,Y,2009-07-30,4316,2008-12-09,2347,15143,42,5,6,0,0,,0,004,-,Y,SCL,4,82,-,-,16.16,I,5,S,Y,2,A,-,21453,A,N,A,H,-,C,A,0,Y,A,01,0,0,1,0,0,0,0,0,0,-,-,SUNNYVALE,SANTA CLARA,CA,0.0,0.0,55.0,,1.0,,,,1.0,2.0,,,,,,2.0,,,,,,,,,,,,,,,,,2.0,,,,,,,,,,,,,Motor Vehicle
1346,1346,1346,4015873,-122.031484589,37.3862304688,2008,4316,0,1,4,03,0,1,B,,,,,,900,12,C,C,A,MATHILDA,INDIO,10,N,N,2009-07-16,4316,2008-12-08,713,88884,13,5,6,0,0,,0,001,-,N,,0,0,,,0.0,,,,Y,2,A,-,22350,,N,A,H,-,A,A,0,Y,-,-,0,0,1,0,0,0,0,0,0,-,-,SUNNYVALE,SANTA CLARA,CA,0.0,0.0,17.0,,1.0,,,,1.0,,1.0,,,,,1.0,1.0,,,,,,,,,,,,,,,,,,,,,,,,,,,,,Motor Vehicle
1347,1347,1347,4020979,-121.996363448,37.4096617968,2008,4316,3,5,4,07,0,1,A,,,,,,1800,11,C,C,A,RT 237,LAWRENCE EXPWY,500,E,N,2009-07-20,9340,2008-11-21,1615,01903,,2,6,0,1,,2,230,-,Y,SCL,4,237,-,R,4.69,H,-,E,N,2,A,-,21658,A,N,A,H,-,A,D,1,Y,A,01,0,0,1,0,0,0,0,0,0,-,-,SUNNYVALE,SANTA CLARA,CA,0.0,0.0,36.0,,1.0,,,,2.0,2.0,,,,,,1.0,,,,,,,,,1.0,,,,,,,,2.0,,,,,,,,,,,,,Motor Vehicle
1348,1348,1348,4028318,-122.01727305700001,37.366664886500004,2008,4316,0,3,4,09,0,1,E,Y,,,,,1200,12,G,B,D,OLD SAN FRANCISCO,GAIL,0,,Y,2009-08-18,4316,2008-12-31,958,44611,41,5,6,0,0,,0,004,-,N,,0,0,,,0.0,,,,N,2,A,-,21453,B,N,B,H,-,A,A,0,Y,D,22,0,0,1,0,1,0,0,0,0,-,-,SUNNYVALE,SANTA CLARA,CA,0.0,0.0,56.0,,1.0,,,,1.0,,,1.0,,1.0,,,1.0,,,,,,,1.0,,,,,,,,,,,,1.0,,1.0,,,,,,,,Pedestrian
1349,1349,1349,4029873,-122.059808425,37.348108896,2008,4316,3,5,4,07,0,1,A,,,,,,1500,11,B,C,A,RT 85,FREMONT AV,1000,S,N,2009-07-08,9340,2008-11-14,1300,18937,,1,6,0,1,,2,085,-,Y,SCL,4,85,-,R,19.67,H,-,N,N,2,A,-,21658,A,N,A,H,-,A,D,6,Y,A,01,0,0,1,0,0,0,0,0,0,-,-,SUNNYVALE,SANTA CLARA,CA,0.0,0.0,43.0,,1.0,,,1.0,,1.0,,1.0,,,,,,,,,1.0,,,,1.0,,,,,,,,2.0,,,,,,,,,,,,,Motor Vehicle
1350,1350,1350,4030068,-121.996023056,37.386825561500004,2008,4316,4,1,4,12,0,1,B,,,,,,2400,12,D,C,A,LAWRENCE EXPWY,DUANE AV,0,,Y,2009-07-16,9340,2008-12-01,2105,18716,,2,6,0,2,,2,620,-,N,,0,0,,,0.0,,,,Y,2,A,-,21453,A,F,A,H,-,C,A,0,Y,A,01,0,0,1,0,0,0,0,0,0,-,-,SUNNYVALE,SANTA CLARA,CA,0.0,0.0,28.0,,1.0,,,1.0,,,1.0,1.0,,,1.0,1.0,,,,,,,,,,,,,,,,,2.0,,,,,,,,,,,,,Motor Vehicle
1351,1351,1351,4031163,-122.05968814799999,37.337251660599996,2008,4316,3,3,4,08,0,1,B,,,,,,2100,11,D,C,A,RT 85,HOMESTEAD RD,1500,S,N,2009-07-10,9340,2008-11-26,2055,17931,,2,6,0,1,,2,085,-,Y,SCL,4,85,-,R,18.79,H,-,S,N,2,A,-,22107,,N,B,H,-,C,D,6,Y,A,01,0,0,1,0,0,0,0,0,0,T,-,SUNNYVALE,SANTA CLARA,CA,0.0,0.0,32.0,,1.0,,,,1.0,1.0,,,1.0,,,1.0,,,,,,,,1.0,,,,,,,,,2.0,,,,,,,,,,,,,Motor Vehicle
1352,1352,1352,4031412,-121.97265609700001,37.4179459718,2008,4316,3,2,3,03,0,2,A,,,,,,2100,12,C,C,A,RT 237,LAWRENCE EXPWY,2378,E,N,2009-08-25,9340,2008-12-02,1820,01839,,2,6,0,1,,2,240,-,Y,SCL,4,237,-,M,5.05,H,-,W,Y,2,A,-,22350,,N,A,H,-,D,D,1,Y,A,01,0,1,1,0,0,0,0,0,0,-,-,SUNNYVALE,SANTA CLARA,CA,0.0,0.0,52.0,,1.0,1.0,1.0,2.0,,,,,1.0,,,1.0,,,,,1.0,,,,,,,,,,,,2.0,,,,,,,,,,,,,Motor Vehicle
1353,1353,1353,4036721,-121.99825,37.39602,2009,4316,0,6,4,03,0,1,B,,,,,,1800,1,C,C,A,LAKEHAVEN,LAKEMUIR DR,0,,Y,2009-09-14,4316,2009-01-24,1536,14139,21,5,6,0,0,,0,002,-,N,,0,0,,,0.0,,,,N,2,A,-,22350,,N,B,H,-,A,D,0,Y,-,-,0,0,1,0,0,0,0,0,0,-,-,SUNNYVALE,SANTA CLARA,CA,0.0,0.0,62.0,,1.0,,,,1.0,,1.0,1.0,,,,1.0,,,,,1.0,,,,,,,,,,,,1.0,,,,,,,,,,,,,Motor Vehicle
1354,1354,1354,4036755,-122.01201,37.38093,2009,4316,0,3,3,10,0,1,A,Y,,,,,2100,1,G,B,B,WOLFE RD,ARQUES AV,0,,Y,2009-09-10,4316,2009-01-21,1935,14829,27,5,6,0,0,,0,002,-,N,,0,0,,,0.0,,,,N,2,A,-,21950,A,N,B,H,-,C,A,0,Y,A,01,0,1,0,0,1,0,0,0,0,-,-,SUNNYVALE,SANTA CLARA,CA,0.0,0.0,28.0,,1.0,,,1.0,,,,2.0,,,,1.0,,1.0,,,,,,,,,,,,,,,1.0,,,,,1.0,,,,,,,,Pedestrian
1355,1355,1355,4039234,-122.03218000000001,37.36173,2009,4316,0,1,4,09,0,1,B,Y,,,,,900,1,G,B,B,CUMULUS AV,SUNNYVALE SARATOGA,0,,Y,2009-08-26,4316,2009-01-05,752,44611,61,5,6,0,0,,0,006,-,N,,0,0,,,0.0,,,,N,2,A,-,21802,A,N,A,H,-,A,D,0,Y,-,-,0,0,1,0,1,0,0,0,0,-,-,SUNNYVALE,SANTA CLARA,CA,0.0,0.0,69.0,,,1.0,1.0,,1.0,1.0,,1.0,,,,1.0,,1.0,,,,,,,,,,,,,,,,,,,,1.0,,,,,,,,Pedestrian
1356,1356,1356,4039238,-122.0617581,37.36841025,2009,4316,0,4,3,08,0,1,A,,Y,,,,2100,1,E,J,A,KNICKERBOCKER DR,HEATHERSTONE WY,10,S,N,2009-08-26,4316,2009-01-01,1915,11145,51,5,6,0,0,,0,005,-,N,,0,0,,,0.0,,,,N,1,A,-,22107,,N,A,H,-,C,D,0,Y,L,04,0,1,0,0,0,0,1,0,0,-,-,SUNNYVALE,SANTA CLARA,CA,0.0,0.0,50.0,,1.0,,,1.0,,,,,,,1.0,,,,,,,,,,,,,,,,,,,,1.0,,,,,,,,,,,Bicycle
1357,1357,1357,4039242,-122.02656,37.38346,2009,4316,0,7,3,01,0,3,A,,,,,Y,600,1,D,C,A,SUNNYVALE AV,ARQUES AV,0,,Y,2009-08-26,4316,2009-01-04,427,14547,1,5,6,0,0,,0,015,-,N,,0,0,,,0.0,,,,Y,2,A,-,23152,A,N,A,H,-,C,A,0,Y,A,01,0,2,1,0,0,0,0,0,0,-,-,SUNNYVALE,SANTA CLARA,CA,0.0,0.0,29.333333333333332,,3.0,,,1.0,2.0,,1.0,1.0,,,,1.0,,1.0,,,,,,,,,,,,,,,2.0,,,,,,,,,,,,,Motor Vehicle
1358,1358,1358,4039262,-122.06146000000001,37.33749,2009,4316,0,5,4,12,0,1,B,,,,,,1500,1,D,C,A,HOMESTEAD RD,BELLEVILLE WY,0,,Y,2009-08-26,4316,2009-01-02,1215,11145,53,5,6,0,0,,0,005,-,N,,0,0,,,0.0,,,,Y,2,A,-,21453,A,N,B,H,-,A,A,0,Y,A,01,0,0,1,0,0,0,0,0,0,-,-,SUNNYVALE,SANTA CLARA,CA,0.0,0.0,29.666666666666668,,3.0,,,2.0,1.0,,,,,,1.0,1.0,,,,,,,,,,,,,,,,,2.0,,,,,,,,,,,,,Motor Vehicle