,level_0,index,CASEID,POINT_X,POINT_Y,YEAR_,LOCATION,CHPTYPE,DAYWEEK,CRASHSEV,VIOLCAT,KILLED,INJURED,WEATHER1,PEDCOL,BICCOL,MCCOL,TRUCKCOL,ETOH,TIMECAT,MONTH_,CRASHTYP,INVOLVE,PED,PRIMARYRD,SECONDRD,DISTANCE,DIRECT,INTERSECT_,PROCDATE,JURIS,DATE_,TIME_,BADGE,JURIDIST,SHIFT,POP,SPECIAL,BEATTYPE,LAPDDIV,BEATCLAS,BEATNUMB,WEATHER2,STATEHW,CALTRANC,CALTRAND,STROUTE,ROUTESUF,POSTPRE,POSTMILE,LOCATYPE,RAMP,SIDEHW,TOWAWAY,PARTIES,PCF,VIOLCODE,VIOL,VIOLSUB,HITRUN,ROADSURF,RDCOND1,RDCOND2,LIGHTING,RIGHTWAY,CHPRDTYP,NOTPRIV,STFAULT,CHPFAULT,SEVINJ,OTHERINJ,COP,PEDKILL,PEDINJ,BICKILL,BICINJ,MCKILL,MCINJURE,RAMP1,RAMP2,CITY,COUNTY,STATE,X_CHP,Y_CHP,AvgVAGE,VAGE_Minor,VAGE_Working,VAGE_Senior,MobilLimAge,F_M_VSEX,F_F_VSEX,F_A_PRACE,F_H_PRACE,F_W_PRACE,F_O_PRACE,F_B_PRACE,F_E_MOVEMENT,F_B_MOVEMENT,F_A_MOVEMENT,F_D_MOVEMENT,F_P_MOVEMENT,F_O_MOVEMENT,F_H_MOVEMENT,F_L_MOVEMENT,F_F_MOVEMENT,F_R_MOVEMENT,F_J_MOVEMENT,F_Q_MOVEMENT,F_G_MOVEMENT,F_C_MOVEMENT,F_M_MOVEMENT,F_N_MOVEMENT,F_K_MOVEMENT,F_I_MOVEMENT,F_A_VEHTYPE,F_I_VEHTYPE,F_L_VEHTYPE,F_D_VEHTYPE,F_C_VEHTYPE,F_N_VEHTYPE,F_F_VEHTYPE,F_J_VEHTYPE,F_G_VEHTYPE,F_B_VEHTYPE,F_M_VEHTYPE,F_E_VEHTYPE,F_H_VEHTYPE,PrimeModeClass
1778,1778,1778,4550217,-122.01422,37.337709999999994,2009,4316,0,5,4,01,0,1,A,,,,,,2400,12,C,C,A,HOMESTEAD RD,WOLFE RD,0,,Y,2010-10-06,4316,2009-12-04,2342,10449,62,5,6,0,0,,0,006,-,N,,0,0,,,0.0,,,,Y,2,A,-,23152,A,N,-,H,-,C,A,0,Y,A,01,0,0,1,0,0,0,0,0,0,-,-,SUNNYVALE,SANTA CLARA,CA,0.0,0.0,20.5,1.0,1.0,,1.0,2.0,,,,,2.0,,,1.0,1.0,,,,,,,,,,,,,,,,2.0,,,,,,,,,,,,,Motor Vehicle
1779,1779,1779,4550707,-122.01698909999999,37.3856943,2009,4316,0,7,3,03,0,1,B,,,Y,,,1200,12,H,J,A,FAIR OAKS AV,MAUDE AV,160,N,N,2010-10-04,4316,2009-12-27,1010,16663,1,5,6,0,0,,0,014,-,N,,0,0,,,0.0,,,,N,1,A,-,22350,,N,B,H,-,A,A,0,Y,C,02,0,1,0,0,0,0,0,0,1,-,-,SUNNYVALE,SANTA CLARA,CA,0.0,0.0,18.0,,1.0,,,1.0,,,,,1.0,,,1.0,,,,,,,,,,,,,,,,,,,,,1.0,,,,,,,,,Motor Vehicle
1780,1780,1780,4550708,-122.00519208,37.352124980999996,2009,4316,0,2,4,08,0,3,A,,,,,,1500,12,C,C,A,RT 82,HENDERSON AV,0,,Y,2010-12-15,4316,2009-12-22,1327,14314,43,5,6,0,0,,0,004,-,Y,SCL,4,82,-,-,14.82,H,-,S,Y,4,A,-,22107,,N,A,H,-,A,A,0,Y,A,01,0,0,3,0,0,0,0,0,0,-,-,SUNNYVALE,SANTA CLARA,CA,0.0,0.0,52.0,,2.0,1.0,1.0,1.0,2.0,2.0,,2.0,,,,1.0,1.0,,,,,,2.0,,,,,,,,,,4.0,,,,,,,,,,,,,Motor Vehicle
1781,1781,1781,4550712,-122.048262024,37.371906531,2009,4316,0,3,4,03,0,2,A,,,,,,1500,12,C,C,A,RT 82,MARY,15,E,N,2010-12-15,4316,2009-12-23,1252,14576,32,5,6,0,0,,0,003,-,Y,SCL,4,82,-,-,17.68,H,-,N,N,2,A,-,22350,,N,A,H,-,A,A,0,Y,A,01,0,0,2,0,0,0,0,0,0,-,-,SUNNYVALE,SANTA CLARA,CA,0.0,0.0,44.0,,2.0,,,,2.0,1.0,,1.0,,,,1.0,1.0,,,,,,,,,,,,,,,,2.0,,,,,,,,,,,,,Motor Vehicle
1782,1782,1782,4550715,-121.99586000000001,37.39607,2009,4316,0,5,4,12,0,1,A,,,,,Y,2400,12,D,C,A,LAWRENCE EXPWY,SANDIA AV,0,,Y,2010-11-09,4316,2009-12-25,2102,20280,21,5,6,0,0,,0,002,-,N,,0,0,,,0.0,,,,Y,2,A,-,21453,A,N,A,H,-,C,A,0,Y,A,08,0,0,1,0,0,0,0,0,0,-,-,SUNNYVALE,SANTA CLARA,CA,0.0,0.0,64.0,,1.0,,,,1.0,,,,2.0,,1.0,1.0,,,,,,,,,,,,,,,,,2.0,,,,,,,,,,,,,Motor Vehicle
1783,1783,1783,4550719,-122.01726000000001,37.366659999999996,2009,4316,0,4,3,10,0,1,A,Y,,,,,1200,12,G,B,B,OLD SAN FRANCISCO RD,GAIL AV,0,,Y,2010-10-04,4316,2009-12-24,1114,16654,42,5,6,0,0,,0,004,-,N,,0,0,,,0.0,,,,N,2,A,-,21950,A,N,A,H,-,A,A,0,Y,A,01,0,1,0,0,1,0,0,0,0,-,-,SUNNYVALE,SANTA CLARA,CA,0.0,0.0,4.0,1.0,,,1.0,1.0,,1.0,,1.0,,,1.0,1.0,,,,,,,,,,,,,,,,,1.0,,,,,1.0,,,,,,,,Pedestrian
1784,1784,1784,4551301,-122.00026305700001,37.392334984,2009,4316,2,1,4,03,0,1,A,,,,,,1800,11,C,C,A,RT101,LAWRENCE EXPWY,25,N,N,2010-10-15,9340,2009-11-09,1645,019597,,2,6,0,1,,2,120,-,Y,SCL,4,101,-,-,43.953,R,1,S,N,2,A,-,22350,,N,A,H,-,A,A,1,Y,A,07,0,0,1,0,0,0,0,0,0,SF,-,SUNNYVALE,SANTA CLARA,CA,-121.99666,37.3898,59.0,,1.0,,,1.0,,,,1.0,1.0,,,1.0,,,,,1.0,,,,,,,,,,,,2.0,,,,,,,,,,,,,Motor Vehicle
1785,1785,1785,4560167,-122.03232306,37.37723498,2010,4316,0,2,4,09,0,1,C,,Y,,,,900,1,G,G,A,TAAFFE ST,CAPELLA WY,0,,Y,2010-11-03,4316,2010-01-19,606,16662,34,5,6,0,0,,0,003,-,N,,0,0,,,0.0,,,,N,2,A,-,21802,A,N,B,H,-,C,D,0,Y,L,04,0,0,1,0,0,0,1,0,0,-,-,SUNNYVALE,SANTA CLARA,CA,0.0,0.0,60.0,,1.0,,,1.0,,,,1.0,,1.0,,2.0,,,,,,,,,,,,,,,,,1.0,,1.0,,,,,,,,,,,Bicycle
1786,1786,1786,4560175,-122.021403551,37.381865872,2010,4316,0,2,4,03,0,2,C,,,,,,1500,1,C,C,A,CENTRAL EXPWY,FAIR OAKS,900,W,N,2010-11-03,4316,2010-01-26,1353,17470,15,5,6,0,0,,0,001,-,N,,0,0,,,0.0,,,,Y,2,A,-,22350,,N,B,H,-,A,D,0,Y,A,01,0,0,2,0,0,0,0,0,0,-,-,SUNNYVALE,SANTA CLARA,CA,0.0,0.0,33.5,,2.0,,,2.0,,1.0,,1.0,,,,2.0,,,,,,,,,,,,,,,,,2.0,,,,,,,,,,,,,Motor Vehicle
1787,1787,1787,4560187,-122.002235094,37.388458267,2010,4316,0,5,3,08,0,1,A,,,,,,1200,1,C,C,A,DUANE AV,SAN RAFAEL AV,200,E,N,2010-11-03,4316,2010-01-29,1025,16660,26,5,6,0,0,,0,002,-,N,,0,0,,,0.0,,,,Y,2,A,-,22107,,N,A,H,-,A,D,0,Y,A,01,0,1,0,0,0,0,0,0,0,-,-,SUNNYVALE,SANTA CLARA,CA,0.0,0.0,66.0,,,1.0,1.0,,1.0,1.0,,,,,,,,,,,,,,,,,,,1.0,,,,1.0,,,,,,,,,,,,,Motor Vehicle
1788,1788,1788,4561434,-121.991518737,37.389975147,2010,4316,2,7,1,11,1,0,B,Y,,,,Y,2400,1,G,B,D,RT 101,LAWRENCE EXPWY,500,S,N,2012-01-23,9340,2010-01-17,2147,019378,,2,6,0,1,,2,120,-,Y,SCL,4,101,-,-,43.75,H,-,N,Y,2,A,-,21954,A,N,A,H,-,D,D,1,Y,N,60,0,0,0,1,0,0,0,0,0,-,-,SUNNYVALE,SANTA CLARA,CA,-121.99417,37.39072,58.0,,1.0,,,1.0,,,1.0,1.0,,,,1.0,,,,,,,,,,,,,,,,,1.0,,,,,1.0,,,,,,,,Pedestrian
1789,1789,1789,4562534,-122.05602763200001,37.3325395471,2010,4316,3,1,4,03,0,1,A,,,,,,1800,1,C,C,A,RT 85,RT 280,100,S,N,2011-02-08,9340,2010-01-04,1730,019597,,2,6,0,1,,2,085,-,Y,SCL,4,85,-,R,18.39,H,-,S,N,3,A,-,22350,,N,A,H,-,C,D,6,Y,D,22,0,0,1,0,0,0,0,0,0,-,-,SUNNYVALE,SANTA CLARA,CA,-122.05393000000001,37.33043,48.5,,2.0,,,1.0,1.0,,1.0,1.0,1.0,,,1.0,,,,,2.0,,,,,,,,,,,,2.0,,,1.0,,,,,,,,,,Motor Vehicle
1790,1790,1790,4565687,-122.033752955,37.373175868000004,2010,4316,0,3,4,08,0,1,B,,,,,,1800,1,E,I,A,IOWA AV,TAAFFE ST,30,W,N,2010-11-03,4316,2010-01-13,1730,13539,,5,6,0,0,,0,003,-,N,,0,0,,,0.0,,,,N,1,A,-,22107,,N,A,H,-,B,A,0,Y,A,01,0,0,1,0,0,0,0,0,0,-,-,SUNNYVALE,SANTA CLARA,CA,0.0,0.0,49.0,,1.0,,,,1.0,,,1.0,,,,,,1.0,,,,,,,,,,,,,,,1.0,,,,,,,,,,,,,Motor Vehicle
1791,1791,1791,4565695,-122.011063061,37.408474985,2010,4316,0,4,4,09,0,2,A,,,,,,2100,1,D,C,A,JAVA DR,CROSSMAN,0,,Y,2010-11-03,4316,2010-01-14,1830,14183,20,5,6,0,0,,0,002,-,N,,0,0,,,0.0,,,,Y,2,A,-,21453,C,N,A,H,-,C,A,0,Y,A,01,0,0,2,0,0,0,0,0,0,-,-,SUNNYVALE,SANTA CLARA,CA,0.0,0.0,33.0,,2.0,,,1.0,1.0,2.0,,,,,1.0,1.0,,,,,,,,,,,,,,,,,2.0,,,,,,,,,,,,,Motor Vehicle
1792,1792,1792,4565699,-122.01787305799999,37.383454981999996,2010,4316,0,2,4,03,0,1,A,,,,,,1200,1,C,C,A,FAIR OAKS AV,TAYLOR AV,0,,Y,2010-12-08,4316,2010-01-12,1035,16650,15,5,6,0,0,,0,001,-,N,,0,0,,,0.0,,,,Y,2,A,-,22350,,N,A,H,-,A,D,0,Y,A,01,0,0,1,0,0,0,0,0,0,-,-,SUNNYVALE,SANTA CLARA,CA,0.0,0.0,17.0,1.0,2.0,,1.0,1.0,2.0,,1.0,1.0,,,,1.0,1.0,,,,,,,,,,,,,,,,2.0,,,,,,,,,,,,,Motor Vehicle
1793,1793,1793,4565711,-122.04339305799999,37.344824976999995,2010,4316,0,2,4,03,0,1,B,,,,,,900,1,C,C,A,THE DALLES AV,NEWFOUNDLAND DR,0,,Y,2010-11-03,4316,2010-01-12,808,14189,54,5,6,0,0,,0,005,-,N,,0,0,,,0.0,,,,N,2,A,-,22350,,N,B,H,-,A,A,0,Y,-,-,0,0,1,0,0,0,0,0,0,-,-,SUNNYVALE,SANTA CLARA,CA,0.0,0.0,65.0,,,1.0,1.0,,1.0,,1.0,1.0,,,,1.0,1.0,,,,,,,,,,,,,,,,,,,,,,,,,,,,,Motor Vehicle
1794,1794,1794,4565801,-121.99597305700001,37.403504985,2010,4316,0,1,3,05,0,2,A,,Y,,,,1800,1,-,G,A,LAWRENCE EXPWY,TASMAN,0,,Y,2011-02-23,4316,2010-01-11,1750,14230,22,5,6,0,0,,0,002,-,N,,0,0,,,0.0,,,,N,2,A,-,21650,1,N,A,H,-,C,D,0,Y,L,04,0,1,1,0,0,0,2,0,0,-,-,SUNNYVALE,SANTA CLARA,CA,0.0,0.0,21.5,,1.0,,,2.0,,,1.0,1.0,,,,2.0,,,,,,,,,,,,,,,,,,,2.0,,,,,,,,,,,Bicycle
1795,1795,1795,4565833,-122.03743208899999,37.346664978,2010,4316,0,1,3,10,0,1,E,,Y,,,,900,1,D,G,A,CHEYENNE DR,REVELSTOKE WY,9,E,N,2010-12-14,4316,2010-01-11,807,14181,55,5,6,0,0,,0,005,-,N,,0,0,,,0.0,,,,N,2,A,-,21950,A,N,A,H,-,A,D,0,Y,A,07,0,1,0,0,0,0,1,0,0,-,-,SUNNYVALE,SANTA CLARA,CA,0.0,0.0,11.0,1.0,,,1.0,1.0,,1.0,1.0,,,,1.0,,,,,,,1.0,,,,,,,,,,,1.0,,1.0,,,,,,,,,,,Bicycle
1796,1796,1796,4570165,-122.04950585700001,37.321686413,2010,4316,3,5,3,03,0,1,B,,,,,,1200,1,E,I,A,RT 85,RT 280,100,N,N,2011-03-16,9340,2010-01-22,955,17110,,1,6,0,1,,2,085,C,Y,SCL,4,85,-,R,17.682000000000002,R,2,N,Y,1,A,-,22350,,N,B,H,-,A,D,6,Y,A,01,0,1,0,0,0,0,0,0,0,FR,-,SUNNYVALE,SANTA CLARA,CA,-122.05565,37.33368,41.0,,1.0,,,,1.0,1.0,,,,,,1.0,,,,,,,,,,,,,,,,,1.0,,,,,,,,,,,,,Motor Vehicle
1797,1797,1797,4570230,-122.059808425,37.348108896,2010,4316,3,2,4,03,0,1,B,,,,,,1200,1,B,C,A,RT 85,FREMONT AV,1000,S,N,2011-03-18,9340,2010-01-19,945,15465,,1,6,0,1,,2,085,C,Y,SCL,4,85,-,R,19.67,H,-,N,Y,2,A,-,22350,,N,B,H,-,D,D,6,Y,A,01,0,0,1,0,0,0,0,0,0,-,-,SUNNYVALE,SANTA CLARA,CA,-122.06013999999999,37.35103,53.0,,1.0,,,,1.0,,1.0,,1.0,,,2.0,,,,,,,,,,,,,,,,,2.0,,,,,,,,,,,,,Motor Vehicle
1798,1798,1798,4571025,-122.03874596600001,37.350809597,2010,4316,0,7,3,08,0,1,A,,,,,,1500,1,A,E,A,CORDILLERAS AV,FREMONT AV,519,S,N,2010-11-01,4316,2010-01-31,1315,14659,55,5,6,0,0,,0,005,-,N,,0,0,,,0.0,,,,Y,2,A,-,22107,,N,A,H,-,A,D,0,Y,A,01,0,1,0,0,0,0,0,0,0,-,-,SUNNYVALE,SANTA CLARA,CA,0.0,0.0,48.0,,1.0,,,,1.0,1.0,,,,,1.0,,,,,1.0,,,,,,,,,,,,,2.0,,,,,,,,,,,,,Motor Vehicle
1799,1799,1799,4571284,-121.995981273,37.403587139,2010,4316,0,3,4,03,0,1,A,,,,,,2100,2,C,C,A,LAWRENCE EXPY,TASMAN DR,30,N,N,2010-11-22,4316,2010-02-03,1813,17470,22,5,6,0,0,,0,002,-,N,,0,0,,,0.0,,,,N,2,A,-,22350,,N,A,H,-,C,A,0,Y,A,01,0,0,1,0,0,0,0,0,0,-,-,SUNNYVALE,SANTA CLARA,CA,0.0,0.0,45.0,,1.0,,,,1.0,,,2.0,,,,1.0,1.0,,,,,,,,,,,,,,,,2.0,,,,,,,,,,,,,Motor Vehicle
1800,1800,1800,4571359,-122.035643061,37.37356498,2010,4316,0,4,4,12,0,2,C,,,,,,2400,2,D,C,A,MATHILDA AV,IOWA AV,0,,Y,2010-11-22,4316,2010-02-04,2110,15906,,5,6,0,0,,0,,-,N,,0,0,,,0.0,,,,Y,2,A,-,21453,A,N,B,H,-,C,A,0,Y,A,01,0,0,2,0,0,0,0,0,0,-,-,SUNNYVALE,SANTA CLARA,CA,0.0,0.0,44.0,,2.0,,,,2.0,1.0,,,1.0,,,2.0,,,,,,,,,,,,,,,,,2.0,,,,,,,,,,,,,Motor Vehicle
1801,1801,1801,4571434,-122.046816389,37.371599505,2010,4316,0,5,3,01,0,2,A,,,,,Y,2100,2,D,C,A,EL CAMINO REAL,MARY AV,450,E,N,2011-03-28,4316,2010-02-05,2020,15841,52,5,6,0,0,,0,005,-,Y,SCL,4,82,-,-,17.6,H,-,N,Y,3,A,-,23153,A,N,A,H,-,C,D,0,Y,A,01,0,2,0,0,0,0,0,0,0,-,-,SUNNYVALE,SANTA CLARA,CA,0.0,0.0,25.5,1.0,2.0,,1.0,2.0,2.0,,1.0,1.0,,,,1.0,,,,1.0,,,1.0,,,,,,,,,,3.0,,,,,,,,,,,,,Motor Vehicle
1802,1802,1802,4571438,-122.04848306299999,37.371794979,2010,4316,0,4,4,03,0,1,C,,,,,,1800,2,C,C,A,MARY AVE,RT82,50,S,N,2012-04-18,4316,2010-02-04,1524,15949,51,5,6,0,0,,0,005,-,Y,SCL,4,82,-,-,17.69,I,6,S,N,3,A,-,22350,,N,B,H,-,A,D,0,Y,A,01,0,0,1,0,0,0,0,0,0,-,-,SUNNYVALE,SANTA CLARA,CA,0.0,0.0,58.0,,1.0,,,1.0,,1.0,,2.0,,,,1.0,2.0,,,,,,,,,,,,,,,,3.0,,,,,,,,,,,,,Motor Vehicle
1803,1803,1803,4574083,-122.044082318,37.384994904,2010,4316,0,5,4,03,0,1,A,,,,,,1200,1,C,C,A,MARY,CALIFORNIA,60,S,N,2010-11-15,4316,2010-01-08,953,12743,,5,6,0,0,,0,001,-,N,,0,0,,,0.0,,,,N,2,A,-,22350,,N,A,H,-,A,A,0,Y,A,01,0,0,1,0,0,0,0,0,0,-,-,SUNNYVALE,SANTA CLARA,CA,0.0,0.0,58.0,,1.0,,,,1.0,,,2.0,,,,,1.0,,,,1.0,,,,,,,,,,,,2.0,,,,,,,,,,,,,Motor Vehicle
1804,1804,1804,4574087,-122.02490306,37.390904981999995,2010,4316,0,5,4,12,0,1,A,,,,,,1800,1,B,C,A,BORREGAS,DUANE,0,,Y,2010-11-15,4316,2010-01-08,1739,14230,14,5,6,0,0,,0,001,-,N,,0,0,,,0.0,,,,Y,2,A,-,22450,A,N,A,H,-,C,D,0,Y,A,01,0,0,1,0,0,0,0,0,0,-,-,SUNNYVALE,SANTA CLARA,CA,0.0,0.0,89.0,,,1.0,1.0,1.0,,,,2.0,,,,1.0,,1.0,,,,,,,,,,,,,,,2.0,,,,,,,,,,,,,Motor Vehicle
1805,1805,1805,4574091,-122.028077006,37.367145858,2010,4316,0,3,4,17,0,1,A,Y,Y,,,,1200,1,B,B,F,CEZANNE DR,OLD SAN FRANCISCO RD,250,S,N,2010-11-15,4316,2010-01-06,1120,10-180,42,5,6,0,0,,0,004,-,N,,0,0,,,0.0,,,,N,2,A,-,21208,A,N,A,H,-,A,A,0,Y,L,04,0,0,1,0,1,0,0,0,0,-,-,SUNNYVALE,SANTA CLARA,CA,0.0,0.0,87.0,,,1.0,1.0,,1.0,1.0,,1.0,,,,2.0,,,,,,,,,,,,,,,,,,,1.0,,,1.0,,,,,,,,Pedestrian
1806,1806,1806,4574095,-122.01795942,37.366706536,2010,4316,0,2,3,08,0,2,B,,,,,,900,1,D,C,A,OLD SAN FRANCISCO RD,GAIL AV,200,W,N,2010-11-15,4316,2010-01-05,729,13860,41,5,6,0,0,,0,004,-,N,,0,0,,,0.0,,,,Y,2,A,-,22103,,N,A,H,-,A,D,0,Y,A,01,0,1,1,0,0,0,0,0,0,-,-,SUNNYVALE,SANTA CLARA,CA,0.0,0.0,22.0,1.0,2.0,,1.0,1.0,2.0,,2.0,,,,,1.0,,,,,,,1.0,,,,,,,,,,2.0,,,,,,,,,,,,,Motor Vehicle
1807,1807,1807,4574099,-122.008253055,37.366744982,2010,4316,0,1,3,10,0,1,A,Y,,,,,2100,1,G,B,B,REED AV,SEQUOIA DR,0,,Y,2010-11-15,4316,2010-01-04,1854,15837,41,5,6,0,0,,0,004,-,N,,0,0,,,0.0,,,,N,2,A,-,21950,A,N,A,H,-,C,A,0,Y,A,01,0,1,0,0,1,0,0,0,0,-,-,SUNNYVALE,SANTA CLARA,CA,0.0,0.0,30.0,,1.0,,,,1.0,1.0,,,1.0,,1.0,,,,,,,,,1.0,,,,,,,,,1.0,,,,,1.0,,,,,,,,Pedestrian
1808,1808,1808,4574103,-122.005363051,37.337734979000004,2010,4316,0,2,3,05,0,1,A,,Y,,,,1200,1,D,G,A,QUAIL AV,HOMESTEAD RD,0,,Y,2010-11-15,4316,2010-01-05,1057,37823,63,5,6,0,0,,0,006,-,N,,0,0,,,0.0,,,,N,2,A,-,21650,1,N,A,H,-,A,A,0,Y,L,04,0,1,0,0,0,0,1,0,0,-,-,SUNNYVALE,SANTA CLARA,CA,0.0,0.0,26.0,,1.0,,,,1.0,,,1.0,,1.0,,,,1.0,,,,,,,,1.0,,,,,,,1.0,,1.0,,,,,,,,,,,Bicycle
1809,1809,1809,4574928,-122.048483062,37.371794979,2010,4316,0,6,4,03,0,1,A,,,,,,1500,1,C,C,A,EL CAMINO REAL,MARY AV,0,,Y,2010-12-02,4316,2010-01-02,1248,,51,5,6,0,0,,0,005,-,N,,0,0,,,0.0,,,,N,2,A,-,22350,,N,A,H,-,A,D,0,Y,A,01,0,0,1,0,0,0,0,0,0,-,-,SUNNYVALE,SANTA CLARA,CA,0.0,0.0,61.0,,1.0,,,1.0,,1.0,,1.0,,,,2.0,,,,,,,,,,,,,,,,,2.0,,,,,,,,,,,,,Motor Vehicle
1810,1810,1810,4574936,-122.001273057,37.391214984,2010,4316,0,1,3,09,0,3,A,,,,,,1500,1,D,C,A,AMADOR AV,SANTA ROSA AV,0,,Y,2010-11-01,4316,2010-01-04,1423,16660,26,5,6,0,0,,0,002,-,N,,0,0,,,0.0,,,,Y,2,A,-,21800,B,N,A,H,-,A,D,0,Y,A,01,0,1,2,0,0,0,0,0,0,-,-,SUNNYVALE,SANTA CLARA,CA,0.0,0.0,20.333333333333332,1.0,2.0,,1.0,,3.0,,1.0,,1.0,,1.0,1.0,,,,,,,,,,,,,,,,,2.0,,,,,,,,,,,,,Motor Vehicle
1811,1811,1811,4575290,-121.99660654700001,37.369435214,2010,4316,4,4,4,03,0,1,A,,,,,,1200,1,C,C,A,LAWRENCE EXPY,MONROE ST,950,N,N,2010-11-05,9340,2010-01-07,1015,17636,,1,6,0,2,,2,610,-,N,,0,0,,,0.0,,,,Y,3,A,-,22350,,N,A,H,-,A,D,0,Y,D,22,0,0,1,0,0,0,0,0,0,-,-,SUNNYVALE,SANTA CLARA,CA,-121.9963,37.37036,35.0,,2.0,,,,2.0,2.0,,1.0,,,,1.0,,,,,2.0,,,,,,,,,,,,2.0,,,1.0,,,,,,,,,,Motor Vehicle
1812,1812,1812,4575622,-122.00004149899999,37.392474165,2010,4316,2,7,3,01,0,1,A,,,,,Y,600,1,E,I,A,RT101,LAWRENCE EXPWY,568,N,N,2011-02-10,9340,2010-01-03,514,18047,,3,6,0,1,,2,120,-,Y,SCL,4,101,-,-,43.96,H,-,N,Y,1,A,-,23153,A,F,A,H,-,D,D,1,Y,A,01,0,1,0,0,0,0,0,0,0,-,-,SUNNYVALE,SANTA CLARA,CA,-122.00003999999998,37.392540000000004,37.0,,1.0,,,1.0,,,1.0,,,,,,,,,,,,,1.0,,,,,,,,,1.0,,,,,,,,,,,,,Motor Vehicle
1813,1813,1813,4575669,-122.000343056,37.392354985,2010,4316,2,5,4,01,0,1,B,,,,,Y,900,1,E,I,A,RT 101,LAWRENCE EXPY,300,N,N,2011-02-10,9340,2010-01-01,600,19376,,1,6,0,1,,2,120,-,Y,SCL,4,101,-,-,43.96,H,-,S,Y,1,A,-,23152,A,N,A,H,-,D,D,1,Y,A,01,0,0,1,0,0,0,0,0,0,-,-,SUNNYVALE,SANTA CLARA,CA,-121.99821999999999,37.39159,25.333333333333332,,3.0,,,2.0,1.0,,1.0,,,,,,,,,,,,,1.0,,,,,,,,,1.0,,,,,,,,,,,,,Motor Vehicle
1814,1814,1814,4580341,-122.028745046,37.395821699,2010,4316,0,7,4,01,0,1,A,,,,,Y,300,1,A,I,A,MATHILDA AV,ALMANOR AV,10,N,N,2010-12-03,4316,2010-01-24,146,15950,12,5,6,0,0,,0,001,-,N,,0,0,,,0.0,,,,Y,1,A,-,23152,A,N,B,H,-,C,A,0,Y,A,07,0,0,1,0,0,0,0,0,0,-,-,SUNNYVALE,SANTA CLARA,CA,0.0,0.0,22.666666666666668,,3.0,,,3.0,,,1.0,,,,1.0,,,,,,,,,,,,,,,,,,1.0,,,,,,,,,,,,,Motor Vehicle
1815,1815,1815,4580353,-122.034493061,37.37686498,2010,4316,0,7,4,00,0,1,B,,,,,,1800,1,D,C,A,MATHILDA AV,WASHINGTON AV,0,,Y,2010-10-29,4316,2010-01-17,1608,15949,33,5,6,0,0,,0,003,-,N,,0,0,,,0.0,,,,N,2,D,-,0,,N,B,H,-,A,A,0,Y,-,-,0,0,1,0,0,0,0,0,0,-,-,SUNNYVALE,SANTA CLARA,CA,0.0,0.0,19.5,1.0,1.0,,1.0,,2.0,1.0,,1.0,,,,2.0,,,,,,,,,,,,,,,,,2.0,,,,,,,,,,,,,Motor Vehicle
1816,1816,1816,4582727,-121.99660384799999,37.4096094076,2010,4316,3,5,4,08,0,1,C,,,,,,900,1,E,I,A,RT 237,LAWRENCE EXPWY,410,E,N,2011-01-26,9340,2010-01-22,718,018562,,1,6,0,1,,2,230,-,Y,SCL,4,237,-,R,4.68,H,-,E,Y,1,A,-,22107,,N,B,H,-,A,D,1,Y,A,07,0,0,1,0,0,0,0,0,0,-,-,SUNNYVALE,SANTA CLARA,CA,-121.99562,37.40976,25.0,,1.0,,,1.0,,,1.0,,,,,,,,,,,,,,,,,1.0,,,,,1.0,,,,,,,,,,,,,Motor Vehicle
1817,1817,1817,4587583,-121.99530319,37.4100524324,2010,4316,3,3,4,21,0,1,B,,,,,,1500,2,C,C,A,RT 237,LAWRENCE EXPWY,10,W,N,2011-01-26,9340,2010-02-03,1345,17636,,1,6,0,1,,2,230,-,Y,SCL,4,237,-,R,4.731,R,1,W,N,2,A,-,22106,,N,A,H,-,A,D,1,Y,A,07,0,0,1,0,0,0,0,0,0,-,-,SUNNYVALE,SANTA CLARA,CA,-121.99913000000001,37.40963,44.0,,2.0,,,2.0,,1.0,,1.0,,,,,2.0,,,,,,,,,,,,,,,,2.0,,,,,,,,,,,,,Motor Vehicle
1818,1818,1818,4603632,-122.051908975,37.333121172,2010,4316,1,4,3,03,0,1,B,,,,,,1800,2,C,C,A,RT 280,RT85,1056,S,N,2011-02-02,9340,2010-02-11,1640,18679,,2,6,0,1,,2,282,-,Y,SCL,4,280,-,-,10.54,H,-,S,Y,2,A,-,22350,,N,A,H,-,A,D,1,Y,A,01,0,1,0,0,0,0,0,0,0,-,-,SUNNYVALE,SANTA CLARA,CA,-122.05518000000001,37.33182,25.0,,1.0,,,,1.0,,,1.0,,1.0,,1.0,,,,,1.0,,,,,,,,,,,,1.0,,,1.0,,,,,,,,,,Motor Vehicle
1819,1819,1819,4604084,-122.041513059,37.350701382,2010,4316,0,2,4,04,0,1,C,,,,,,1500,3,C,C,A,HOLLENBECK AV,FREMONT AV,500,S,N,2011-01-21,4316,2010-03-02,1457,14395,54,5,6,0,0,,0,005,-,N,,0,0,,,0.0,,,,N,3,A,-,21703,,N,B,H,-,A,D,0,Y,A,01,0,0,1,0,0,0,0,0,0,-,-,SUNNYVALE,SANTA CLARA,CA,0.0,0.0,72.0,,,1.0,1.0,,1.0,,,3.0,,,,2.0,1.0,,,,,,,,,,,,,,,,3.0,,,,,,,,,,,,,Motor Vehicle