,level_0,index,CASEID,POINT_X,POINT_Y,YEAR_,LOCATION,CHPTYPE,DAYWEEK,CRASHSEV,VIOLCAT,KILLED,INJURED,WEATHER1,PEDCOL,BICCOL,MCCOL,TRUCKCOL,ETOH,TIMECAT,MONTH_,CRASHTYP,INVOLVE,PED,PRIMARYRD,SECONDRD,DISTANCE,DIRECT,INTERSECT_,PROCDATE,JURIS,DATE_,TIME_,BADGE,JURIDIST,SHIFT,POP,SPECIAL,BEATTYPE,LAPDDIV,BEATCLAS,BEATNUMB,WEATHER2,STATEHW,CALTRANC,CALTRAND,STROUTE,ROUTESUF,POSTPRE,POSTMILE,LOCATYPE,RAMP,SIDEHW,TOWAWAY,PARTIES,PCF,VIOLCODE,VIOL,VIOLSUB,HITRUN,ROADSURF,RDCOND1,RDCOND2,LIGHTING,RIGHTWAY,CHPRDTYP,NOTPRIV,STFAULT,CHPFAULT,SEVINJ,OTHERINJ,COP,PEDKILL,PEDINJ,BICKILL,BICINJ,MCKILL,MCINJURE,RAMP1,RAMP2,CITY,COUNTY,STATE,X_CHP,Y_CHP,AvgVAGE,VAGE_Minor,VAGE_Working,VAGE_Senior,MobilLimAge,F_M_VSEX,F_F_VSEX,F_A_PRACE,F_H_PRACE,F_W_PRACE,F_O_PRACE,F_B_PRACE,F_E_MOVEMENT,F_B_MOVEMENT,F_A_MOVEMENT,F_D_MOVEMENT,F_P_MOVEMENT,F_O_MOVEMENT,F_H_MOVEMENT,F_L_MOVEMENT,F_F_MOVEMENT,F_R_MOVEMENT,F_J_MOVEMENT,F_Q_MOVEMENT,F_G_MOVEMENT,F_C_MOVEMENT,F_M_MOVEMENT,F_N_MOVEMENT,F_K_MOVEMENT,F_I_MOVEMENT,F_A_VEHTYPE,F_I_VEHTYPE,F_L_VEHTYPE,F_D_VEHTYPE,F_C_VEHTYPE,F_N_VEHTYPE,F_F_VEHTYPE,F_J_VEHTYPE,F_G_VEHTYPE,F_B_VEHTYPE,F_M_VEHTYPE,F_E_VEHTYPE,F_H_VEHTYPE,PrimeModeClass
1946,1946,1946,4758436,-122.017650754,37.366685964,2010,4316,0,2,3,04,0,1,A,,,Y,,,1800,7,C,C,A,OLD SAN FRANCISCO RD,GAIL,110,W,N,2011-08-01,4316,2010-07-06,1725,15132,41,5,6,0,0,,0,004,-,N,,0,0,,,0.0,,,,N,2,A,-,21703,,N,A,H,-,A,D,0,Y,C,02,0,1,0,0,0,0,0,0,1,-,-,SUNNYVALE,SANTA CLARA,CA,0.0,0.0,14.0,1.0,1.0,,1.0,1.0,1.0,,,,2.0,,,1.0,1.0,,,,,,,,,,,,,,,,1.0,,,,1.0,,,,,,,,,Motor Vehicle
1947,1947,1947,4758452,-122.03604899,37.372313375,2010,4316,0,4,4,01,0,1,A,,,,,Y,300,7,D,I,A,MATHILDA AV,OLIVE AV,225,N,N,2011-11-22,4316,2010-07-08,28,17470,33,5,6,0,0,,0,003,-,N,,0,0,,,0.0,,,,Y,1,A,-,23152,A,M,A,H,-,C,D,0,Y,A,01,0,0,1,0,0,0,0,0,0,-,-,SUNNYVALE,SANTA CLARA,CA,0.0,0.0,29.0,,1.0,,,1.0,,,1.0,,,,,1.0,,,,,,,,,,,,,,,,,1.0,,,,,,,,,,,,,Motor Vehicle
1948,1948,1948,4758460,-122.037108069,37.367375015,2010,4316,0,1,4,08,0,1,A,,,,,,1200,7,E,I,A,MATHILDA,EL CAMINO REAL,635,S,N,2011-08-01,4316,2010-07-05,1024,13250,52,5,6,0,0,,0,005,-,N,,0,0,,,0.0,,,,Y,1,A,-,22107,,N,A,H,-,A,D,0,Y,A,01,0,0,1,0,0,0,0,0,0,-,-,SUNNYVALE,SANTA CLARA,CA,0.0,0.0,48.0,,1.0,,,,1.0,1.0,,,,,,,,,,,,,,,,,,,1.0,,,,1.0,,,,,,,,,,,,,Motor Vehicle
1949,1949,1949,4766020,-121.997953022,37.4094758684,2010,4316,3,4,4,03,0,3,A,,,,,,1800,5,C,C,A,RT 101,LAWRENCE EXPWY,150,E,N,2011-06-29,9340,2010-05-20,1640,18679,,2,6,0,1,,2,230,-,Y,SCL,4,237,-,R,4.63,H,-,W,Y,2,A,-,22350,,N,A,H,-,A,D,1,Y,A,01,0,0,3,0,0,0,0,0,0,-,-,SUNNYVALE,SANTA CLARA,CA,-121.99763999999999,37.409690000000005,15.75,3.0,1.0,,3.0,1.0,3.0,,,1.0,1.0,,,1.0,,,,,1.0,,,,,,,,,,,,2.0,,,,,,,,,,,,,Motor Vehicle
1950,1950,1950,4766392,-122.060925609,37.3531007088,2010,4316,3,1,4,07,0,1,A,,,,,,900,6,D,C,A,RT 85,FREMONT AV,150,N,N,2011-07-12,9330,2010-06-14,840,18089,,1,6,0,1,,2,076,-,Y,SCL,4,85,-,R,19.92,H,-,N,Y,2,A,-,21658,A,N,A,H,-,A,D,1,Y,D,22,0,0,1,0,0,0,0,0,0,-,-,SUNNYVALE,SANTA CLARA,CA,0.0,0.0,35.0,,1.0,,,1.0,,,,2.0,,,,2.0,,,,,,,,,,,,,,,,,1.0,,,1.0,,,,,,,,,,Motor Vehicle
1951,1951,1951,4767043,-121.991553055,37.389984984,2010,4316,2,2,3,08,0,1,A,,,,,,300,6,E,I,A,RT 101,LAWRENCE EXPY,400,S,N,2011-08-30,9340,2010-06-08,155,019270,,3,6,0,1,,2,120,-,Y,SCL,4,101,-,-,43.753,R,2,N,Y,1,A,-,22107,,N,A,H,-,C,D,1,Y,A,01,0,1,0,0,0,0,0,0,0,-,-,SUNNYVALE,SANTA CLARA,CA,0.0,0.0,27.25,,4.0,,,3.0,1.0,,1.0,,,,,,,,,,,,,,,,,1.0,,,,,1.0,,,,,,,,,,,,,Motor Vehicle
1952,1952,1952,4770755,-121.98844931200001,37.389095314,2010,4316,2,7,3,08,0,1,A,,,,,,1500,6,E,I,A,RT 101,LAWRENCE EXPY,2000,S,N,2011-06-20,9340,2010-06-27,1215,19932,,1,6,0,1,,2,120,-,Y,SCL,4,101,-,-,43.48,H,-,N,Y,1,A,-,22107,,N,A,H,-,A,D,1,Y,A,01,0,1,0,0,0,0,0,0,0,-,-,SUNNYVALE,SANTA CLARA,CA,-121.98638999999999,37.38862,47.0,,1.0,,,1.0,,,1.0,,,,,,,,,,,,,1.0,,,,,,,,,1.0,,,,,,,,,,,,,Motor Vehicle
1953,1953,1953,4771312,-122.013119101,37.395834326,2010,4316,2,5,4,08,0,1,A,,,,,,600,5,E,I,A,RT 101,FAIR OAKS AV,75,S,N,2011-07-20,9340,2010-05-28,530,13097,,3,6,0,1,,2,120,-,Y,SCL,4,101,-,-,44.82,H,-,N,Y,2,A,-,22107,,N,A,H,-,D,D,1,Y,A,01,0,0,1,0,0,0,0,0,0,-,-,SUNNYVALE,SANTA CLARA,CA,-121.01531999999999,37.39625,57.0,,1.0,,,1.0,,1.0,,,,1.0,,1.0,,,,,,,,1.0,,,,,,,,,2.0,,,,,,,,,,,,,Motor Vehicle
1954,1954,1954,4772646,-121.996016668,37.386550316,2010,4316,4,1,4,03,0,2,B,,,,,,1200,5,C,C,A,LAWRENCE EXPWY,DUANE AV,100,S,N,2011-05-09,9340,2010-05-24,900,19932,,1,6,0,2,,2,620,-,N,,0,0,,,0.0,,,,Y,3,A,-,22350,,N,A,H,-,A,D,0,Y,A,08,0,0,2,0,0,0,0,0,0,-,-,SUNNYVALE,SANTA CLARA,CA,-121.99618999999998,37.8611,34.5,,2.0,,,1.0,1.0,,1.0,,2.0,,,1.0,2.0,,,,,,,,,,,,,,,,3.0,,,,,,,,,,,,,Motor Vehicle
1955,1955,1955,4776474,-121.991886846,37.4106408392,2010,4316,3,4,4,03,0,1,B,,,,,,2100,6,C,C,A,RT 237,LAWRENCE EXPY,1740,E,N,2011-06-29,9340,2010-06-03,1830,018880,,2,6,0,1,,2,230,-,Y,SCL,4,237,-,R,4.93,H,-,E,Y,2,A,-,22350,,N,A,H,-,A,D,1,Y,A,01,0,0,1,0,0,0,0,0,0,-,-,SUNNYVALE,SANTA CLARA,CA,-121.9931,37.41028,53.0,,1.0,,,1.0,,2.0,,,,,,2.0,,,,,,,,,,,,,,,,,2.0,,,,,,,,,,,,,Motor Vehicle
1956,1956,1956,4777412,-122.028753061,37.395794982,2010,4316,0,4,4,01,0,1,A,,,,,Y,300,6,E,I,A,ALMANOR AV,MATHILDA AV,0,,Y,2011-06-07,4316,2010-06-24,154,15906,12,5,6,0,0,,0,001,-,N,,0,0,,,0.0,,,,Y,1,A,-,23152,A,N,A,H,-,C,A,0,Y,A,01,0,0,1,0,0,0,0,0,0,-,-,SUNNYVALE,SANTA CLARA,CA,0.0,0.0,27.0,,1.0,,,,,,1.0,,,,,,,1.0,,,,,,,,,,,,,,,1.0,,,,,,,,,,,,,Motor Vehicle
1957,1957,1957,4780232,-122.04617306200001,37.378724979,2010,4316,0,2,4,05,0,1,A,,Y,,,,2100,6,D,G,A,MARY AV,WASHINGTON AV,0,,Y,2011-05-26,4316,2010-06-29,1941,17472,32,5,6,0,0,,0,003,-,N,,0,0,,,0.0,,,,N,2,A,-,21650,1,N,A,H,-,A,A,0,Y,L,04,0,0,1,0,0,0,1,0,0,-,-,SUNNYVALE,SANTA CLARA,CA,0.0,0.0,22.0,1.0,1.0,,1.0,,2.0,,,,,,,1.0,,1.0,,,,,,,,,,,,,,,1.0,,1.0,,,,,,,,,,,Bicycle
1958,1958,1958,4780240,-122.012101683,37.377894071,2010,4316,0,1,4,03,0,1,A,,,,,,1800,6,C,C,A,CENTRAL EXPWY,WOLFE RD,300,E,N,2011-05-26,4316,2010-06-28,1743,13877,16,5,6,0,0,,0,001,-,N,,0,0,,,0.0,,,,Y,2,A,-,22350,,N,A,H,-,A,D,0,Y,A,01,0,0,1,0,0,0,0,0,0,-,-,SUNNYVALE,SANTA CLARA,CA,0.0,0.0,53.0,,1.0,,,1.0,,,1.0,1.0,,,,1.0,1.0,,,,,,,,,,,,,,,,2.0,,,,,,,,,,,,,Motor Vehicle
1959,1959,1959,4780249,-122.055761044,37.3736094,2010,4316,0,2,4,03,0,1,A,,,,,,1200,6,C,C,A,RT 82,BERNARDO,150,E,N,2011-08-10,4316,2010-06-29,1150,17469,51,5,6,0,0,,0,005,-,Y,SCL,4,82,-,-,18.11,H,-,S,Y,3,A,-,22350,,N,A,H,-,A,A,0,Y,A,01,0,0,1,0,0,0,0,0,0,-,-,SUNNYVALE,SANTA CLARA,CA,0.0,0.0,13.75,2.0,2.0,,2.0,2.0,2.0,,2.0,1.0,,,,2.0,1.0,,,,,,,,,,,,,,,,3.0,,,,,,,,,,,,,Motor Vehicle
1960,1960,1960,4780253,-121.99242305700001,37.4106949867,2010,4316,0,1,4,03,0,1,A,,,,,,1800,6,C,C,A,LAWRENCE EXPWY,RT 237,5,S,N,2011-06-29,4316,2010-06-28,1704,12679,2,5,6,0,0,,0,022,-,Y,SCL,4,237,-,R,4.841,R,1,W,Y,2,A,-,22350,,N,A,H,-,A,D,0,Y,A,07,0,0,1,0,0,0,0,0,0,-,-,SUNNYVALE,SANTA CLARA,CA,0.0,0.0,50.0,,1.0,,,,1.0,,,1.0,1.0,,,1.0,1.0,,,,,,,,,,,,,,,,2.0,,,,,,,,,,,,,Motor Vehicle
1961,1961,1961,4780257,-122.03751305700001,37.344484977,2010,4316,0,2,3,03,0,1,A,,,,,,1500,6,E,I,A,ENDICOTT,REVELSTOKE WY,0,,Y,2011-05-24,4316,2010-06-29,1247,17469,55,5,6,0,0,,0,005,-,N,,0,0,,,0.0,,,,Y,1,A,-,22350,,N,A,H,-,A,D,0,Y,A,01,0,1,0,0,0,0,0,0,0,-,-,SUNNYVALE,SANTA CLARA,CA,0.0,0.0,79.0,,,1.0,1.0,,1.0,,,1.0,,,,1.0,,,,,,,,,,,,,,,,,1.0,,,,,,,,,,,,,Motor Vehicle
1962,1962,1962,4783547,-121.99615706,37.366301035,2010,4316,4,1,4,03,0,1,B,,,,,,900,5,C,C,A,LAWRENCE EXPWY,MONROE ST,200,S,N,2011-05-04,9340,2010-05-10,820,19376,,1,6,0,2,,2,620,C,N,,0,0,,,0.0,,,,Y,2,A,-,22350,,N,B,H,-,A,A,0,Y,A,07,0,0,1,0,0,0,0,0,0,-,-,SUNNYVALE,SANTA CLARA,CA,-121.99566000000002,37.36645,35.0,,1.0,,,,1.0,,,2.0,,,,1.0,,,,,1.0,,,,,,,,,,,,2.0,,,,,,,,,,,,,Motor Vehicle
1963,1963,1963,4784927,-122.03864222600001,37.369479851,2010,4316,0,4,3,03,0,1,A,,,,,,2100,6,C,C,A,RT 82,MATHILDA AV,580,W,N,2011-07-11,4316,2010-06-10,1827,16650,52,5,6,0,0,,0,005,-,Y,SCL,4,82,-,-,17.14,H,-,S,Y,3,A,-,22350,,N,A,H,-,B,D,0,Y,A,01,0,1,0,0,0,0,0,0,0,-,-,SUNNYVALE,SANTA CLARA,CA,0.0,0.0,22.5,,2.0,,,2.0,,,1.0,2.0,,,,1.0,2.0,,,,,,,,,,,,,,,,3.0,,,,,,,,,,,,,Motor Vehicle
1964,1964,1964,4784931,-122.033182344,37.381144707,2010,4316,0,5,4,03,0,1,A,,,,,,1200,6,C,C,A,MATHILDA AV,CALIFORNIA AV,385,S,N,2011-06-03,4316,2010-06-25,1054,14231,13,5,6,0,0,,0,001,-,N,,0,0,,,0.0,,,,Y,3,A,-,22350,,N,A,H,-,A,A,0,Y,A,01,0,0,1,0,0,0,0,0,0,-,-,SUNNYVALE,SANTA CLARA,CA,0.0,0.0,47.0,,1.0,,,,1.0,2.0,,1.0,,,,1.0,2.0,,,,,,,,,,,,,,,,3.0,,,,,,,,,,,,,Motor Vehicle
1965,1965,1965,4784935,-122.0140973,37.39187641,2010,4316,0,5,3,09,0,1,A,,Y,,,,1200,6,D,G,A,N FAIR OAKS AV,801 N FAIR OAKS AV,3,W,N,2011-06-02,4316,2010-06-18,918,14553,14,5,6,0,0,,0,001,-,N,,0,0,,,0.0,,,,Y,2,A,-,21804,A,N,A,H,-,A,D,0,Y,A,01,0,1,0,0,0,0,1,0,0,-,-,SUNNYVALE,SANTA CLARA,CA,0.0,0.0,12.0,1.0,,,1.0,,1.0,,2.0,,,,,2.0,,,,,,,,,,,,,,,,,1.0,,1.0,,,,,,,,,,,Bicycle
1966,1966,1966,4784947,-122.04814306200001,37.372904979,2010,4316,0,3,3,03,0,2,A,,,,,,900,6,C,C,A,MARY AV,OLIVE AV,0,,Y,2011-06-02,4316,2010-06-23,847,13877,32,5,6,0,0,,0,003,-,N,,0,0,,,0.0,,,,Y,2,A,-,22350,,N,A,H,-,A,D,0,Y,A,01,0,1,1,0,0,0,0,0,0,-,-,SUNNYVALE,SANTA CLARA,CA,0.0,0.0,30.5,,2.0,,,1.0,1.0,1.0,,,1.0,,1.0,1.0,,,,,,,,,,,,,,,,,2.0,,,,,,,,,,,,,Motor Vehicle
1967,1967,1967,4786872,-121.994503056,37.390634984,2010,4316,4,3,4,03,0,1,A,,,,,,1800,6,C,C,A,LAWRENCE EXPWY,RT 101,105,S,N,2011-08-19,9340,2010-06-16,1630,18665,,2,6,0,2,,2,620,-,Y,SCL,4,101,-,-,43.894,R,4,S,N,4,A,-,22350,,N,A,H,-,A,A,1,Y,A,07,0,0,1,0,0,0,0,0,0,-,-,SUNNYVALE,SANTA CLARA,CA,-121.99864,37.38859,24.0,,1.0,,,,1.0,,1.0,3.0,,,,1.0,3.0,,,,,,,,,,,,,,,,4.0,,,,,,,,,,,,,Motor Vehicle
1968,1968,1968,4787296,-122.012612299,37.406249870500005,2010,4316,3,1,4,03,0,1,B,,,,,,1800,5,C,C,A,RT 237,FAIR OAKS,300,W,N,2011-06-29,9340,2010-05-24,1610,19787,,2,6,0,1,,2,230,-,Y,SCL,4,237,-,R,3.91,H,-,W,Y,2,A,-,22350,,N,A,H,-,A,D,1,Y,D,23,0,0,1,0,0,0,0,0,0,-,-,SUNNYVALE,SANTA CLARA,CA,-122.01543000000001,37.40566,31.0,,1.0,,,1.0,,,,2.0,,,,1.0,1.0,,,,,,,,,,,,,,,,1.0,,,1.0,,,,,,,,,,Motor Vehicle
1969,1969,1969,4787328,-121.99242305700001,37.4106949867,2010,4316,3,2,4,03,0,1,B,,,,,,900,5,C,C,A,RT 237,LAWRENCE EXPWY,20,E,N,2011-06-29,9340,2010-05-25,750,15694,,1,6,0,1,,2,230,-,Y,SCL,4,237,-,R,4.841,R,1,W,Y,2,A,-,22350,,N,A,H,-,A,D,1,Y,A,07,0,0,1,0,0,0,0,0,0,TO,-,SUNNYVALE,SANTA CLARA,CA,-121.99988,37.41152,44.0,,1.0,,,,1.0,1.0,1.0,,,,,1.0,,,,,1.0,,,,,,,,,,,,2.0,,,,,,,,,,,,,Motor Vehicle
1970,1970,1970,4787356,-121.976983053,37.385604985,2010,4316,2,2,4,03,0,1,B,,,,,,1500,5,C,C,A,RT 101,GREAT AMERICA PKWY,578,N,N,2011-06-08,9340,2010-05-25,1455,18665,,2,6,0,1,,2,120,C,Y,SCL,4,101,-,-,42.84,H,-,S,Y,2,A,-,22350,,N,B,H,-,A,D,1,Y,A,01,0,0,1,0,0,0,0,0,0,-,-,SUNNYVALE,SANTA CLARA,CA,-121.96818,37.36345,33.0,,1.0,,,,1.0,1.0,,1.0,,,,1.0,,,,,1.0,,,,,,,,,,,,2.0,,,,,,,,,,,,,Motor Vehicle
1971,1971,1971,4787899,-121.990509797,37.389495503,2010,4316,2,3,2,07,0,1,A,,,,,,1800,4,F,A,A,RT 101,LAWRENCE EXPWY,1056,S,N,2011-06-20,9340,2010-04-14,1655,18679,,2,6,0,1,,2,120,-,Y,SCL,4,101,-,-,43.66,H,-,S,Y,2,A,-,21658,A,F,A,H,-,A,D,1,Y,-,99,1,0,0,0,0,0,0,0,0,-,-,SUNNYVALE,SANTA CLARA,CA,-121.98921999999999,37.389179999999996,57.0,,1.0,,,1.0,,,,1.0,,,,1.0,,,,,,,,,1.0,,,,,,,,1.0,,,,,,,,,,,,,Motor Vehicle
1972,1972,1972,4799625,-121.99604267,37.378254190999996,2010,4316,4,3,4,03,0,1,A,,,,,,1800,6,C,C,A,LAWRENCE EXPY,CENTRAL EXPY,200,N,N,2011-06-01,9340,2010-06-23,1730,19751,,2,6,0,2,,2,620,-,N,,0,0,,,0.0,,,,Y,3,A,-,22350,,N,A,H,-,A,A,0,Y,A,08,0,0,1,0,0,0,0,0,0,-,-,SUNNYVALE,SANTA CLARA,CA,-121.99598999999999,37.37828,44.0,,1.0,,,,1.0,,,2.0,1.0,,,1.0,2.0,,,,,,,,,,,,,,,,3.0,,,,,,,,,,,,,Motor Vehicle
1973,1973,1973,4801337,-121.998245796,37.39196108,2010,4316,2,3,3,08,0,2,A,,,,,,300,6,F,A,A,RT101,LAWRENCE EXP,10,S,N,2011-07-20,9340,2010-06-09,100,019136,,3,6,0,1,,2,120,-,Y,SCL,4,101,-,-,43.85,H,-,N,Y,1,A,-,22107,,N,A,H,-,D,D,1,Y,A,07,0,2,0,0,0,0,0,0,0,-,-,SUNNYVALE,SANTA CLARA,CA,-121.9958,37.3912,29.5,,2.0,,,1.0,1.0,1.0,,,,,,,,,,,,,,1.0,,,,,,,,,1.0,,,,,,,,,,,,,Motor Vehicle
1974,1974,1974,4801834,-122.024290992,37.398072043,2010,4316,2,3,4,03,0,3,B,,,,,,1800,5,C,C,A,RT101,MATHILDA AV,200,S,N,2011-07-20,9340,2010-05-26,1600,020015,,2,6,0,1,,2,120,-,Y,SCL,4,101,-,-,45.64,H,-,S,Y,4,A,-,22350,,N,A,H,-,A,D,1,Y,A,01,0,0,3,0,0,0,0,0,0,-,-,SUNNYVALE,SANTA CLARA,CA,-122.02354,37.39782,27.666666666666668,,3.0,,,3.0,,1.0,1.0,2.0,,,,2.0,2.0,,,,,,,,,,,,,,,,4.0,,,,,,,,,,,,,Motor Vehicle
1975,1975,1975,4802505,-122.059890511,37.3496482951,2010,4316,3,1,4,21,0,1,A,,,Y,,,1200,7,B,C,A,RT 85,FREMONT AV,500,S,N,2011-09-27,9340,2010-07-12,950,17110,,1,6,0,1,,2,085,-,Y,SCL,4,85,-,R,19.77,H,-,N,Y,3,A,-,22106,,F,A,H,-,A,D,6,Y,A,01,0,0,1,0,0,0,0,0,1,-,-,SUNNYVALE,SANTA CLARA,CA,-121.91103000000001,37.3834,34.0,,1.0,,,1.0,,1.0,,1.0,,,,2.0,1.0,,,,,,,,,,,,,,,,1.0,,,,1.0,,,,,,,,,Motor Vehicle
1976,1976,1976,4802530,-122.004770457,37.4080111628,2010,4316,3,2,4,03,0,1,A,,,,,,2100,7,C,C,A,RT 237,LAWRENCE EXPWY,1200,W,N,2011-10-27,9340,2010-07-13,1815,18880,,2,6,0,1,,2,220,-,Y,SCL,4,237,-,R,4.37,H,-,W,Y,2,A,-,22350,,N,A,H,-,A,D,1,Y,A,01,0,0,1,0,0,0,0,0,0,-,-,SUNNYVALE,SANTA CLARA,CA,-122.0069,37.40761,63.0,,1.0,,,1.0,,,1.0,1.0,,,,1.0,1.0,,,,,,,,,,,,,,,,1.0,,,1.0,,,,,,,,,,Motor Vehicle
1977,1977,1977,4807151,-122.03712306,37.369114979,2010,4316,0,5,3,00,0,1,A,,,,,,2400,7,D,C,A,SOUTH MATHILDA,WEST EL CAMINO REAL,0,,Y,2011-07-26,4316,2010-07-23,2248,16654,5,5,6,0,0,,0,052,-,N,,0,0,,,0.0,,,,Y,3,D,-,0,,N,A,H,-,C,A,0,Y,-,-,0,1,0,0,0,0,0,0,0,-,-,SUNNYVALE,SANTA CLARA,CA,0.0,0.0,39.0,,2.0,,,,2.0,,1.0,1.0,1.0,,1.0,1.0,1.0,,,,,,,,,,,,,,,,3.0,,,,,,,,,,,,,Motor Vehicle
1978,1978,1978,4807167,-122.06147306,37.337494975,2010,4316,0,7,3,12,0,2,A,,,,,,2100,7,D,C,A,HOMESTEAD RD,BELLEVILLE WY,0,,Y,2011-08-01,4316,2010-07-18,1810,16650,53,5,6,0,0,,0,005,-,N,,0,0,,,0.0,,,,Y,2,A,-,21453,A,N,A,H,-,A,A,0,Y,-,-,0,2,0,0,0,0,0,0,0,-,-,SUNNYVALE,SANTA CLARA,CA,0.0,0.0,47.5,,2.0,,,1.0,1.0,,,2.0,,,1.0,1.0,,,,,,,,,,,,,,,,,2.0,,,,,,,,,,,,,Motor Vehicle
1979,1979,1979,4807171,-122.009363059,37.395014984,2010,4316,0,3,4,12,0,3,A,,,,,,1500,7,D,C,A,FAIR OAKS,RT 101,0,,Y,2011-12-13,4316,2010-07-14,1303,14457,26,5,6,0,0,,0,002,-,Y,SCL,4,101,-,-,44.733999999999995,R,4,N,Y,3,A,-,21453,A,N,A,H,-,A,A,0,Y,D,22,0,0,3,0,0,0,0,0,0,-,-,SUNNYVALE,SANTA CLARA,CA,0.0,0.0,44.5,,4.0,,,3.0,1.0,,1.0,2.0,,,1.0,1.0,1.0,,,,,,,,,,,,,,,,2.0,,,1.0,,,,,,,,,,Motor Vehicle
1980,1980,1980,4807187,-122.05792306299999,37.367224978,2010,4316,0,7,3,08,0,1,A,,,,,,1500,7,B,C,A,BERNARDO AV,HEATHERSTONE WY,0,,Y,2011-07-26,4316,2010-07-18,1446,14189,,5,6,0,0,,0,005,-,N,,0,0,,,0.0,,,,Y,2,A,-,22107,,N,A,H,-,A,A,0,Y,-,-,0,1,0,0,0,0,0,0,0,-,-,SUNNYVALE,SANTA CLARA,CA,0.0,0.0,57.0,,1.0,,,1.0,,,,1.0,1.0,,1.0,1.0,,,,,,,,,,,,,,,,,,,,,,,,,,,,,,Motor Vehicle
1981,1981,1981,4807447,-121.992872437,37.390167786,2010,4316,2,3,3,03,0,2,A,,,,,,1800,6,C,C,A,RT 101,LAWRENCE EXPWY,100,S,N,2011-07-20,9340,2010-06-23,1745,019830,,2,6,0,1,,2,120,-,Y,SCL,4,101,-,-,43.82,H,-,S,Y,3,A,-,22350,,N,A,H,-,A,D,1,Y,A,01,0,1,1,0,0,0,0,0,0,-,-,SUNNYVALE,SANTA CLARA,CA,-121.9955,37.3908,27.0,1.0,3.0,,1.0,4.0,1.0,,2.0,1.0,,,,3.0,,,,,,,,,,,,,,,,,2.0,,,1.0,,,,,,,,,,Motor Vehicle
1982,1982,1982,4810267,-121.99570305700001,37.393564985,2010,4316,0,2,4,03,0,1,A,,,,,,1200,7,C,C,A,BRIDGEWOOD WY,LAWRENCE EXP,0,,Y,2011-08-04,4316,2010-07-13,1030,14977,,5,6,0,0,,0,,-,N,,0,0,,,0.0,,,,N,2,A,-,22350,,M,A,H,-,A,A,0,Y,A,07,0,0,1,0,0,0,0,0,0,-,-,SUNNYVALE,SANTA CLARA,CA,0.0,0.0,40.0,,1.0,,,,1.0,,1.0,,1.0,,,1.0,1.0,,,,,,,,,,,,,,,,2.0,,,,,,,,,,,,,Motor Vehicle
1983,1983,1983,4810279,-122.028583061,37.389024981999995,2010,4316,0,2,3,09,0,1,A,,Y,,,,1800,7,D,G,A,MAUDE,SAN ANGELO,0,,Y,2011-08-04,4316,2010-07-13,1728,12679,15,5,6,0,0,,0,001,-,N,,0,0,,,0.0,,,,N,2,A,-,21801,A,N,A,H,-,A,D,0,Y,D,22,0,1,0,0,0,0,1,0,0,-,-,SUNNYVALE,SANTA CLARA,CA,0.0,0.0,30.0,,1.0,,,1.0,,,1.0,1.0,,,1.0,1.0,,,,,,,,,,,,,,,,,,,1.0,1.0,,,,,,,,,,Bicycle
1984,1984,1984,4810283,-122.008901707,37.376881802,2010,4316,0,5,3,03,0,3,A,,,,,,2100,7,C,C,A,CENTRAL EXPWY,WOLFE RD,1300,E,N,2011-08-04,4316,2010-07-09,1859,17472,16,5,6,0,0,,0,001,-,N,,0,0,,,0.0,,,,Y,3,A,-,22350,,N,A,H,-,A,D,0,Y,A,01,0,1,2,0,0,0,0,0,0,-,-,SUNNYVALE,SANTA CLARA,CA,0.0,0.0,20.8,2.0,3.0,,2.0,1.0,4.0,2.0,,,1.0,,,1.0,2.0,,,,,,,,,,,,,,,,3.0,,,,,,,,,,,,,Motor Vehicle
1985,1985,1985,4810287,-122.041439829,37.338654997,2010,4316,0,4,3,05,0,1,A,,Y,,,,1800,7,D,G,A,HOLLENBECK AV,HOMESTEAD RD,415,N,N,2011-08-04,4316,2010-07-15,1724,10329,54,5,6,0,0,,0,005,-,N,,0,0,,,0.0,,,,N,2,A,-,21650,1,N,A,H,-,A,A,0,Y,L,04,0,1,0,0,0,0,1,0,0,-,-,SUNNYVALE,SANTA CLARA,CA,0.0,0.0,49.0,,,1.0,1.0,2.0,,1.0,,1.0,,,,1.0,,,,,,1.0,,,,,,,,,,,1.0,,1.0,,,,,,,,,,,Bicycle
1986,1986,1986,4810291,-122.048945983,37.385998855,2010,4316,0,6,3,08,0,2,A,,,,,,900,7,E,I,A,CENTRAL EXPWY,MIDDLEFIELD AV,300,W,N,2011-08-03,4316,2010-07-17,607,13860,13,5,6,0,0,,0,001,-,N,,0,0,,,0.0,,,,Y,1,A,-,22107,,N,A,H,-,B,D,0,Y,A,01,0,1,1,0,0,0,0,0,0,-,-,SUNNYVALE,SANTA CLARA,CA,0.0,0.0,19.5,,2.0,,,2.0,,1.0,,,,,,,,,,,,,,,,,,1.0,,,,,1.0,,,,,,,,,,,,,Motor Vehicle