,level_0,index,CASEID,POINT_X,POINT_Y,YEAR_,LOCATION,CHPTYPE,DAYWEEK,CRASHSEV,VIOLCAT,KILLED,INJURED,WEATHER1,PEDCOL,BICCOL,MCCOL,TRUCKCOL,ETOH,TIMECAT,MONTH_,CRASHTYP,INVOLVE,PED,PRIMARYRD,SECONDRD,DISTANCE,DIRECT,INTERSECT_,PROCDATE,JURIS,DATE_,TIME_,BADGE,JURIDIST,SHIFT,POP,SPECIAL,BEATTYPE,LAPDDIV,BEATCLAS,BEATNUMB,WEATHER2,STATEHW,CALTRANC,CALTRAND,STROUTE,ROUTESUF,POSTPRE,POSTMILE,LOCATYPE,RAMP,SIDEHW,TOWAWAY,PARTIES,PCF,VIOLCODE,VIOL,VIOLSUB,HITRUN,ROADSURF,RDCOND1,RDCOND2,LIGHTING,RIGHTWAY,CHPRDTYP,NOTPRIV,STFAULT,CHPFAULT,SEVINJ,OTHERINJ,COP,PEDKILL,PEDINJ,BICKILL,BICINJ,MCKILL,MCINJURE,RAMP1,RAMP2,CITY,COUNTY,STATE,X_CHP,Y_CHP,AvgVAGE,VAGE_Minor,VAGE_Working,VAGE_Senior,MobilLimAge,F_M_VSEX,F_F_VSEX,F_A_PRACE,F_H_PRACE,F_W_PRACE,F_O_PRACE,F_B_PRACE,F_E_MOVEMENT,F_B_MOVEMENT,F_A_MOVEMENT,F_D_MOVEMENT,F_P_MOVEMENT,F_O_MOVEMENT,F_H_MOVEMENT,F_L_MOVEMENT,F_F_MOVEMENT,F_R_MOVEMENT,F_J_MOVEMENT,F_Q_MOVEMENT,F_G_MOVEMENT,F_C_MOVEMENT,F_M_MOVEMENT,F_N_MOVEMENT,F_K_MOVEMENT,F_I_MOVEMENT,F_A_VEHTYPE,F_I_VEHTYPE,F_L_VEHTYPE,F_D_VEHTYPE,F_C_VEHTYPE,F_N_VEHTYPE,F_F_VEHTYPE,F_J_VEHTYPE,F_G_VEHTYPE,F_B_VEHTYPE,F_M_VEHTYPE,F_E_VEHTYPE,F_H_VEHTYPE,PrimeModeClass
2401,2401,2401,5355887,-122.02062643200001,37.3974811113,2011,4316,2,4,4,03,0,1,A,,,,,,1200,9,C,C,A,RT 101,MATHILDA AV,2000,S,N,2013-02-27,9340,2011-09-29,945,20298,,1,6,0,1,,2,120,-,Y,SCL,4,101,-,-,45.3,H,-,N,Y,2,A,-,22350,,N,A,H,-,A,D,1,Y,A,07,0,0,1,0,0,0,0,0,0,-,-,SUNNYVALE,SANTA CLARA,CA,-122.02021,37.39748,42.0,,1.0,,,,1.0,2.0,,,,,,1.0,,,,,1.0,,,,,,,,,,,,2.0,,,,,,,,,,,,,Motor Vehicle
2402,2402,2402,5362901,-121.99530319,37.4100524325,2011,4316,3,4,4,21,0,1,A,,,,,,2100,10,C,C,A,RT 237,LAWRENCE EXPWY,20,W,N,2013-05-21,9340,2011-10-20,1915,18880,,2,6,0,1,,2,220,-,Y,SCL,4,237,-,R,4.731,R,1,W,N,2,A,-,22106,,N,A,H,-,D,D,1,Y,D,22,0,0,1,0,0,0,0,0,0,TO,-,SUNNYVALE,SANTA CLARA,CA,-121.9991,37.4096,25.0,,1.0,,,1.0,,1.0,,1.0,,,,1.0,1.0,,,,,,,,,,,,,,,,1.0,,,1.0,,,,,,,,,,Motor Vehicle
2403,2403,2403,5364108,-121.99242305700001,37.4106949867,2011,4316,3,3,4,03,0,1,A,,,,,,2100,8,C,C,A,RT 237,LAWRENCE EXPY,1000,E,N,2013-02-27,9340,2011-08-17,1930,19791,,2,6,0,1,,2,230,-,Y,SCL,4,237,-,R,4.841,R,2,W,N,2,A,-,22350,,N,A,H,-,A,D,1,Y,A,01,0,0,1,0,0,0,0,0,0,TO,-,SUNNYVALE,SANTA CLARA,CA,-121.99745,37.40979,44.0,,1.0,,,,1.0,,1.0,,1.0,,,1.0,,,,,1.0,,,,,,,,,,,,2.0,,,,,,,,,,,,,Motor Vehicle
2404,2404,2404,5364561,-122.00090990700001,37.392506954,2011,4316,2,4,4,03,0,2,A,,,,,,2100,9,C,C,A,RT 101,LAWRENCE EXPWY,800,N,N,2013-04-18,9340,2011-09-29,2000,018880,,2,6,0,1,,2,120,-,Y,SCL,4,101,-,-,44.01,H,-,S,N,2,A,-,22350,,N,A,H,-,D,D,1,Y,A,01,0,0,2,0,0,0,0,0,0,-,-,SUNNYVALE,SANTA CLARA,CA,-121.99887,37.391909999999996,56.5,,1.0,1.0,1.0,2.0,,,,1.0,1.0,,,1.0,1.0,,,,,,,,,,,,,,,,2.0,,,,,,,,,,,,,Motor Vehicle
2405,2405,2405,5369484,-121.99582372,37.3378499202,2011,4316,4,2,4,03,0,1,A,,,,,,900,11,C,C,A,LAWRENCE EXPWY,HOMESTEAD RD,20,N,N,2013-04-16,9340,2011-11-01,725,18680,,1,6,0,2,,2,610,-,N,,0,0,,,0.0,,,,Y,2,A,-,22350,,N,A,H,-,A,D,0,Y,A,01,0,0,1,0,0,0,0,0,0,-,-,SUNNYVALE,SANTA CLARA,CA,-122.99541,37.33806,46.0,,1.0,,,,1.0,,2.0,,,,,1.0,1.0,,,,,,,,,,,,,,,,2.0,,,,,,,,,,,,,Motor Vehicle
2406,2406,2406,5370717,-121.99599605200001,37.38558906,2011,4316,4,1,4,03,0,1,A,,,,,,1800,10,C,C,A,LAWRENCE EXPY,DUANE AV,450,S,N,2013-05-06,9340,2011-10-31,1730,20322,,2,6,0,2,,2,610,-,N,,0,0,,,0.0,,,,N,2,A,-,22350,,N,A,H,-,A,D,0,Y,A,01,0,0,1,0,0,0,0,0,0,-,-,SUNNYVALE,SANTA CLARA,CA,-121.9961,37.385040000000004,31.0,,1.0,,,1.0,,,1.0,,1.0,,,1.0,,,,,1.0,,,,,,,,,,,,2.0,,,,,,,,,,,,,Motor Vehicle
2407,2407,2407,5374538,-122.02764306200001,37.3990149823,2011,4316,2,2,3,07,0,2,A,,,,,,1200,10,B,C,A,RT 101,MATHILDA AV,100,S,N,2013-04-30,9340,2011-10-18,950,20298,,1,6,0,1,,2,120,-,Y,SCL,4,101,-,-,45.66,H,-,N,Y,2,A,-,21658,A,N,A,H,-,A,D,1,Y,A,01,0,2,0,0,0,0,0,0,0,-,-,SUNNYVALE,SANTA CLARA,CA,-121.91075,37.383590000000005,48.5,,1.0,1.0,1.0,1.0,1.0,,,2.0,,,,1.0,,,,,,,,,1.0,,,,,,,,2.0,,,,,,,,,,,,,Motor Vehicle
2408,2408,2408,5374852,-122.00351166600001,37.393223447800004,2011,4316,2,5,4,03,0,1,A,,,,,,1200,10,C,C,A,RT101,LAWRENCE EXPWY,2000,N,N,2013-08-22,9340,2011-10-07,1155,020298,,1,6,0,1,,2,120,-,Y,SCL,4,101,-,-,44.24,H,-,S,Y,2,A,-,22350,,N,A,H,-,A,D,1,Y,A,01,0,0,1,0,0,0,0,0,0,-,-,SUNNYVALE,SANTA CLARA,CA,-121.00738999999999,37.39414,25.5,,2.0,,,,2.0,1.0,,1.0,,,,2.0,,,,,,,,,,,,,,,,,2.0,,,,,,,,,,,,,Motor Vehicle
2409,2409,2409,5374860,-122.03795093299999,37.3996381276,2011,4316,3,4,4,01,0,1,A,,,,,Y,2100,10,C,C,A,RT 237,RT 101,900,W,N,2013-05-21,9340,2011-10-20,2000,18880,,2,6,0,1,,2,220,-,Y,SCL,4,237,-,-,2.28,H,-,W,Y,2,A,-,23152,A,N,A,H,-,D,D,1,Y,A,07,0,0,1,0,0,0,0,0,0,-,-,SUNNYVALE,SANTA CLARA,CA,-121.91103999999999,37.38358,33.0,,1.0,,,,1.0,,,1.0,1.0,,,2.0,,,,,,,,,,,,,,,,,2.0,,,,,,,,,,,,,Motor Vehicle
2410,2410,2410,5376839,-122.04449590899999,37.402502373699996,2011,4316,2,5,4,03,0,1,A,,,,,,1200,10,C,C,A,RT 101,ELLIS AV,1320,S,N,2013-04-30,9340,2011-10-28,915,19587,,1,6,0,1,,2,120,-,Y,SCL,4,101,-,-,46.76,H,-,S,Y,3,A,-,22350,,N,A,H,-,A,D,1,Y,A,01,0,0,1,0,0,0,0,0,0,-,-,SUNNYVALE,SANTA CLARA,CA,-122.0466,37.40273,20.0,,1.0,,,,1.0,1.0,1.0,1.0,,,,2.0,1.0,,,,,,,,,,,,,,,,3.0,,,,,,,,,,,,,Motor Vehicle
2411,2411,2411,5377650,-122.002367172,37.4085352964,2011,4316,3,1,2,01,0,2,A,,,,,Y,2100,11,C,C,A,RT 237,LAWRENCE EXPY,1155,W,N,2013-05-21,9340,2011-11-14,1841,20319,,2,6,0,1,,2,220,-,Y,SCL,4,237,-,R,4.462,R,2,W,Y,2,A,-,23152,A,N,A,H,-,D,A,1,Y,A,07,1,1,0,0,0,0,0,0,0,FR,-,SUNNYVALE,SANTA CLARA,CA,-122.00283,37.40838,27.0,,2.0,,,2.0,,1.0,,1.0,,,,2.0,,,,,,,,,,,,,,,,,2.0,,,,,,,,,,,,,Motor Vehicle
2412,2412,2412,5377658,-122.010873051,37.328934977399996,2011,4316,1,1,3,01,0,1,B,,,,,Y,300,11,E,I,A,RT 280,NORTH WOLFE RD,100,S,N,2013-04-26,9340,2011-11-14,200,20297,,3,6,0,1,,2,282,-,Y,SCL,4,280,-,-,8.244,R,4,N,Y,1,A,-,23152,A,N,A,H,-,C,D,1,Y,A,01,0,1,0,0,0,0,0,0,0,TO,-,SUNNYVALE,SANTA CLARA,CA,-122.00701000000001,37.32612,24.0,,1.0,,,1.0,,,,,,,,,,,,,,,,1.0,,,,,,,,,1.0,,,,,,,,,,,,,Motor Vehicle
2413,2413,2413,5384983,-122.05516351,37.3773542199,2011,4316,0,4,4,09,0,1,A,,,,,,1800,8,D,C,A,BERNARDO,ESTRADA TER,11,N,N,2013-01-11,4316,2011-08-11,1639,18041,31,5,6,0,0,,0,003,-,N,,0,0,,,0.0,,,,,2,A,-,21804,A,N,A,H,-,A,D,0,Y,D,22,0,0,1,0,0,0,0,0,0,-,-,SUNNYVALE,SANTA CLARA,CA,0.0,0.0,19.0,,1.0,,,1.0,,,1.0,1.0,,,1.0,1.0,,,,,,,,,,,,,,,,,1.0,,,1.0,,,,,,,,,,Motor Vehicle
2414,2414,2414,5385639,-122.083967614,37.4149549285,2011,4316,2,5,4,03,0,1,A,,,,,,900,9,C,C,A,RT 101,MIDDLEFIELD RD,100,S,N,2013-04-23,9330,2011-09-16,823,20318,,1,6,0,1,,2,078,-,Y,SCL,4,101,-,-,48.95,H,-,N,N,2,A,-,22350,,N,A,H,-,A,D,1,Y,A,01,0,0,1,0,0,0,0,0,0,-,-,SUNNYVALE,SANTA CLARA,CA,0.0,0.0,58.0,,1.0,,,,1.0,1.0,,1.0,,,,1.0,1.0,,,,,,,,,,,,,,,,2.0,,,,,,,,,,,,,Motor Vehicle
2415,2415,2415,5394324,-122.04536999999999,37.381040000000006,2011,4316,0,2,4,08,0,1,A,,,,,,900,8,D,C,A,MARY AV,CARSON DR,0,,Y,2012-12-01,4316,2011-08-16,800,14604,32,5,6,0,0,,0,003,-,N,,0,0,,,0.0,,,,,2,A,-,22107,,N,A,H,-,A,A,0,Y,A,01,0,0,1,0,0,0,0,0,0,-,-,SUNNYVALE,SANTA CLARA,CA,0.0,0.0,54.0,,1.0,,,,1.0,,,1.0,1.0,,1.0,1.0,,,,,,,,,,,,,,,,,2.0,,,,,,,,,,,,,Motor Vehicle
2416,2416,2416,5394328,-121.99601000000001,37.38682,2011,4316,0,1,3,17,0,1,A,,Y,,,Y,2400,8,D,G,A,LAWRENCE EXPWY,DUANE AV,0,,Y,2012-12-01,4316,2011-08-15,2242,16661,27,5,6,0,0,,0,002,-,N,,0,0,,,0.0,,,,,2,A,-,21451,A,N,A,H,-,C,A,0,Y,A,01,0,1,0,0,0,0,1,0,0,-,-,SUNNYVALE,SANTA CLARA,CA,0.0,0.0,62.0,,1.0,,,1.0,,1.0,,1.0,,,,2.0,,,,,,,,,,,,,,,,,1.0,,1.0,,,,,,,,,,,Bicycle
2417,2417,2417,5394335,-122.01914,37.37961,2011,4316,0,3,4,09,0,1,A,,Y,,,,900,8,D,G,A,N FAIR OAKS,CALIFORNIA AV,0,,Y,2012-12-01,4316,2011-08-31,729,20287,16,5,6,0,0,,0,001,-,N,,0,0,,,0.0,,,,,2,A,-,21453,B,N,A,H,-,A,A,0,Y,A,07,0,0,1,0,0,0,1,0,0,-,-,SUNNYVALE,SANTA CLARA,CA,0.0,0.0,20.666666666666668,2.0,1.0,,2.0,1.0,2.0,,1.0,1.0,,,,1.0,,1.0,,,,,,,,,,,,,,,1.0,,1.0,,,,,,,,,,,Bicycle
2418,2418,2418,5394343,-122.041438826,37.3388445521,2011,4316,0,7,4,08,0,1,A,,,,,,2400,8,E,I,A,HOLLENBECK AV,HOMESTEAD RD,484,N,N,2012-12-01,4316,2011-08-21,2233,16650,56,5,6,0,0,,0,005,-,N,,0,0,,,0.0,,,,Y,1,A,-,22107,,N,A,H,-,C,D,0,Y,A,01,0,0,1,0,0,0,0,0,0,-,-,SUNNYVALE,SANTA CLARA,CA,0.0,0.0,16.0,,,,,,1.0,,1.0,,,,,,,,,,,,,,,,,,1.0,,,,1.0,,,,,,,,,,,,,Motor Vehicle
2419,2419,2419,5394356,-122.04253987700001,37.3864888703,2011,4316,0,3,4,03,0,1,A,,,,,Y,900,8,C,C,A,CENTRAL EXPWY,MARY AV,300,E,N,2012-12-01,4316,2011-08-17,829,14025,13,5,6,0,0,,0,001,-,N,,0,0,,,0.0,,,,,3,A,-,22350,,N,A,H,-,A,A,0,Y,A,01,0,0,1,0,0,0,0,0,0,-,-,SUNNYVALE,SANTA CLARA,CA,0.0,0.0,36.0,,2.0,,,2.0,,,2.0,,,,,1.0,2.0,,,,,,,,,,,,,,,,3.0,,,,,,,,,,,,,Motor Vehicle
2420,2420,2420,5394359,-122.02674322700001,37.3983729314,2011,4316,0,5,2,01,0,1,A,,,Y,,Y,2100,8,A,I,A,AHWANEE AV,SAN ALESO AV,148,W,N,2012-12-01,4316,2011-08-12,1909,14457,14,5,6,0,0,,0,001,-,N,,0,0,,,0.0,,,,Y,1,A,-,23152,A,N,A,H,-,A,D,0,Y,C,02,1,0,0,0,0,0,0,0,1,-,-,SUNNYVALE,SANTA CLARA,CA,0.0,0.0,33.0,,1.0,,,1.0,,,1.0,,,,,,,,,,,,,,,,,,1.0,,,,,,,,1.0,,,,,,,,,Motor Vehicle
2421,2421,2421,5394360,-121.995900124,37.402533646100004,2011,4316,0,1,4,03,0,1,A,,,,,,1500,8,C,C,A,LAWRENCE EXPWY,TASMAN DR,355,S,N,2012-12-01,4316,2011-08-01,1237,15839,,5,6,0,0,,0,,-,N,,0,0,,,0.0,,,,Y,3,A,-,22350,,N,A,H,-,A,A,0,Y,A,01,0,0,1,0,0,0,0,0,0,-,-,SUNNYVALE,SANTA CLARA,CA,0.0,0.0,50.333333333333336,,2.0,1.0,1.0,2.0,1.0,,,1.0,1.0,,,1.0,2.0,,,,,,,,,,,,,,,,3.0,,,,,,,,,,,,,Motor Vehicle
2422,2422,2422,5394368,-122.036770769,37.3690231299,2011,4316,0,3,2,00,0,1,A,,,,,,2400,8,D,C,A,MATHILDA AV,EL CAMINO REAL,0,,Y,2013-04-18,4316,2011-08-24,2138,17469,52,5,6,0,0,,0,005,-,Y,SCL,4,82,-,-,17.035,I,5,S,Y,2,D,-,0,,N,A,H,-,C,A,0,Y,-,-,1,0,0,0,0,0,0,0,0,-,-,SUNNYVALE,SANTA CLARA,CA,0.0,0.0,59.0,,2.0,,,1.0,1.0,,,1.0,,,1.0,1.0,,,,,,,,,,,,,,,,,2.0,,,,,,,,,,,,,Motor Vehicle
2423,2423,2423,5394372,-122.04500961,37.371214842,2011,4316,0,3,3,08,0,1,A,,Y,,,,1500,8,E,E,A,RT 82,MARY,1000,E,N,2013-04-18,4316,2011-08-24,1304,14225,,5,6,0,0,,0,,-,Y,SCL,4,82,-,-,17.5,H,-,N,,2,A,-,22107,,N,A,A,-,A,D,0,Y,L,04,0,1,0,0,0,0,1,0,0,-,-,SUNNYVALE,SANTA CLARA,CA,0.0,0.0,30.0,,1.0,,,1.0,,,,1.0,,,,1.0,,,,1.0,,,,,,,,,,,,,1.0,,1.0,,,,,,,,,,,Bicycle
2424,2424,2424,5394376,-122.053022464,37.372875358499996,2011,4316,0,7,4,17,0,1,A,,Y,,,,1200,8,D,G,A,WEST EL CAMINO REAL,GRAPE AV,0,,Y,2013-04-18,4316,2011-08-21,1008,15838,51,5,6,0,0,,0,005,-,Y,SCL,4,82,-,-,17.951,I,5,S,,2,A,-,21451,A,N,A,H,-,A,A,0,Y,A,01,0,0,1,0,0,0,1,0,0,-,-,SUNNYVALE,SANTA CLARA,CA,0.0,0.0,62.0,,1.0,,,1.0,,1.0,,1.0,,,,2.0,,,,,,,,,,,,,,,,,1.0,,1.0,,,,,,,,,,,Bicycle
2425,2425,2425,5394380,-122.046454974,37.3715227442,2011,4316,0,6,4,05,0,1,A,,Y,,,,1800,8,D,G,A,RT 85,MARY AV,567,E,N,2013-04-18,4316,2011-08-20,1611,15618,33,5,6,0,0,,0,003,-,Y,SCL,4,82,-,-,17.58,H,-,N,,2,A,-,21650,,N,A,H,-,A,D,0,Y,L,04,0,0,1,0,0,0,1,0,0,-,-,SUNNYVALE,SANTA CLARA,CA,0.0,0.0,12.0,1.0,,,1.0,1.0,,,1.0,,,,,1.0,,,,,,,,,,1.0,,,,,,,1.0,,1.0,,,,,,,,,,,Bicycle
2426,2426,2426,5394388,-122.036770769,37.3690231299,2011,4316,0,2,4,12,0,3,A,,,,,Y,1800,8,D,C,A,EL CAMINO REAL,MATHILDA AV,0,,Y,2013-04-18,4316,2011-08-02,1653,16660,52,5,6,0,0,,0,005,-,Y,SCL,4,82,-,-,17.035,I,5,S,Y,5,A,-,21453,A,N,A,H,-,A,A,0,Y,A,07,0,0,3,0,0,0,0,0,0,-,-,SUNNYVALE,SANTA CLARA,CA,0.0,0.0,598.2857142857143,,1.0,6.0,6.0,2.0,5.0,2.0,,3.0,,,,2.0,3.0,,,,,,,,,,,,,,,,5.0,,,,,,,,,,,,,Motor Vehicle
2427,2427,2427,5394391,-122.03238999999999,37.35902,2011,4316,0,1,4,05,0,1,A,,Y,,,,1200,8,D,G,A,REMINGTON DR,SUNNYVALE SARATOGA RD,0,,Y,2012-12-01,4316,2011-08-29,1149,15926,52,5,6,0,0,,0,005,-,N,,0,0,,,0.0,,,,,2,A,-,21650,,F,A,H,-,A,A,0,Y,L,04,0,0,1,0,0,0,1,0,0,-,-,SUNNYVALE,SANTA CLARA,CA,0.0,0.0,20.0,,1.0,,,1.0,,,,1.0,,,1.0,,,,,,,,,,,1.0,,,,,,,1.0,,1.0,,,,,,,,,,,Bicycle
2428,2428,2428,5394395,-122.01483,37.38963,2011,4316,0,6,3,09,0,1,A,,Y,,,,1500,8,D,G,A,N FAIR OAKS AV,EDEN AV,0,,Y,2012-12-01,4316,2011-08-27,1414,12974,26,5,6,0,0,,0,002,-,N,,0,0,,,0.0,,,,,2,A,-,21804,A,N,A,H,-,A,D,0,Y,A,01,0,1,0,0,0,0,1,0,0,-,-,SUNNYVALE,SANTA CLARA,CA,0.0,0.0,33.0,,1.0,,,,,,1.0,,,,1.0,1.0,,,,,,,,,,,,,,,,,1.0,,1.0,,,,,,,,,,,Bicycle
2429,2429,2429,5394803,-122.010934318,37.3953633732,2011,4316,2,4,3,08,0,1,A,,,,,,1500,11,E,I,A,RT 101,FAIR OAKS AV,300,S,N,2013-05-17,9340,2011-11-10,1450,020298,,2,6,0,1,,2,120,-,Y,SCL,4,101,-,-,44.77,H,-,N,Y,1,A,-,22107,,N,A,H,-,A,D,1,Y,A,07,0,1,0,0,0,0,0,0,0,-,-,SUNNYVALE,SANTA CLARA,CA,-121.00862,37.39465,23.0,,1.0,,,,1.0,,,1.0,,,,,,,,,,,,1.0,,,,,,,,,1.0,,,,,,,,,,,,,Motor Vehicle
2430,2430,2430,5397821,-122.025320707,37.3985051827,2011,4316,2,3,4,03,0,1,A,,,,,,900,11,C,C,A,RT 101,MATHILDA AV,500,S,N,2013-04-30,9340,2011-11-16,810,20298,,1,6,0,1,,2,120,-,Y,SCL,4,101,-,-,45.59,H,-,N,Y,2,A,-,22350,,N,A,H,-,A,D,1,Y,A,01,0,0,1,0,0,0,0,0,0,-,-,SUNNYVALE,SANTA CLARA,CA,-122.02148999999999,37.39777,31.0,,1.0,,,,1.0,,,2.0,,,,1.0,,,,,1.0,,,,,,,,,,,,2.0,,,,,,,,,,,,,Motor Vehicle
2431,2431,2431,5398279,-122.017987942,37.3799198163,2011,4316,0,5,4,03,0,1,A,,,,,,1800,8,C,C,A,CENTRAL EXPWY,FAIR OAKS,325,E,N,2012-12-01,4316,2011-08-26,1645,13877,16,5,6,0,0,,0,001,-,N,,0,0,,,0.0,,,,Y,3,A,-,22350,,N,A,H,-,A,D,0,Y,A,01,0,0,1,0,0,0,0,0,0,-,-,SUNNYVALE,SANTA CLARA,CA,0.0,0.0,62.0,,1.0,,,1.0,,,1.0,2.0,,,,3.0,,,,,,,,,,,,,,,,,3.0,,,,,,,,,,,,,Motor Vehicle
2432,2432,2432,5400114,-121.99601297,37.3851772099,2011,4316,4,6,4,08,0,1,B,,,,,,900,11,E,J,A,LAWRENCE EXPY,OAKMEAD PKWY,600,S,N,2013-01-18,9340,2011-11-26,630,20205,,1,6,0,2,,2,610,-,N,,0,0,,,0.0,,,,Y,1,A,-,22107,,N,A,H,-,A,D,0,Y,A,07,0,0,1,0,0,0,0,0,0,-,-,SUNNYVALE,SANTA CLARA,CA,-121.99578999999999,37.3855,49.0,,1.0,,,,1.0,1.0,,,,,,,,,,,,,,1.0,,,,,,,,,1.0,,,,,,,,,,,,,Motor Vehicle
2433,2433,2433,5402697,-122.02817948799999,37.4027655695,2011,4316,3,1,1,08,1,0,A,,,,,,600,9,E,I,A,RT 237,MATHILDA,148,W,N,2013-04-04,9340,2011-09-19,353,019949,,3,6,0,1,,2,220,-,Y,SCL,4,237,-,-,2.96,H,-,E,Y,1,A,-,22107,,N,A,H,-,C,D,1,Y,A,07,0,0,0,0,0,0,0,0,0,-,-,SUNNYVALE,SANTA CLARA,CA,-122.02816999999999,37.40268,55.0,,1.0,,,1.0,,,,1.0,,,,,,,,,,,,1.0,,,,,,,,,1.0,,,,,,,,,,,,,Motor Vehicle
2434,2434,2434,5402742,-121.991553055,37.389984984,2011,4316,2,6,1,03,1,0,A,,,,,,1500,11,E,I,A,RT 101,LAWRENCE EXPY,307,S,N,2013-04-05,9340,2011-11-19,1344,020205,,1,6,0,1,,2,120,-,Y,SCL,4,101,-,-,43.753,R,2,N,Y,1,A,-,22350,,N,A,H,-,A,D,1,Y,A,01,0,0,0,0,0,0,0,0,0,TO,-,SUNNYVALE,SANTA CLARA,CA,-121.99455,37.39136,79.0,,,1.0,1.0,,1.0,1.0,,,,,,1.0,,,,,,,,,,,,,,,,,1.0,,,,,,,,,,,,,Motor Vehicle
2435,2435,2435,5406736,-122.009363059,37.3950149836,2011,4316,2,5,4,03,0,1,B,,,,,,1200,11,E,I,A,RT 101,FAIR OAKS,60,S,N,2013-05-17,9340,2011-11-11,1105,020205,,1,6,0,1,,2,120,-,Y,SCL,4,101,-,-,44.733999999999995,R,2,N,Y,1,A,-,22350,,N,B,D,-,A,D,1,Y,A,01,0,0,1,0,0,0,0,0,0,TO,-,SUNNYVALE,SANTA CLARA,CA,-122.0121,37.39679,30.0,,1.0,,,,1.0,,1.0,,,,,1.0,,,,,,,,,,,,,,,,,1.0,,,,,,,,,,,,,Motor Vehicle
2436,2436,2436,5409214,-122.045377821,37.402695547,2011,4316,2,3,3,08,0,1,A,,,,,,1500,11,F,A,A,RT 101,ELLIS ST,1000,S,N,2013-04-18,9340,2011-11-30,1405,20298,,2,6,0,1,,2,120,-,Y,SCL,4,101,-,-,46.82,H,-,S,Y,1,A,-,22107,,N,A,H,-,A,D,1,Y,A,07,0,1,0,0,0,0,0,0,0,-,-,SUNNYVALE,SANTA CLARA,CA,-121.04638999999999,37.40311,19.0,,1.0,,,,1.0,,,1.0,,,,,,,,,,,,1.0,,,,,,,,,1.0,,,,,,,,,,,,,Motor Vehicle
2437,2437,2437,5412001,-122.044184109,37.3846640795,2011,4316,0,3,4,03,0,1,B,,,,,,1200,10,C,C,A,MARY AV,CALIFORNIA ST,184,S,N,2012-05-02,4316,2011-10-05,912,M8312,,5,6,0,0,,0,004,-,N,,0,0,,,0.0,,,,N,2,A,-,22350,,N,B,H,-,A,A,0,Y,A,01,0,0,1,0,0,0,0,0,0,-,-,SUNNYVALE,SANTA CLARA,CA,0.0,0.0,33.0,,1.0,,,,1.0,1.0,,,1.0,,,1.0,1.0,,,,,,,,,,,,,,,,2.0,,,,,,,,,,,,,Motor Vehicle
2438,2438,2438,5422408,-121.991553055,37.389984984,2011,4316,4,1,4,08,0,1,A,,,,Y,,2100,11,B,C,A,LAWRENCE EXPWY,RT 101,0,,Y,2013-04-25,9340,2011-11-28,2030,019838,,2,6,0,2,,2,620,-,Y,SCL,4,101,-,-,43.753,R,4,N,N,2,A,-,22107,,N,A,H,-,C,A,1,Y,-,-,0,0,1,0,0,0,0,0,0,-,-,SUNNYVALE,SANTA CLARA,CA,-121.9961,37.39223,54.0,,1.0,1.0,1.0,1.0,1.0,1.0,,,1.0,,2.0,,,,,,,,,,,,,,,,,,1.0,,,,,,,,1.0,,,,,Motor Vehicle
2439,2439,2439,5422462,-122.007345885,37.3943074257,2011,4316,2,4,4,03,0,1,A,,,,,,1500,12,C,C,A,RT 101,FAIR OAKS AV,1300,S,N,2013-04-30,9340,2011-12-01,1440,20302,,2,6,0,1,,2,120,-,Y,SCL,4,101,-,-,44.58,H,-,S,N,3,A,-,22350,,N,A,H,-,A,D,1,Y,D,22,0,0,1,0,0,0,0,0,0,-,-,SUNNYVALE,SANTA CLARA,CA,-121.91102,37.38363,27.0,,1.0,,,,1.0,,3.0,,,,,1.0,1.0,,,,1.0,,,,,,,,,,,,2.0,,,1.0,,,,,,,,,,Motor Vehicle
2440,2440,2440,5422468,-121.996638998,37.409753363600004,2011,4316,3,3,4,07,0,1,A,,,,,,900,12,B,C,A,RT 237,LAWRENCE EXPY,400,E,N,2013-05-21,9340,2011-12-07,750,18301,,1,6,0,1,,2,230,-,Y,SCL,4,237,-,R,4.68,H,-,W,Y,3,A,-,21658,A,N,A,H,-,A,D,1,Y,A,01,0,0,1,0,0,0,0,0,0,-,-,SUNNYVALE,SANTA CLARA,CA,-121.99651999999999,37.40978,22.5,2.0,2.0,,2.0,1.0,3.0,3.0,,,,,,2.0,,,,,,,,,1.0,,,,,,,,1.0,,,1.0,,,,,,,,,,Motor Vehicle