,level_0,index,CASEID,POINT_X,POINT_Y,YEAR_,LOCATION,CHPTYPE,DAYWEEK,CRASHSEV,VIOLCAT,KILLED,INJURED,WEATHER1,PEDCOL,BICCOL,MCCOL,TRUCKCOL,ETOH,TIMECAT,MONTH_,CRASHTYP,INVOLVE,PED,PRIMARYRD,SECONDRD,DISTANCE,DIRECT,INTERSECT_,PROCDATE,JURIS,DATE_,TIME_,BADGE,JURIDIST,SHIFT,POP,SPECIAL,BEATTYPE,LAPDDIV,BEATCLAS,BEATNUMB,WEATHER2,STATEHW,CALTRANC,CALTRAND,STROUTE,ROUTESUF,POSTPRE,POSTMILE,LOCATYPE,RAMP,SIDEHW,TOWAWAY,PARTIES,PCF,VIOLCODE,VIOL,VIOLSUB,HITRUN,ROADSURF,RDCOND1,RDCOND2,LIGHTING,RIGHTWAY,CHPRDTYP,NOTPRIV,STFAULT,CHPFAULT,SEVINJ,OTHERINJ,COP,PEDKILL,PEDINJ,BICKILL,BICINJ,MCKILL,MCINJURE,RAMP1,RAMP2,CITY,COUNTY,STATE,X_CHP,Y_CHP,AvgVAGE,VAGE_Minor,VAGE_Working,VAGE_Senior,MobilLimAge,F_M_VSEX,F_F_VSEX,F_A_PRACE,F_H_PRACE,F_W_PRACE,F_O_PRACE,F_B_PRACE,F_E_MOVEMENT,F_B_MOVEMENT,F_A_MOVEMENT,F_D_MOVEMENT,F_P_MOVEMENT,F_O_MOVEMENT,F_H_MOVEMENT,F_L_MOVEMENT,F_F_MOVEMENT,F_R_MOVEMENT,F_J_MOVEMENT,F_Q_MOVEMENT,F_G_MOVEMENT,F_C_MOVEMENT,F_M_MOVEMENT,F_N_MOVEMENT,F_K_MOVEMENT,F_I_MOVEMENT,F_A_VEHTYPE,F_I_VEHTYPE,F_L_VEHTYPE,F_D_VEHTYPE,F_C_VEHTYPE,F_N_VEHTYPE,F_F_VEHTYPE,F_J_VEHTYPE,F_G_VEHTYPE,F_B_VEHTYPE,F_M_VEHTYPE,F_E_VEHTYPE,F_H_VEHTYPE,PrimeModeClass
2526,2526,2526,5605313,-122.028497045,37.364584938,2011,4316,0,7,3,-,0,1,A,,,,,,2100,12,E,I,A,RT 82,CEZANNE DR,0,,Y,2013-05-07,4316,2011-12-04,1941,16650,42,5,6,0,0,,0,004,-,Y,SCL,4,82,-,-,16.471,I,5,S,Y,1,A,-,0,,N,A,H,-,C,A,0,Y,A,01,0,1,0,0,0,0,0,0,0,-,-,SUNNYVALE,SANTA CLARA,CA,0.0,0.0,58.0,,1.0,,,,1.0,,,1.0,,,,1.0,,,,,,,,,,,,,,,,,1.0,,,,,,,,,,,,,Motor Vehicle
2527,2527,2527,5605314,-122.001525926,37.3521749804,2011,4316,0,1,4,03,0,1,A,,,,,,1800,12,C,C,A,EL CAMINO REAL,HALFORD,400,W,N,2013-05-07,4316,2011-12-05,1508,74361,62,5,6,0,0,,0,006,-,Y,SCL,4,82,-,-,14.62,H,-,S,Y,4,A,-,22350,,N,A,H,-,A,A,0,Y,A,01,0,0,1,0,0,0,0,0,0,-,-,SUNNYVALE,SANTA CLARA,CA,0.0,0.0,45.0,,1.0,,,1.0,,,,1.0,,,,1.0,3.0,,,,,,,,,,,,,,,,4.0,,,,,,,,,,,,,Motor Vehicle
2528,2528,2528,5605315,-122.02589564200001,37.3624421356,2011,4316,0,1,3,-,0,1,A,,,,,,2100,12,E,I,A,RT 82,FAIR OAKS AV,528,E,N,2013-05-07,4316,2011-12-05,1941,20280,42,5,6,0,0,,0,004,-,Y,SCL,4,82,-,-,16.26,H,-,S,Y,1,A,-,0,,N,A,H,-,C,A,0,Y,A,01,0,1,0,0,0,0,0,0,0,-,-,SUNNYVALE,SANTA CLARA,CA,0.0,0.0,58.0,,1.0,,,,1.0,,,1.0,,,,1.0,,,,,,,,,,,,,,,,,1.0,,,,,,,,,,,,,Motor Vehicle
2529,2529,2529,5605316,-121.991553055,37.389984984,2011,4316,0,7,3,03,0,1,A,,,Y,,,2400,12,F,A,A,LAWRENCE EXPWY,RT 101,0,,Y,2013-05-01,4316,2011-12-18,2147,20277,26,5,6,0,0,,0,002,-,Y,SCL,4,101,-,-,43.753,R,4,N,,1,A,-,22350,,N,A,H,-,C,A,0,Y,C,02,0,1,0,0,0,0,0,0,1,-,NF,SUNNYVALE,SANTA CLARA,CA,0.0,0.0,19.0,,1.0,,,1.0,,,,1.0,,,,1.0,,,,,,,,,,,,,,,,,,,,,1.0,,,,,,,,,Motor Vehicle
2530,2530,2530,5605317,-122.014437863,37.3532022104,2011,4316,0,1,4,03,0,1,A,,,,,,1800,12,C,C,A,EL CAMINO REAL,WOLFE RD,100,W,N,2013-05-07,4316,2011-12-19,1702,15949,42,5,6,0,0,,0,004,-,Y,SCL,4,82,-,-,15.34,H,-,S,,2,A,-,22350,,N,A,H,-,A,A,0,Y,A,01,0,0,1,0,0,0,0,0,0,-,-,SUNNYVALE,SANTA CLARA,CA,0.0,0.0,39.0,,1.0,,,,1.0,,1.0,1.0,,,,1.0,1.0,,,,,,,,,,,,,,,,2.0,,,,,,,,,,,,,Motor Vehicle
2531,2531,2531,9006468,-121.992543057,37.4032440186,2006,4316,0,1,4,12,0,2,A,,,,,,2100,8,D,C,A,TASMAN DR,BIRCHWOOD CT,0,,Y,2006-09-07,4316,2006-08-28,2002,14547,23,5,6,0,0,,0,002,-,N,,0,0,,,0.0,,,,Y,2,A,-,21453,A,N,A,H,-,A,A,0,Y,A,01,0,0,2,0,0,0,0,0,0,-,-,SUNNYVALE,SANTA CLARA,CA,0.0,0.0,41.5,,2.0,,,2.0,,,,2.0,,,1.0,1.0,,,,,,,,,,,,,,,,,2.0,,,,,,,,,,,,,Motor Vehicle
2532,2532,2532,9007836,-121.995930284,37.3932685852,2006,4316,0,5,4,03,0,1,A,,,,,,2100,9,C,C,A,LAWRENCE EXPWY,LAKEWOOD DR,100,S,N,2006-09-21,4316,2006-09-01,1931,89633,24,5,6,0,0,,0,002,-,N,,0,0,,,0.0,,,,Y,2,A,-,22350,,N,A,H,-,B,D,0,Y,A,01,0,0,1,0,0,0,0,0,0,-,-,SUNNYVALE,SANTA CLARA,CA,0.0,0.0,17.0,,1.0,,,,2.0,1.0,1.0,,,,,1.0,,,,,1.0,,,,,,,,,,,,2.0,,,,,,,,,,,,,Motor Vehicle
2533,2533,2533,9012979,-122.05680572600001,37.337505340599996,2006,4316,0,3,4,03,0,1,A,,,,,,900,8,C,C,A,HOMESTEAD RD,BERNARDO AV,348,E,N,2006-09-11,4316,2006-08-30,739,26616,53,5,6,0,0,,0,005,-,N,,0,0,,,0.0,,,,Y,3,A,-,22350,,N,A,H,-,A,D,0,Y,A,01,0,0,1,0,0,0,0,0,0,-,-,SUNNYVALE,SANTA CLARA,CA,0.0,0.0,29.333333333333332,1.0,2.0,,1.0,2.0,1.0,,,3.0,,,,1.0,2.0,,,,,,,,,,,,,,,,3.0,,,,,,,,,,,,,Motor Vehicle
2534,2534,2534,9012983,-122.016783054,37.3467750549,2006,4316,0,4,4,09,0,1,A,,,,,,1800,8,D,C,A,DARTSHIRE WY,KINGFISHER WY,0,,Y,2006-09-11,4316,2006-08-24,1600,16363,62,5,6,0,0,,0,006,-,N,,0,0,,,0.0,,,,Y,2,A,-,21802,A,N,A,H,-,A,A,0,Y,A,01,0,0,1,0,0,0,0,0,0,-,-,SUNNYVALE,SANTA CLARA,CA,0.0,0.0,17.0,,1.0,,,1.0,,1.0,,1.0,,,,2.0,,,,,,,,,,,,,,,,,2.0,,,,,,,,,,,,,Motor Vehicle
2535,2535,2535,9013003,-122.01992305799999,37.3771133423,2006,4316,0,7,4,12,0,1,A,,,,,,1200,9,D,C,A,FAIR OAKS AV,KIFER RD,0,,Y,2006-09-11,4316,2006-09-03,1057,12974,12,5,6,0,0,,0,001,-,N,,0,0,,,0.0,,,,Y,3,A,-,21453,A,N,A,H,-,A,A,0,Y,A,01,0,0,1,0,0,0,0,0,0,-,-,SUNNYVALE,SANTA CLARA,CA,0.0,0.0,67.0,,,1.0,1.0,,1.0,1.0,,1.0,1.0,,1.0,1.0,1.0,,,,,,,,,,,,,,,,3.0,,,,,,,,,,,,,Motor Vehicle
2536,2536,2536,9013007,-122.05054306,37.3523139954,2006,4316,0,4,2,00,0,1,A,Y,,,,Y,1500,8,D,B,F,MARY AV,MARY,200,W,N,2006-09-11,4316,2006-08-31,1211,14378,,5,6,0,0,,0,001,-,N,,0,0,,,0.0,,,,N,2,A,-,20001,A,F,A,H,-,A,D,0,Y,A,08,1,0,0,0,1,0,0,0,0,-,-,SUNNYVALE,SANTA CLARA,CA,0.0,0.0,47.0,,1.0,,,1.0,,1.0,,1.0,,,,2.0,,,,,,,,,,,,,,,,,1.0,,,,,1.0,,,,,,,,Pedestrian
2537,2537,2537,9017893,-121.99603066700001,37.3831214905,2006,4316,4,5,4,03,0,1,A,,,,,,2100,8,C,C,A,LAWRENCE EXPWY,KERN AV,60,N,N,2006-09-15,9340,2006-08-25,1930,17225,,2,6,0,2,,2,610,-,N,,0,0,,,0.0,,,,Y,3,A,-,22350,,N,A,H,-,A,D,0,Y,D,22,0,0,1,0,0,0,0,0,0,-,-,SUNNYVALE,SANTA CLARA,CA,0.0,0.0,49.0,,1.0,,,1.0,,,1.0,2.0,,,,1.0,2.0,,,,,,,,,,,,,,,,2.0,,,1.0,,,,,,,,,,Motor Vehicle
2538,2538,2538,9022046,-122.004524469,37.393514554,2006,4316,2,3,4,07,0,1,A,,,,,,2400,8,C,C,A,RT 101,FAIR OAKS AV,2640,S,N,2006-10-20,9340,2006-08-23,2130,01801,,2,6,0,1,,2,120,-,Y,SCL,4,101,-,-,44.33,H,-,S,Y,2,A,-,21658,A,F,A,H,-,D,D,1,Y,A,01,0,0,1,0,0,0,0,0,0,-,-,SUNNYVALE,SANTA CLARA,CA,0.0,0.0,46.0,,1.0,,,1.0,,,2.0,,,,,1.0,,,,,,,,,1.0,,,,,,,,1.0,,,1.0,,,,,,,,,,Motor Vehicle
2539,2539,2539,9022735,-122.04078144299999,37.370007076,2006,4316,0,4,4,09,0,2,A,,,,,,2100,9,D,C,A,RT 82,HOLLENBECK AV,0,,Y,2006-09-29,4316,2006-09-07,2031,97576,52,5,6,0,0,,0,005,-,Y,SCL,4,82,-,-,17.26,I,5,S,Y,2,A,-,21453,C,N,A,H,-,C,A,0,Y,A,01,0,0,2,0,0,0,0,0,0,-,-,SUNNYVALE,SANTA CLARA,CA,0.0,0.0,28.5,,2.0,,,2.0,,,1.0,,1.0,,1.0,1.0,,,,,,,,,,,,,,,,,2.0,,,,,,,,,,,,,Motor Vehicle
2540,2540,2540,9022767,-122.005828656,37.3808937073,2006,4316,0,6,3,01,0,1,A,,,,,Y,600,9,A,I,A,ARQUES AV,COMMERCIAL,440,E,N,2006-09-18,4316,2006-09-02,510,14954,27,5,6,0,0,,0,002,-,N,,0,0,,,0.0,,,,Y,1,A,-,23152,A,M,A,H,-,C,D,0,Y,I,11,0,1,0,0,0,0,0,0,0,-,-,SUNNYVALE,SANTA CLARA,CA,0.0,0.0,25.0,,1.0,,,1.0,,,,,1.0,,1.0,,,,,,,,,,,,,,,,,,,1.0,,,,,,,,,,,,Motor Vehicle
2541,2541,2541,9022771,-122.02490323,37.3675460815,2006,4316,0,3,3,09,0,1,A,,Y,,,,2100,9,H,G,A,OLD SAN FRANCISCO RD,CENTRAL AV,325,E,N,2006-09-15,4316,2006-09-06,1802,86125,34,5,6,0,0,,0,003,-,N,,0,0,,,0.0,,,,N,2,A,-,21801,A,N,A,H,-,A,D,0,Y,A,01,0,1,0,0,0,0,1,0,0,-,-,SUNNYVALE,SANTA CLARA,CA,0.0,0.0,33.0,,1.0,,,,1.0,,,1.0,1.0,,1.0,1.0,,,,,,,,,,,,,,,,,1.0,,1.0,,,,,,,,,,,Bicycle
2542,2542,2542,9022775,-122.04814306200001,37.3729057312,2006,4316,0,3,4,09,0,1,A,,,,,,1500,9,B,C,A,MARY AV,OLIVE AV,0,,Y,2006-09-15,4316,2006-09-06,1300,14373,32,5,6,0,0,,0,003,-,N,,0,0,,,0.0,,,,Y,2,A,-,21802,A,N,A,H,-,A,A,0,Y,A,01,0,0,1,0,0,0,0,0,0,-,-,SUNNYVALE,SANTA CLARA,CA,0.0,0.0,49.0,,1.0,,,,1.0,1.0,,1.0,,,,2.0,,,,,,,,,,,,,,,,,2.0,,,,,,,,,,,,,Motor Vehicle
2543,2543,2543,9022790,-122.02060957,37.35806155,2006,4316,0,3,4,08,0,1,B,,,,,,900,9,C,E,A,RT 82,REMINGTON DR,1584,E,N,2006-09-29,4316,2006-09-06,718,56593,61,5,6,0,0,,0,006,-,Y,SCL,4,82,-,-,15.83,H,-,S,Y,3,A,-,22107,,N,A,H,-,A,D,0,Y,A,01,0,0,1,0,0,0,0,0,0,-,-,SUNNYVALE,SANTA CLARA,CA,0.0,0.0,39.5,,2.0,,,2.0,,,,1.0,,,,1.0,,,,2.0,,,,,,,,,,,,,3.0,,,,,,,,,,,,,Motor Vehicle
2544,2544,2544,9022798,-122.02447386799999,37.361500121,2006,4316,0,2,3,09,0,1,A,,Y,,,,1200,9,D,G,A,RT 82,FAIR OAKS AV,10,E,N,2006-09-29,4316,2006-09-05,1033,14374,42,5,6,0,0,,0,002,-,Y,SCL,4,82,-,-,16.15,H,-,N,N,2,A,-,21803,A,N,A,H,-,A,A,0,Y,A,01,0,1,0,0,0,0,1,0,0,-,-,SUNNYVALE,SANTA CLARA,CA,0.0,0.0,65.0,,,1.0,1.0,,1.0,1.0,,1.0,,,,2.0,,,,,,,,,,,,,,,,,1.0,,1.0,,,,,,,,,,,Bicycle
2545,2545,2545,9023731,-122.01843939,37.3376846313,2006,4316,0,2,4,03,0,3,A,,,,,,1200,9,C,C,A,HOMESTEAD RD,HERON AV,28,W,N,2006-09-15,4316,2006-09-05,910,16363,62,5,6,0,0,,0,006,-,N,,0,0,,,0.0,,,,Y,3,A,-,22350,,N,A,H,-,A,A,0,Y,A,01,0,0,3,0,0,0,0,0,0,-,-,SUNNYVALE,SANTA CLARA,CA,0.0,0.0,34.333333333333336,,3.0,,,1.0,2.0,1.0,,,2.0,,,1.0,2.0,,,,,,,,,,,,,,,,3.0,,,,,,,,,,,,,Motor Vehicle
2546,2546,2546,5966870,-121.99628051299999,37.3738437058,2012,4316,4,5,4,03,0,1,B,,,,,,2100,10,C,C,A,LAWRENCE EXPWY,KIFER RD,30,S,N,2013-12-18,9340,2012-10-12,2030,20316,,2,6,0,2,,2,610,-,N,,0,0,,,0.0,,,,N,2,A,-,22350,,N,A,H,-,C,D,0,Y,A,08,0,0,1,0,0,0,0,0,0,-,-,SUNNYVALE,SANTA CLARA,CA,-121.99627,37.37403,47.0,,1.0,,,,1.0,1.0,,,1.0,,,1.0,1.0,,,,,,,,,,,,,,,,2.0,,,,,,,,,,,,,Motor Vehicle
2547,2547,2547,5966866,-121.99582310299999,37.3401743728,2012,4316,4,5,4,03,0,1,A,,,,,,1800,10,C,C,A,LAWRENCE EXPWY,LOCHINVAR AV,200,N,N,2013-12-18,9340,2012-10-12,1645,20314,,2,6,0,2,,2,610,-,Y,,0,0,,,0.0,,,,Y,2,A,-,22350,,N,A,H,-,A,D,0,Y,A,01,0,0,1,0,0,0,0,0,0,-,-,SUNNYVALE,SANTA CLARA,CA,-121.99623000000001,37.321259999999995,31.0,,1.0,,,1.0,,,,1.0,1.0,,,2.0,,,,,,,,,,,,,,,,,2.0,,,,,,,,,,,,,Motor Vehicle
2548,2548,2548,5965445,-122.03626306299999,37.400694982,2012,4316,2,7,4,03,0,2,A,,,,,,2400,9,E,I,A,RT101,RT 237,300,S,N,2013-11-30,9340,2012-09-23,2320,20324,,3,6,0,1,,2,120,-,Y,SCL,4,101,-,-,46.111000000000004,R,2,S,Y,1,A,-,22350,,N,A,H,-,D,D,1,Y,A,01,0,0,2,0,0,0,0,0,0,TO,-,SUNNYVALE,SANTA CLARA,CA,-122.03515,37.39989,30.333333333333332,,3.0,,,2.0,1.0,1.0,,,,,,1.0,,,,,,,,,,,,,,,,,1.0,,,,,,,,,,,,,Motor Vehicle
2549,2549,2549,5964551,-122.053221882,37.333077213,2012,4316,1,4,4,03,0,1,C,,,,,,900,9,C,C,A,RT 280,RT 85,300,S,N,2013-12-06,9340,2012-09-06,736,18680,,1,6,0,1,,2,282,-,Y,SCL,4,280,-,-,10.68,H,-,N,Y,3,A,-,22350,,N,B,H,-,A,D,1,Y,A,01,0,0,1,0,0,0,0,0,0,-,-,SUNNYVALE,SANTA CLARA,CA,-122.05163,37.3351,998.0,,,1.0,1.0,,,1.0,,1.0,1.0,,,1.0,,,,,2.0,,,,,,,,,,,,3.0,,,,,,,,,,,,,Motor Vehicle
2550,2550,2550,5952068,-122.03754182200001,37.399670534,2012,4316,3,2,4,03,0,1,A,,,,,,1800,11,C,C,A,RT 237,RT 101,5,W,N,2013-12-28,9340,2012-11-06,1635,20015,,2,6,0,1,,2,220,-,Y,SCL,4,237,-,-,2.45,H,-,E,Y,2,A,-,22350,,N,A,H,-,A,D,1,Y,A,01,0,0,1,0,0,0,0,0,0,-,-,SUNNYVALE,SANTA CLARA,CA,-122.03583,34.40054,86.0,,,1.0,1.0,,1.0,,,2.0,,,,1.0,1.0,,,,,,,,,,,,,,,,2.0,,,,,,,,,,,,,Motor Vehicle
2551,2551,2551,5950040,-122.046064541,37.403036324,2012,4316,2,3,4,03,0,2,A,,,,,,1200,10,C,C,A,RT 101,ELLIS ST,849,S,N,2013-12-14,9340,2012-10-24,910,18665,,1,6,0,1,,2,120,-,Y,SCL,4,101,-,-,46.85,H,-,N,Y,4,A,-,22350,,N,A,H,-,A,D,1,Y,A,07,0,0,2,0,0,0,0,0,0,-,-,SUNNYVALE,SANTA CLARA,CA,-122.04298999999999,37.40246,43.75,,4.0,,,3.0,1.0,,2.0,2.0,,,,2.0,1.0,,,,1.0,,,,,,,,,,,,4.0,,,,,,,,,,,,,Motor Vehicle
2552,2552,2552,5937727,-121.99104069799999,37.389647181,2012,4316,2,2,4,03,0,3,A,,,,,,1800,12,C,C,A,RT101,CALABAZAS CREEK,50,N,N,2014-01-16,9340,2012-12-04,1530,19509,,2,6,0,1,,2,120,-,Y,SCL,4,101,-,-,43.71,H,-,S,N,3,A,-,22350,,N,A,H,-,A,D,1,Y,A,01,0,0,3,0,0,0,0,0,0,-,-,SUNNYVALE,SANTA CLARA,CA,-121.98873999999999,37.38884,61.666666666666664,,2.0,1.0,1.0,1.0,2.0,1.0,,2.0,,,,2.0,,,,,1.0,,,,,,,,,,,,3.0,,,,,,,,,,,,,Motor Vehicle
2553,2553,2553,5933531,-122.01504660100001,37.396059439,2012,4316,2,4,4,03,0,1,C,,,,,,1800,11,C,C,A,RT101,FAIR OAKS AV,500,N,N,2014-01-03,9340,2012-11-29,1655,019377,,2,6,0,1,,2,120,-,Y,SCL,4,101,-,-,44.92,H,-,S,N,2,A,-,22350,,N,B,H,-,B,D,1,Y,A,01,0,0,1,0,0,0,0,0,0,-,-,SUNNYVALE,SANTA CLARA,CA,-122.01483999999999,37.39587,46.5,,2.0,,,2.0,,,,2.0,,,,1.0,,,,,1.0,,,,,,,,,,,,2.0,,,,,,,,,,,,,Motor Vehicle
2554,2554,2554,5924518,-122.038358176,37.401360564,2012,4316,2,3,3,03,0,1,A,,,,,,2100,11,C,C,A,RT101,RT 237,500,N,N,2013-12-27,9340,2012-11-14,1800,020148,,2,6,0,1,,2,120,-,Y,SCL,4,101,-,-,46.22,H,-,N,Y,3,A,-,22350,,N,A,H,-,D,D,1,Y,A,01,0,1,0,0,0,0,0,0,0,-,-,SUNNYVALE,SANTA CLARA,CA,-122.0229,37.2408,33.0,,1.0,,,1.0,,1.0,,1.0,,1.0,,3.0,,,,,,,,,,,,,,,,,3.0,,,,,,,,,,,,,Motor Vehicle
2555,2555,2555,5917597,-122.025348354,37.403475654,2012,4316,3,3,4,03,0,1,B,,,,,,1800,11,C,C,A,RT 101,MATHILDA AV,200,E,N,2013-12-28,9340,2012-11-28,1745,18880,,2,6,0,1,,2,220,-,Y,SCL,4,237,-,-,3.06,H,-,W,N,2,A,-,22350,,N,A,H,-,B,D,1,Y,A,07,0,0,1,0,0,0,0,0,0,-,-,SUNNYVALE,SANTA CLARA,CA,-122.02592,37.40333,33.0,1.0,1.0,,1.0,1.0,1.0,,,,2.0,,,1.0,1.0,,,,,,,,,,,,,,,,2.0,,,,,,,,,,,,,Motor Vehicle
2556,2556,2556,5913746,-122.060012238,37.341290246999996,2012,4316,3,4,3,03,0,1,A,,,Y,,,1800,9,C,C,A,RT 85,HOMESTEAD RD,943,N,N,2013-12-04,9340,2012-09-27,1618,020322,,2,6,0,1,,2,085,-,Y,SCL,4,85,-,R,19.04,H,-,S,Y,2,A,-,22350,,N,A,H,-,A,D,6,Y,C,02,0,1,0,0,0,0,0,0,1,-,-,SUNNYVALE,SANTA CLARA,CA,-122.06,37.339940000000006,27.0,,1.0,,,1.0,,,,1.0,1.0,,,2.0,,,,,,,,,,,,,,,,,1.0,,,,1.0,,,,,,,,,Motor Vehicle
2557,2557,2557,5913039,-122.054173812,37.330975731,2012,4316,3,5,3,03,0,2,B,,,,,,1500,11,E,I,A,RT 85,HOMESTEAD RD,1980,S,N,2014-01-06,9340,2012-11-16,1402,20015,,2,6,0,1,,2,085,-,Y,SCL,4,85,-,R,18.302,R,2,N,Y,1,A,-,22350,,N,B,H,-,A,D,6,Y,D,22,0,1,1,0,0,0,0,0,0,-,-,SUNNYVALE,SANTA CLARA,CA,-122.05559,37.33365,30.0,,2.0,,,2.0,,,1.0,,,,,1.0,,,,,,,,,,,,,,,,,,,,1.0,,,,,,,,,,Motor Vehicle
2558,2558,2558,5912968,-122.05873306,37.335984975,2012,4316,3,5,3,03,0,5,B,Y,,,,,1500,11,C,C,E,RT 85,HOMESTEAD RD,1900,S,N,2014-01-06,9340,2012-11-16,1405,20015,,2,6,0,1,,2,085,-,Y,SCL,4,85,-,R,18.667,R,2,N,Y,4,A,-,22350,,N,B,C,-,A,D,6,Y,A,07,0,2,3,0,2,0,0,0,0,-,-,SUNNYVALE,SANTA CLARA,CA,-122.0559,37.33365,35.2,,5.0,,,4.0,1.0,1.0,1.0,2.0,,,,1.0,1.0,,,,,,,,,,,,,,,,1.0,,,1.0,,2.0,,,,,,,,Pedestrian
2559,2559,2559,5906995,-121.993313039,37.390294028,2012,4316,2,3,4,07,0,1,A,,,Y,,,2100,11,F,A,A,RT101,LAWRENCE EXPWY,100,S,N,2014-01-02,9340,2012-11-07,1945,020148,,2,6,0,1,,2,120,-,Y,SCL,4,101,-,-,43.84,H,-,S,Y,2,A,-,21658,A,F,A,H,-,C,D,1,Y,A,01,0,0,1,0,0,0,0,0,1,-,-,SUNNYVALE,SANTA CLARA,CA,-121.99553,37.39079,26.0,,1.0,,,1.0,,1.0,,,,,,1.0,,,,,,,,,1.0,,,,,,,,1.0,,,,1.0,,,,,,,,,Motor Vehicle
2560,2560,2560,5904661,-121.99600234399999,37.3854517508,2012,4316,4,2,4,03,0,1,A,,,,,,1500,10,C,C,A,LAWRENCE EXPWY,OAKMEAD PKWY,500,S,N,2014-03-05,9340,2012-10-23,1340,19270,,1,6,0,2,,2,610,-,Y,,0,0,,,0.0,,,,Y,4,A,-,22350,,N,A,H,-,A,D,0,Y,A,01,0,0,1,0,0,0,0,0,0,-,-,SUNNYVALE,SANTA CLARA,CA,-121.99586000000001,37.38632,18.0,2.0,2.0,,2.0,2.0,2.0,2.0,,1.0,1.0,,,1.0,3.0,,,,,,,,,,,,,,,,4.0,,,,,,,,,,,,,Motor Vehicle
2561,2561,2561,5904660,-122.02573961700001,37.398597761,2012,4316,2,7,4,03,0,1,A,,,,,,1200,11,C,C,A,RT 101,MATHILDA AV,400,S,N,2014-01-03,9340,2012-11-04,945,20414,,1,6,0,1,,2,120,-,Y,SCL,4,101,-,-,45.6,H,-,N,Y,3,A,-,22350,,N,A,H,-,A,D,1,Y,A,01,0,0,1,0,0,0,0,0,0,-,-,SUNNYVALE,SANTA CLARA,CA,-122.02605,37.39848,33.0,,1.0,,,,1.0,2.0,,1.0,,,,1.0,2.0,,,,,,,,,,,,,,,,3.0,,,,,,,,,,,,,Motor Vehicle
2562,2562,2562,5901735,-122.01999308100001,37.3896148667,2012,4316,0,4,4,09,0,2,B,,,,,,1800,3,D,C,A,MORSE AV,DUANE AV,0,,Y,2013-07-22,4316,2012-03-29,1525,15926,14,5,6,0,0,,0,001,-,N,,0,0,,,0.0,,,,,2,A,-,21800,A,N,A,H,-,A,A,0,Y,A,07,0,0,2,0,0,0,0,0,0,-,-,SUNNYVALE,SANTA CLARA,CA,0.0,0.0,38.5,,2.0,,,1.0,1.0,,1.0,,,,,2.0,,,,,,,,,,,,,,,,,2.0,,,,,,,,,,,,,Motor Vehicle
2563,2563,2563,5901732,-122.030901611,37.3969994521,2012,4316,0,7,3,03,0,1,C,Y,,,,Y,300,3,G,B,E,VAQUEROS AV,ALMANOR AV,100,S,N,2013-07-24,4316,2012-03-25,145,15949,13,5,6,0,0,,0,001,-,N,,0,0,,,0.0,,,,,2,A,-,22350,,F,B,H,-,C,D,0,Y,A,01,0,1,0,0,1,0,0,0,0,-,-,SUNNYVALE,SANTA CLARA,CA,0.0,0.0,18.0,,1.0,,,1.0,,,1.0,,,,,2.0,,,,,,,,,,,,,,,,,1.0,,,,,1.0,,,,,,,,Pedestrian
2564,2564,2564,5901731,-122.03739086799999,37.369179303,2012,4316,0,2,4,21,0,1,A,,,,,,1800,3,C,C,A,EL CAMINO REAL,MATHILDA AV,180,W,N,2013-10-08,4316,2012-03-20,1550,15926,52,5,6,0,0,,0,005,-,Y,SCL,4,82,-,-,17.07,H,-,S,,2,A,-,22106,,N,A,H,-,A,A,0,Y,A,08,0,0,1,0,0,0,0,0,0,-,-,SUNNYVALE,SANTA CLARA,CA,0.0,0.0,37.0,,1.0,,,1.0,,,1.0,,,,,1.0,1.0,,,,,,,,,,,,,,,,2.0,,,,,,,,,,,,,Motor Vehicle
2565,2565,2565,5901728,-122.013613066,37.3933748927,2012,4316,0,4,3,01,0,2,A,,,,,Y,1800,3,D,C,A,FAIR OAKS AV,AHWANEE AV,0,,Y,2013-07-22,4316,2012-03-29,1525,14314,14,5,6,0,0,,0,001,-,N,,0,0,,,0.0,,,,Y,3,A,-,23152,A,N,A,H,-,A,A,0,Y,A,01,0,1,1,0,0,0,0,0,0,-,-,SUNNYVALE,SANTA CLARA,CA,0.0,0.0,63.5,,1.0,1.0,1.0,2.0,,1.0,,2.0,,,,2.0,1.0,,,,,,,,,,,,,,,,3.0,,,,,,,,,,,,,Motor Vehicle
2566,2566,2566,5901727,-122.041444092,37.340588436,2012,4316,0,7,4,09,0,1,B,,Y,,,,1200,3,D,G,A,HOLLENBECK AV,GRAND COULEE AV,600,S,N,2013-10-09,4316,2012-03-18,1039,14189,54,5,6,0,0,,0,005,C,N,,0,0,,,0.0,,,,,2,A,-,21804,A,F,B,H,-,A,A,0,Y,-,-,0,0,1,0,0,0,1,0,0,-,-,SUNNYVALE,SANTA CLARA,CA,0.0,0.0,38.0,,1.0,,,,1.0,,,1.0,,,,1.0,,,,,,1.0,,,,,,,,,,,,,1.0,,,,,,,,,,,Bicycle