,level_0,index,CASEID,POINT_X,POINT_Y,YEAR_,LOCATION,CHPTYPE,DAYWEEK,CRASHSEV,VIOLCAT,KILLED,INJURED,WEATHER1,PEDCOL,BICCOL,MCCOL,TRUCKCOL,ETOH,TIMECAT,MONTH_,CRASHTYP,INVOLVE,PED,PRIMARYRD,SECONDRD,DISTANCE,DIRECT,INTERSECT_,PROCDATE,JURIS,DATE_,TIME_,BADGE,JURIDIST,SHIFT,POP,SPECIAL,BEATTYPE,LAPDDIV,BEATCLAS,BEATNUMB,WEATHER2,STATEHW,CALTRANC,CALTRAND,STROUTE,ROUTESUF,POSTPRE,POSTMILE,LOCATYPE,RAMP,SIDEHW,TOWAWAY,PARTIES,PCF,VIOLCODE,VIOL,VIOLSUB,HITRUN,ROADSURF,RDCOND1,RDCOND2,LIGHTING,RIGHTWAY,CHPRDTYP,NOTPRIV,STFAULT,CHPFAULT,SEVINJ,OTHERINJ,COP,PEDKILL,PEDINJ,BICKILL,BICINJ,MCKILL,MCINJURE,RAMP1,RAMP2,CITY,COUNTY,STATE,X_CHP,Y_CHP,AvgVAGE,VAGE_Minor,VAGE_Working,VAGE_Senior,MobilLimAge,F_M_VSEX,F_F_VSEX,F_A_PRACE,F_H_PRACE,F_W_PRACE,F_O_PRACE,F_B_PRACE,F_E_MOVEMENT,F_B_MOVEMENT,F_A_MOVEMENT,F_D_MOVEMENT,F_P_MOVEMENT,F_O_MOVEMENT,F_H_MOVEMENT,F_L_MOVEMENT,F_F_MOVEMENT,F_R_MOVEMENT,F_J_MOVEMENT,F_Q_MOVEMENT,F_G_MOVEMENT,F_C_MOVEMENT,F_M_MOVEMENT,F_N_MOVEMENT,F_K_MOVEMENT,F_I_MOVEMENT,F_A_VEHTYPE,F_I_VEHTYPE,F_L_VEHTYPE,F_D_VEHTYPE,F_C_VEHTYPE,F_N_VEHTYPE,F_F_VEHTYPE,F_J_VEHTYPE,F_G_VEHTYPE,F_B_VEHTYPE,F_M_VEHTYPE,F_E_VEHTYPE,F_H_VEHTYPE,PrimeModeClass
2609,2609,2609,5866759,-122.027098164,37.3491321239,2012,4316,0,3,2,09,0,1,A,,Y,,,,900,5,G,G,A,BOBWHITE AV,CARLISLE WY,10,N,N,2013-08-31,4316,2012-05-09,755,15612,62,5,6,0,0,,0,006,-,N,,0,0,,,0.0,,,,,2,A,-,21801,A,N,A,H,-,A,D,0,Y,A,01,1,0,0,0,0,0,1,0,0,-,-,SUNNYVALE,SANTA CLARA,CA,0.0,0.0,14.0,1.0,,,1.0,1.0,,,,2.0,,,1.0,1.0,,,,,,,,,,,,,,,,,1.0,,1.0,,,,,,,,,,,Bicycle
2610,2610,2610,5866755,-122.032403108,37.3590249259,2012,4316,0,2,4,09,0,1,A,,Y,,,,1800,5,D,G,A,SUNNYVALE SARATOGA RD,REMINGTON DR,0,,Y,2013-08-31,4316,2012-05-01,1530,10043,51,5,6,0,0,,0,005,-,N,,0,0,,,0.0,,,,,2,A,-,21804,A,N,A,H,-,A,A,0,Y,L,04,0,0,1,0,0,0,1,0,0,-,-,SUNNYVALE,SANTA CLARA,CA,0.0,0.0,13.0,1.0,,,1.0,1.0,,,1.0,,,,,,,1.0,,,,1.0,,,,,,,,,,,,,1.0,,,,,,,,,,,Bicycle
2611,2611,2611,5866751,-122.011521479,37.3997471985,2012,4316,0,2,4,08,0,1,A,,,,,,300,5,A,I,A,FAIR OAKS AV,WEDDELL DR,400,N,N,2013-08-31,4316,2012-05-08,207,16663,12,5,6,0,0,,0,001,-,N,,0,0,,,0.0,,,,Y,1,A,-,22107,,N,A,H,-,C,D,0,Y,A,01,0,0,1,0,0,0,0,0,0,-,-,SUNNYVALE,SANTA CLARA,CA,0.0,0.0,35.0,,1.0,,,,1.0,,,1.0,,,,,,,,,,,,,1.0,,,,,,,,1.0,,,,,,,,,,,,,Motor Vehicle
2612,2612,2612,5866747,-122.040593016,37.3667448533,2012,4316,0,2,3,08,0,1,A,,Y,,,,900,5,D,G,A,DANFORTH DR,RESEDA DR,0,,Y,2013-08-31,4316,2012-05-08,728,15924,52,5,6,0,0,,0,005,-,N,,0,0,,,0.0,,,,,2,A,-,22107,,N,A,H,-,A,D,0,Y,A,01,0,1,0,0,0,0,1,0,0,-,-,SUNNYVALE,SANTA CLARA,CA,0.0,0.0,18.0,,1.0,,,,1.0,,,2.0,,,1.0,1.0,,,,,,,,,,,,,,,,,1.0,,1.0,,,,,,,,,,,Bicycle
2613,2613,2613,5866743,-122.01864039799999,37.409812893899996,2012,4316,0,2,4,10,0,1,A,Y,,,,,1500,5,G,B,B,BORREGAS AV,GIBRALTAR CT,3,N,N,2013-08-31,4316,2012-05-22,1205,12762,11,5,6,0,0,,0,001,-,N,,0,0,,,0.0,,,,,2,A,-,21950,A,N,A,H,-,A,A,0,Y,A,07,0,0,1,0,1,0,0,0,0,-,-,SUNNYVALE,SANTA CLARA,CA,0.0,0.0,60.0,,1.0,,,1.0,,,,2.0,,,,,,1.0,,,,,,,,,,,,,,,1.0,,,,,1.0,,,,,,,,Pedestrian
2614,2614,2614,5866739,-122.01473000200001,37.353362231,2012,4316,0,6,3,08,0,2,A,,,,,,1800,5,A,C,A,EL CAMINO REAL,WOLFE RD,200,W,N,2014-02-28,4316,2012-05-12,1535,14398,42,5,6,0,0,,0,004,-,Y,SCL,4,82,-,-,15.36,H,-,S,Y,3,A,-,22107,,N,A,H,-,A,A,0,Y,A,01,0,1,1,0,0,0,0,0,0,-,-,SUNNYVALE,SANTA CLARA,CA,0.0,0.0,31.0,1.0,4.0,,1.0,3.0,2.0,,,3.0,,,1.0,,2.0,,,,,,,,,,,,,,,,3.0,,,,,,,,,,,,,Motor Vehicle
2615,2615,2615,5866735,-122.032456785,37.3524071738,2012,4316,0,3,4,03,0,1,A,,,,,,1200,5,C,C,A,SUNNYVALE SARATOGA RD,FREMONT AV,70,N,N,2014-02-10,4316,2012-05-09,1159,74361,62,5,6,0,0,,0,006,-,N,,0,0,,,0.0,,,,Y,2,A,-,22350,,N,A,H,-,A,A,0,Y,A,01,0,0,1,0,0,0,0,0,0,-,-,SUNNYVALE,SANTA CLARA,CA,0.0,0.0,40.0,,1.0,,,1.0,,,,,1.0,1.0,,1.0,1.0,,,,,,,,,,,,,,,,2.0,,,,,,,,,,,,,Motor Vehicle
2616,2616,2616,5866731,-122.014223105,37.3453662581,2012,4316,0,5,4,03,0,1,A,,,,,,1800,5,C,C,A,WOLFE RD,MARION WY,25,S,N,2013-08-31,4316,2012-05-18,1500,14350,63,5,6,0,0,,0,006,-,N,,0,0,,,0.0,,,,Y,3,A,-,22350,,N,A,H,-,A,A,0,Y,A,01,0,0,1,0,0,0,0,0,0,-,-,SUNNYVALE,SANTA CLARA,CA,0.0,0.0,64.0,,1.0,,,,1.0,,1.0,1.0,,,,,1.0,,,,1.0,,,,,,,,,,,,2.0,,,,,,,,,,,,,Motor Vehicle
2617,2617,2617,5866723,-122.00221305,37.3453150286,2012,4316,0,5,4,12,0,1,A,,,,,,900,5,D,C,A,DUNFORD WY,TEAL DR,0,,Y,2013-08-31,4316,2012-05-11,745,28245,63,5,6,0,0,,0,006,-,N,,0,0,,,0.0,,,,Y,2,A,-,22450,A,N,A,H,-,A,A,0,Y,A,01,0,0,1,0,0,0,0,0,0,-,-,SUNNYVALE,SANTA CLARA,CA,0.0,0.0,57.0,,1.0,,,1.0,,,,2.0,,,1.0,1.0,,,,,,,,,,,,,,,,,2.0,,,,,,,,,,,,,Motor Vehicle
2618,2618,2618,5866159,-121.996512015,37.372565938600005,2012,4316,4,2,4,03,0,1,B,,,,,,1500,11,C,C,A,LAWRENCE EXPWY,KIFER RD,500,S,N,2014-01-08,9340,2012-11-20,1210,016931,,1,6,0,2,,2,610,-,N,,0,0,,,0.0,,,,N,2,A,-,22350,,N,A,H,-,A,D,0,Y,A,07,0,0,1,0,0,0,0,0,0,-,-,SUNNYVALE,SANTA CLARA,CA,-121.99638,37.373290000000004,43.0,,1.0,,,1.0,,2.0,,,,,,1.0,,,,,1.0,,,,,,,,,,,,2.0,,,,,,,,,,,,,Motor Vehicle
2619,2619,2619,5866155,-121.995813235,37.3394424035,2012,4316,4,2,4,03,0,1,B,,,,,,1500,11,C,C,A,LAWRENCE EXPWY,HOMESTEAD RD,600,N,N,2014-01-08,9340,2012-11-20,1310,016931,,1,6,0,2,,2,610,-,N,,0,0,,,0.0,,,,N,2,A,-,22350,,N,A,H,-,A,D,0,Y,A,01,0,0,1,0,0,0,0,0,0,-,-,SUNNYVALE,SANTA CLARA,CA,-121.99512,37.33838,55.0,,1.0,,,,1.0,1.0,1.0,,,,,1.0,1.0,,,,,,,,,,,,,,,,2.0,,,,,,,,,,,,,Motor Vehicle
2620,2620,2620,5861052,-122.030793608,37.402120394,2012,4316,3,2,4,03,0,2,A,,,,,,1800,11,C,C,A,RT 237,MATHILDA AV,650,W,N,2013-12-31,9340,2012-11-06,1627,017350,,2,6,0,1,,2,220,-,Y,SCL,4,237,-,-,2.87,H,-,E,Y,3,A,-,22350,,N,A,H,-,A,D,1,Y,A,01,0,0,2,0,0,0,0,0,0,-,-,SUNNYVALE,SANTA CLARA,CA,-122.02935,37.40252,26.0,,2.0,,,,2.0,,1.0,1.0,1.0,,,1.0,2.0,,,,,,,,,,,,,,,,3.0,,,,,,,,,,,,,Motor Vehicle
2621,2621,2621,5859402,-121.999593041,37.403434908200005,2012,4316,0,3,4,09,0,1,A,,,,,,1800,7,D,C,A,TASMAN DR,VIENNA DR,0,,Y,2014-02-12,4316,2012-07-18,1611,18051,22,5,6,0,0,,0,002,-,Y,,0,0,,,0.0,,,,,2,A,-,21453,C,N,A,H,-,A,A,0,Y,A,01,0,0,1,0,0,0,0,0,0,-,-,SUNNYVALE,SANTA CLARA,CA,0.0,0.0,71.0,,,1.0,1.0,,1.0,,1.0,1.0,,,1.0,1.0,,,,,,,,,,,,,,,,,2.0,,,,,,,,,,,,,Motor Vehicle
2622,2622,2622,5859398,-122.031833062,37.401844982,2012,4316,0,7,4,12,0,1,A,,,,,,1500,7,D,C,A,MATHILDA AV,RT 237,0,,Y,2014-02-12,4316,2012-07-22,1330,17452,,5,6,0,0,,0,,-,Y,SCL,4,237,-,-,2.8339999999999996,R,4,E,Y,2,A,-,21453,A,N,A,H,-,A,A,0,Y,A,07,0,0,1,0,0,0,0,0,0,-,-,SUNNYVALE,SANTA CLARA,CA,0.0,0.0,50.0,,1.0,,,1.0,,1.0,,1.0,,,1.0,1.0,,,,,,,,,,,,,,,,,2.0,,,,,,,,,,,,,Motor Vehicle
2623,2623,2623,5859394,-122.03669306,37.36915498,2012,4316,0,3,4,03,0,2,A,,,,,,1800,7,C,C,A,MATHILDA AV,EL CAMINO REAL,80,N,N,2014-02-12,4316,2012-07-04,1655,14954,52,5,6,0,0,,0,002,-,Y,SCL,4,82,-,-,17.035,I,6,N,,2,A,-,22350,,N,A,H,-,A,A,0,Y,A,01,0,0,2,0,0,0,0,0,0,-,-,SUNNYVALE,SANTA CLARA,CA,0.0,0.0,42.0,,2.0,,,,2.0,1.0,,1.0,,,,1.0,1.0,,,,,,,,,,,,,,,,2.0,,,,,,,,,,,,,Motor Vehicle
2624,2624,2624,5859381,-122.02710073200001,37.4016672949,2012,4316,0,6,4,03,0,2,A,,,,,Y,1500,7,C,C,A,MATHILDA AV,ROSS DR,100,S,N,2014-02-12,4316,2012-07-14,1324,14462,13,5,6,0,0,,0,001,-,N,,0,0,,,0.0,,,,Y,4,A,-,22350,,N,A,H,-,A,D,0,Y,A,01,0,0,2,0,0,0,0,0,0,-,-,SUNNYVALE,SANTA CLARA,CA,0.0,0.0,60.5,,1.0,1.0,1.0,1.0,1.0,,,2.0,,1.0,,1.0,3.0,,,,,,,,,,,,,,,,4.0,,,,,,,,,,,,,Motor Vehicle
2625,2625,2625,5859114,-121.979859331,37.414624789,2012,4316,3,5,4,03,0,1,A,,,,,,1800,9,C,C,A,RT 237,LAWRENCE EXPWY,2600,E,N,2013-12-10,9340,2012-09-14,1550,20208,,2,6,0,1,,2,230,-,Y,SCL,4,237,-,M,5.09,H,-,E,N,2,A,-,22350,,N,A,H,-,A,D,1,Y,A,07,0,0,1,0,0,0,0,0,0,-,-,SUNNYVALE,SANTA CLARA,CA,-121.99031000000001,37.4109,29.0,,1.0,,,,1.0,1.0,,,1.0,,,1.0,1.0,,,,,,,,,,,,,,,,2.0,,,,,,,,,,,,,Motor Vehicle
2626,2626,2626,5859054,-122.060925609,37.353100709,2012,4316,3,4,4,03,0,1,A,,,,,,1200,9,C,C,A,RT 85,FREMONT AV,176,N,N,2013-12-10,9340,2012-09-27,1000,14710,,1,6,0,1,,2,085,-,Y,SCL,4,85,-,R,19.92,H,-,N,N,2,A,-,22350,,N,A,H,-,A,D,6,Y,A,07,0,0,1,0,0,0,0,0,0,-,-,SUNNYVALE,SANTA CLARA,CA,-122.06062,37.35261,25.5,1.0,1.0,,1.0,,2.0,2.0,,,,,,1.0,,,,,1.0,,,,,,,,,,,,2.0,,,,,,,,,,,,,Motor Vehicle
2627,2627,2627,5859050,-122.03570444299999,37.400557208,2012,4316,3,4,4,03,0,1,A,,,,,,900,9,C,C,A,RT 237,RT 101,540,E,N,2013-12-10,9340,2012-09-27,850,17350,,1,6,0,1,,2,220,-,Y,SCL,4,237,-,-,2.58,H,-,E,Y,2,A,-,22350,,N,A,H,-,A,D,1,Y,A,01,0,0,1,0,0,0,0,0,0,-,-,SUNNYVALE,SANTA CLARA,CA,-122.03244,37.400209999999994,45.0,,1.0,,,,1.0,,,1.0,1.0,,,1.0,,,,,1.0,,,,,,,,,,,,2.0,,,,,,,,,,,,,Motor Vehicle
2628,2628,2628,5859042,-121.996464764,37.3728380458,2012,4316,4,5,4,03,0,1,A,,,,,,2100,9,C,C,A,LAWRENCE EXPWY,KIFER RD,400,S,N,2013-12-10,9340,2012-09-21,1855,18880,,2,6,0,2,,2,610,-,N,,0,0,,,0.0,,,,Y,2,A,-,22350,,N,A,H,-,A,D,0,Y,A,01,0,0,1,0,0,0,0,0,0,-,-,SUNNYVALE,SANTA CLARA,CA,-121.99638,37.37297,19.666666666666668,1.0,2.0,,1.0,1.0,2.0,,,,2.0,,,2.0,,,,,,,,,,,,,,,,,2.0,,,,,,,,,,,,,Motor Vehicle
2629,2629,2629,5858959,-122.032458081,37.3575750889,2012,4316,0,7,4,03,0,2,A,,,,,,1200,2,C,C,A,SARATOGA SUNNYVALE RD,REMINGTON,528,S,N,2013-07-13,4316,2012-02-12,1130,67643,61,5,6,0,0,,0,006,-,N,,0,0,,,0.0,,,,Y,2,A,-,22350,,N,A,H,-,A,D,0,Y,A,07,0,0,2,0,0,0,0,0,0,-,-,SUNNYVALE,SANTA CLARA,CA,0.0,0.0,35.333333333333336,1.0,2.0,,1.0,2.0,1.0,1.0,,,1.0,,,,,,,,2.0,,,,,,,,,,,,2.0,,,,,,,,,,,,,Motor Vehicle
2630,2630,2630,5858955,-122.020707738,37.3581426605,2012,4316,0,5,3,00,0,1,A,,Y,,,,1200,2,D,G,A,EL CAMINO REAL,MARIA LN,1173,W,N,2013-07-15,4316,2012-02-03,1155,18041,42,5,6,0,0,,0,004,-,N,,0,0,,,0.0,,,,,2,D,-,0,,N,A,H,-,A,D,0,Y,-,-,0,1,0,0,0,0,1,0,0,-,-,SUNNYVALE,SANTA CLARA,CA,0.0,0.0,26.0,,1.0,,,,1.0,,2.0,,,,,1.0,,,,,,1.0,,,,,,,,,,,1.0,,1.0,,,,,,,,,,,Bicycle
2631,2631,2631,5858951,-122.03604303700001,37.3752749012,2012,4316,0,3,4,09,0,1,A,,,,,,900,2,D,C,A,W MCKINLEY AV,CHARLES ST,0,,Y,2013-07-13,4316,2012-02-22,826,15925,33,5,6,0,0,,0,003,-,N,,0,0,,,0.0,,,,Y,2,A,-,21802,A,N,A,H,-,A,A,0,Y,A,01,0,0,1,0,0,0,0,0,0,-,-,SUNNYVALE,SANTA CLARA,CA,0.0,0.0,50.0,,2.0,,,,2.0,,,,,,,2.0,,,,,,,,,,,,,,,,,2.0,,,,,,,,,,,,,Motor Vehicle
2632,2632,2632,5858950,-122.00022153100001,37.352354982,2012,4316,0,1,4,03,0,1,C,,,,,,900,2,E,I,A,RT 82,HELEN,136,E,N,2013-09-18,4316,2012-02-13,824,67643,44,5,6,0,0,,0,004,-,Y,SCL,4,82,-,-,14.55,H,-,N,Y,1,A,-,22350,,N,B,H,-,A,D,0,Y,A,07,0,0,1,0,0,0,0,0,0,-,-,SUNNYVALE,SANTA CLARA,CA,0.0,0.0,31.0,,1.0,,,,1.0,,1.0,,,,,1.0,,,,,,,,,,,,,,,,,1.0,,,,,,,,,,,,,Motor Vehicle
2633,2633,2633,5858947,-121.991637516,37.4032469264,2012,4316,0,5,4,03,0,1,A,,,,,,1800,2,C,C,A,TASMAN DR,BIRCHWOOD DR,263,E,N,2013-07-13,4316,2012-02-03,1520,15148,23,5,6,0,0,,0,002,-,N,,0,0,,,0.0,,,,Y,2,A,-,22350,,N,A,H,-,A,A,0,Y,A,01,0,0,1,0,0,0,0,0,0,-,-,SUNNYVALE,SANTA CLARA,CA,0.0,0.0,26.0,,1.0,,,1.0,,,,1.0,,,,1.0,1.0,,,,,,,,,,,,,,,,2.0,,,,,,,,,,,,,Motor Vehicle
2634,2634,2634,5858946,-122.00082949899999,37.35218498,2012,4316,0,7,4,08,0,1,A,,Y,,,,1500,2,D,G,A,RT 82,HELEN AV,20,E,N,2013-09-24,4316,2012-02-12,1453,14317,44,5,6,0,0,,0,004,-,Y,SCL,4,82,-,-,14.582,I,5,S,,2,A,-,22107,,N,A,H,-,A,D,0,Y,A,01,0,0,1,0,0,0,1,0,0,-,-,SUNNYVALE,SANTA CLARA,CA,0.0,0.0,19.0,,1.0,,,,,1.0,1.0,,,,,1.0,,1.0,,,,,,,,,,,,,,,1.0,,1.0,,,,,,,,,,,Bicycle
2635,2635,2635,5858943,-122.00863302799999,37.4156448938,2012,4316,0,5,4,03,0,1,B,,,,,,2100,2,C,C,A,CARIBBEAN DR,CROSSMAN AV,0,,Y,2013-07-13,4316,2012-02-10,1917,17472,20,5,6,0,0,,0,002,-,N,,0,0,,,0.0,,,,Y,2,A,-,22350,,N,A,H,-,A,A,0,Y,A,07,0,0,1,0,0,0,0,0,0,-,-,SUNNYVALE,SANTA CLARA,CA,0.0,0.0,34.0,,1.0,,,,,2.0,,,,,,1.0,1.0,,,,,,,,,,,,,,,,2.0,,,,,,,,,,,,,Motor Vehicle
2636,2636,2636,5858940,-122.060268705,37.3374949337,2012,4316,0,6,3,04,0,1,A,,,,,,2100,2,C,C,A,HOMESTEAD RD,MAXINE DR,10,E,N,2013-07-22,4316,2012-02-04,1806,15949,,5,6,0,0,,0,,-,N,,0,0,,,0.0,,,,,3,A,-,21703,,N,A,H,-,C,A,0,Y,A,01,0,1,0,0,0,0,0,0,0,-,-,SUNNYVALE,SANTA CLARA,CA,0.0,0.0,83.0,,,1.0,1.0,,1.0,,1.0,2.0,,,,1.0,1.0,,,,1.0,,,,,,,,,,,,3.0,,,,,,,,,,,,,Motor Vehicle
2637,2637,2637,5858939,-122.04158626200001,37.3673629646,2012,4316,0,1,4,03,0,3,A,,,,,,1800,2,C,C,A,HOLLENBECK,DANFORTH,225,N,N,2013-07-22,4316,2012-02-27,1739,14129,53,5,6,0,0,,0,00S,-,N,,0,0,,,0.0,,,,N,2,A,-,22350,,N,A,H,-,A,D,0,Y,A,07,0,0,3,0,0,0,0,0,0,-,-,SUNNYVALE,SANTA CLARA,CA,0.0,0.0,34.5,,4.0,,,2.0,2.0,,,1.0,1.0,,,1.0,1.0,,,,,,,,,,,,,,,,2.0,,,,,,,,,,,,,Motor Vehicle
2638,2638,2638,5858936,-122.032223095,37.3676248771,2012,4316,0,2,4,01,0,1,A,,,Y,,Y,2400,2,D,C,A,SUNNYVALE SARATOGA RD,EL CAMINO REAL,0,,Y,2013-07-22,4316,2012-02-21,2230,18041,,5,6,0,0,,0,,-,N,,0,0,,,0.0,,,,Y,2,A,-,23152,A,N,A,H,-,C,D,0,Y,A,01,0,0,1,0,0,0,0,0,1,-,-,SUNNYVALE,SANTA CLARA,CA,0.0,0.0,29.0,,1.0,,,1.0,,,,2.0,,,1.0,,,,,,1.0,,,,,,,,,,,,1.0,,,,1.0,,,,,,,,,Motor Vehicle
2639,2639,2639,5858932,-122.01477512,37.3754682279,2012,4316,0,5,3,07,0,1,A,,Y,,,,2400,2,D,G,A,KIFER RD,WOLFE RD,262,W,N,2013-07-13,4316,2012-02-03,2136,15618,16,5,6,0,0,,0,001,-,N,,0,0,,,0.0,,,,,2,A,-,21658,A,N,A,H,-,C,D,0,Y,L,04,0,1,0,0,0,0,1,0,0,-,-,SUNNYVALE,SANTA CLARA,CA,0.0,0.0,28.0,,1.0,,,,1.0,,,1.0,,1.0,,1.0,,,,,,,,,1.0,,,,,,,,1.0,,1.0,,,,,,,,,,,Bicycle
2640,2640,2640,5858928,-122.03223103100001,37.3590249374,2012,4316,0,5,4,03,0,1,A,,,,,,1200,2,C,C,A,REMINGTON DR,SUNNYVALE SARATOGA RD,50,E,N,2013-07-22,4316,2012-02-03,1056,67643,52,5,6,0,0,,0,005,-,N,,0,0,,,0.0,,,,,2,A,-,22350,,N,A,H,-,A,D,0,Y,A,01,0,0,1,0,0,0,0,0,0,-,-,SUNNYVALE,SANTA CLARA,CA,0.0,0.0,31.0,,1.0,,,,1.0,,,,,1.0,,1.0,,1.0,,,,,,,,,,,,,,,2.0,,,,,,,,,,,,,Motor Vehicle
2641,2641,2641,5858924,-122.031476168,37.3862581937,2012,4316,0,3,4,03,0,1,B,,,,,,1800,2,C,C,A,MATHILDA AV,INDIO WY,20,N,N,2013-07-22,4316,2012-02-29,1622,14398,13,5,6,0,0,,0,001,-,N,,0,0,,,0.0,,,,,2,A,-,22350,,N,A,H,-,A,A,0,Y,A,01,0,0,1,0,0,0,0,0,0,-,-,SUNNYVALE,SANTA CLARA,CA,0.0,0.0,998.0,,,1.0,1.0,,1.0,,,,,2.0,,,,,2.0,,,,,,,,,,,,,,2.0,,,,,,,,,,,,,Motor Vehicle
2642,2642,2642,5858920,-122.050503096,37.3558149035,2012,4316,0,4,3,09,0,1,A,,,,,,2100,2,D,C,A,MARY AV,TICONDEROGA DR,0,,Y,2013-07-22,4316,2012-02-23,1953,20277,51,5,6,0,0,,0,005,-,N,,0,0,,,0.0,,,,Y,2,A,-,21801,A,N,A,H,-,C,A,0,Y,A,01,0,1,0,0,0,0,0,0,0,-,-,SUNNYVALE,SANTA CLARA,CA,0.0,0.0,16.0,,,,,,1.0,,,,1.0,,1.0,1.0,,,,,,,,,,,,,,,,,2.0,,,,,,,,,,,,,Motor Vehicle
2643,2643,2643,5858916,-122.05319914799999,37.372923056,2012,4316,0,5,4,03,0,1,A,,,,,,1500,2,C,C,A,EL CAMINO REAL,GRAPE AV,100,W,N,2013-09-06,4316,2012-02-24,1330,18051,,5,6,0,0,,0,,-,N,,0,0,,,0.0,,,,,3,A,-,22350,,N,A,H,-,A,D,0,Y,A,08,0,0,1,0,0,0,0,0,0,-,-,SUNNYVALE,SANTA CLARA,CA,0.0,0.0,46.5,,2.0,,,,2.0,,,2.0,,,,1.0,2.0,,,,,,,,,,,,,,,,3.0,,,,,,,,,,,,,Motor Vehicle
2644,2644,2644,5858912,-122.026388882,37.362848406,2012,4316,0,5,3,08,0,1,A,,Y,,,,1500,2,B,G,A,EL CAMINO REAL,REMINGTON DR,738,W,N,2013-09-18,4316,2012-02-24,1215,56593,61,5,6,0,0,,0,006,-,Y,SCL,4,82,-,-,16.3,H,-,S,Y,2,A,-,22107,,N,A,H,-,A,D,0,Y,A,01,0,1,0,0,0,0,1,0,0,-,-,SUNNYVALE,SANTA CLARA,CA,0.0,0.0,17.0,,1.0,,,1.0,,,,1.0,,,,1.0,,1.0,,,,,,,,,,,,,,,1.0,,1.0,,,,,,,,,,,Bicycle
2645,2645,2645,5858908,-122.04984307299999,37.3797148815,2012,4316,0,5,4,09,0,1,A,,,,,,1200,2,D,C,A,WASHINGTON ST,LEOTA AV,0,,Y,2013-09-17,4316,2012-02-10,1121,18051,,5,6,0,0,,0,,-,N,,0,0,,,0.0,,,,,2,A,-,21800,,N,A,H,-,A,A,0,Y,A,08,0,0,1,0,0,0,0,0,0,-,-,SUNNYVALE,SANTA CLARA,CA,0.0,0.0,54.0,,1.0,,,,1.0,,1.0,1.0,,,,2.0,,,,,,,,,,,,,,,,,2.0,,,,,,,,,,,,,Motor Vehicle
2646,2646,2646,5858899,-121.991637516,37.4032469264,2012,4316,0,6,4,03,0,1,A,,,,,,1800,2,C,C,A,TASMAN DR,BIRCHWOOD DR,263,E,N,2013-07-22,4316,2012-02-04,1520,15148,23,5,6,0,0,,0,002,-,N,,0,0,,,0.0,,,,Y,2,A,-,22350,,N,A,H,-,A,A,0,Y,A,01,0,0,1,0,0,0,0,0,0,-,-,SUNNYVALE,SANTA CLARA,CA,0.0,0.0,26.0,,1.0,,,1.0,,,,1.0,,,,1.0,1.0,,,,,,,,,,,,,,,,2.0,,,,,,,,,,,,,Motor Vehicle
2647,2647,2647,5858895,-122.030713062,37.402254981999995,2012,4316,0,6,4,08,0,2,A,,,,,,1200,2,E,I,A,N MATHILDA AV,RT 237,0,,Y,2013-10-11,4316,2012-02-04,1122,16654,11,5,6,0,0,,0,001,-,Y,SCL,4,237,-,-,2.841,R,4,W,,1,A,-,22107,,N,A,H,-,A,A,0,Y,A,01,0,0,2,0,0,0,0,0,0,-,WO,SUNNYVALE,SANTA CLARA,CA,0.0,0.0,82.0,,,2.0,2.0,1.0,1.0,1.0,,,,,1.0,,,,,,,,,,,,,,,,,,1.0,,,,,,,,,,,,,Motor Vehicle
2648,2648,2648,5858891,-122.03456751200001,37.3522056113,2012,4316,0,6,4,10,0,1,A,Y,,,,,1800,2,G,B,B,W FREMONT,SYDNEY,10,W,N,2013-07-13,4316,2012-02-04,1555,15924,,5,6,0,0,,0,,-,N,,0,0,,,0.0,,,,,2,A,-,21950,A,N,A,H,-,A,D,0,Y,A,01,0,0,1,0,1,0,0,0,0,-,-,SUNNYVALE,SANTA CLARA,CA,0.0,0.0,18.0,,1.0,,,1.0,,1.0,,1.0,,,,2.0,,,,,,,,,,,,,,,,,1.0,,,,,1.0,,,,,,,,Pedestrian
2649,2649,2649,5858887,-122.011873004,37.3986848957,2012,4316,0,1,4,10,0,1,A,Y,,,,,900,2,G,B,B,FAIR OAKS AV,WEDDELL DR,0,,Y,2013-07-13,4316,2012-02-27,837,18051,12,5,6,0,0,,0,001,-,N,,0,0,,,0.0,,,,,2,A,-,21950,A,N,A,H,-,A,A,0,Y,A,08,0,0,1,0,1,0,0,0,0,-,-,SUNNYVALE,SANTA CLARA,CA,0.0,0.0,671.3333333333334,,1.0,2.0,2.0,2.0,1.0,1.0,,1.0,,,1.0,1.0,,,,,,,,,,,,,,,,,1.0,,,,,1.0,,,,,,,,Pedestrian
2650,2650,2650,5858883,-122.05019380799999,37.3600075998,2012,4316,0,4,4,00,0,2,A,,,,,,2100,2,B,C,A,MARY AV,REMINGTON DR,183,N,N,2013-07-22,4316,2012-02-02,1937,14553,52,5,6,0,0,,0,005,-,N,,0,0,,,0.0,,,,Y,4,A,-,23103,A,N,A,H,-,C,A,0,Y,A,01,0,0,2,0,0,0,0,0,0,-,-,SUNNYVALE,SANTA CLARA,CA,0.0,0.0,36.5,,2.0,,,1.0,1.0,1.0,1.0,2.0,,,,3.0,,,,,,,,,1.0,,,,,,,,4.0,,,,,,,,,,,,,Motor Vehicle