,level_0,index,CASEID,POINT_X,POINT_Y,YEAR_,LOCATION,CHPTYPE,DAYWEEK,CRASHSEV,VIOLCAT,KILLED,INJURED,WEATHER1,PEDCOL,BICCOL,MCCOL,TRUCKCOL,ETOH,TIMECAT,MONTH_,CRASHTYP,INVOLVE,PED,PRIMARYRD,SECONDRD,DISTANCE,DIRECT,INTERSECT_,PROCDATE,JURIS,DATE_,TIME_,BADGE,JURIDIST,SHIFT,POP,SPECIAL,BEATTYPE,LAPDDIV,BEATCLAS,BEATNUMB,WEATHER2,STATEHW,CALTRANC,CALTRAND,STROUTE,ROUTESUF,POSTPRE,POSTMILE,LOCATYPE,RAMP,SIDEHW,TOWAWAY,PARTIES,PCF,VIOLCODE,VIOL,VIOLSUB,HITRUN,ROADSURF,RDCOND1,RDCOND2,LIGHTING,RIGHTWAY,CHPRDTYP,NOTPRIV,STFAULT,CHPFAULT,SEVINJ,OTHERINJ,COP,PEDKILL,PEDINJ,BICKILL,BICINJ,MCKILL,MCINJURE,RAMP1,RAMP2,CITY,COUNTY,STATE,X_CHP,Y_CHP,AvgVAGE,VAGE_Minor,VAGE_Working,VAGE_Senior,MobilLimAge,F_M_VSEX,F_F_VSEX,F_A_PRACE,F_H_PRACE,F_W_PRACE,F_O_PRACE,F_B_PRACE,F_E_MOVEMENT,F_B_MOVEMENT,F_A_MOVEMENT,F_D_MOVEMENT,F_P_MOVEMENT,F_O_MOVEMENT,F_H_MOVEMENT,F_L_MOVEMENT,F_F_MOVEMENT,F_R_MOVEMENT,F_J_MOVEMENT,F_Q_MOVEMENT,F_G_MOVEMENT,F_C_MOVEMENT,F_M_MOVEMENT,F_N_MOVEMENT,F_K_MOVEMENT,F_I_MOVEMENT,F_A_VEHTYPE,F_I_VEHTYPE,F_L_VEHTYPE,F_D_VEHTYPE,F_C_VEHTYPE,F_N_VEHTYPE,F_F_VEHTYPE,F_J_VEHTYPE,F_G_VEHTYPE,F_B_VEHTYPE,F_M_VEHTYPE,F_E_VEHTYPE,F_H_VEHTYPE,PrimeModeClass
2651,2651,2651,5858872,-121.999753056,37.392394985,2012,4316,0,6,3,01,0,2,A,,,,,Y,300,2,C,C,A,LAWRENCE EXPWY,BRIDGEWOOD WY,50,S,N,2013-10-04,4316,2012-02-25,203,16650,24,5,6,0,0,,0,002,-,Y,SCL,4,101,-,-,43.93600000000001,R,4,N,Y,2,A,-,23153,A,N,A,H,-,C,D,0,Y,A,01,0,1,1,0,0,0,0,0,0,-,-,SUNNYVALE,SANTA CLARA,CA,0.0,0.0,25.666666666666668,,3.0,,,1.0,2.0,,2.0,,,,,1.0,,,,,,,,1.0,,,,,,,,,2.0,,,,,,,,,,,,,Motor Vehicle
2652,2652,2652,5858868,-122.040959411,37.370051658,2012,4316,0,4,4,03,0,1,B,,,,,,1800,2,C,C,A,EL CAMINO REAL,HOLLENBECK AV,50,W,N,2013-09-18,4316,2012-02-16,1530,10449,52,5,6,0,0,,0,005,-,Y,SCL,4,82,-,-,17.27,H,-,S,Y,6,A,-,22350,,N,B,H,-,A,A,0,Y,A,01,0,0,1,0,0,0,0,0,0,-,-,SUNNYVALE,SANTA CLARA,CA,0.0,0.0,37.0,,1.0,,,1.0,,2.0,1.0,2.0,1.0,,,2.0,1.0,,,,2.0,,,,,,,,,,,,6.0,,,,,,,,,,,,,Motor Vehicle
2653,2653,2653,5858704,-122.01045310299999,37.403122249,2012,4316,0,2,4,03,0,1,A,,,,,,1200,3,C,C,A,FAIR OAKS AV,TASMAN DR,62,N,N,2013-07-26,4316,2012-03-20,902,16661,12,5,6,0,0,,0,001,-,N,,0,0,,,0.0,,,,N,3,A,-,22350,,N,A,H,-,A,A,0,Y,A,01,0,0,1,0,0,0,0,0,0,-,-,SUNNYVALE,SANTA CLARA,CA,0.0,0.0,41.0,,1.0,,,1.0,,2.0,,,,,,1.0,2.0,,,,,,,,,,,,,,,,3.0,,,,,,,,,,,,,Motor Vehicle
2654,2654,2654,5858695,-122.016575834,37.379329924000004,2012,4316,0,3,4,09,0,1,A,,Y,,,,900,3,H,G,A,CENTRAL EXPWY,FAIR OAKS AV,790,E,N,2013-07-25,4316,2012-03-21,745,15926,16,5,6,0,0,,0,001,-,N,,0,0,,,0.0,,,,N,2,A,-,21804,A,N,A,H,-,A,D,0,Y,A,01,0,0,1,0,0,0,1,0,0,-,-,SUNNYVALE,SANTA CLARA,CA,0.0,0.0,38.0,,1.0,,,,1.0,,1.0,1.0,,,,1.0,,,1.0,,,,,,,,,,,,,,1.0,,1.0,,,,,,,,,,,Bicycle
2655,2655,2655,5858668,-122.040607326,37.370909403,2012,4316,0,5,4,-,0,1,A,,,,,,300,3,E,I,A,PASTORIA AV,OLIVE AV,90,S,N,2013-07-25,4316,2012-03-30,100,17469,33,5,6,0,0,,0,003,-,N,,0,0,,,0.0,,,,Y,1,A,-,0,,N,A,H,-,C,A,0,Y,A,01,0,0,1,0,0,0,0,0,0,-,-,SUNNYVALE,SANTA CLARA,CA,0.0,0.0,21.0,,1.0,,,,1.0,,,1.0,,,,1.0,,,,,,,,,,,,,,,,,1.0,,,,,,,,,,,,,Motor Vehicle
2656,2656,2656,5858664,-122.04512302100001,37.3440549548,2012,4316,0,3,4,09,0,1,A,,Y,,,,1500,3,H,G,A,LEWISTON,HELENA,0,,Y,2013-07-25,4316,2012-03-07,1457,14457,,5,6,0,0,,0,,-,N,,0,0,,,0.0,,,,N,2,A,-,21800,B,N,A,H,-,A,D,0,Y,L,04,0,0,1,0,0,0,1,0,0,-,-,SUNNYVALE,SANTA CLARA,CA,0.0,0.0,12.0,1.0,,,1.0,1.0,,1.0,,1.0,,,1.0,1.0,,,,,,,,,,,,,,,,,1.0,,1.0,,,,,,,,,,,Bicycle
2657,2657,2657,5858660,-122.034533081,37.3522049985,2012,4316,0,5,3,10,0,1,A,Y,,,,,1500,3,G,B,B,FREMONT AV,SYDNEY,0,,Y,2013-07-25,4316,2012-03-23,1313,10043,52,5,6,0,0,,0,005,-,N,,0,0,,,0.0,,,,N,2,A,-,21950,A,N,A,H,-,A,A,0,Y,A,01,0,1,0,0,1,0,0,0,0,-,-,SUNNYVALE,SANTA CLARA,CA,0.0,0.0,15.0,1.0,,,1.0,1.0,,,,2.0,,,,1.0,,,,,,,,1.0,,,,,,,,,1.0,,,,,1.0,,,,,,,,Pedestrian
2658,2658,2658,5858652,-122.040286219,37.3860075602,2012,4316,0,5,4,03,0,2,A,,,,,,1200,3,C,C,A,CENTRAL EXPWY,PAJARO AV,150,W,N,2013-07-26,4316,2012-03-30,915,13250,13,5,6,0,0,,0,001,-,,,0,0,,,0.0,,,,Y,3,A,-,22350,,N,A,H,-,A,D,0,Y,A,01,0,0,2,0,0,0,0,0,0,-,-,SUNNYVALE,SANTA CLARA,CA,0.0,0.0,49.0,,2.0,,,2.0,,,,2.0,,,,1.0,2.0,,,,,,,,,,,,,,,,3.0,,,,,,,,,,,,,Motor Vehicle
2659,2659,2659,5858557,-122.01430309,37.391244918000005,2012,4316,0,1,4,09,0,2,A,,,,,,1800,7,D,C,A,FAIR OAKS AV,SAN CONRADO TER,0,,Y,2013-10-21,4316,2012-07-02,1739,13877,14,5,6,0,0,,0,001,-,N,,0,0,,,0.0,,,,,2,A,-,21804,A,N,A,H,-,A,D,0,Y,A,01,0,0,2,0,0,0,0,0,0,-,-,SUNNYVALE,SANTA CLARA,CA,0.0,0.0,27.0,,2.0,,,2.0,,,1.0,,,,1.0,1.0,,,,,,,,,,,,,,,,,2.0,,,,,,,,,,,,,Motor Vehicle
2660,2660,2660,5858553,-122.023224767,37.3672521666,2012,4316,0,2,4,03,0,1,A,,,,,,1200,7,C,C,A,FAIR OAKS AV,OLD SAN FRANCISCO RD,35,S,N,2013-10-21,4316,2012-07-03,915,15926,34,5,6,0,0,,0,003,-,N,,0,0,,,0.0,,,,Y,2,A,-,22350,,N,A,H,-,A,A,0,Y,A,01,0,0,1,0,0,0,0,0,0,-,-,SUNNYVALE,SANTA CLARA,CA,0.0,0.0,31.0,,1.0,,,,1.0,,,1.0,,,,1.0,1.0,,,,,,,,,,,,,,,,2.0,,,,,,,,,,,,,Motor Vehicle
2661,2661,2661,5858549,-122.014225914,37.383546674899996,2012,4316,0,3,4,01,0,1,A,,,,,Y,300,7,E,I,A,WOLFE RD,STEWART DR,500,N,N,2013-10-21,4316,2012-07-04,257,14956,27,5,6,0,0,,0,002,-,N,,0,0,,,0.0,,,,,1,A,-,23152,A,N,A,H,-,C,D,0,Y,A,01,0,0,1,0,0,0,0,0,0,-,-,SUNNYVALE,SANTA CLARA,CA,0.0,0.0,29.0,,1.0,,,1.0,,,1.0,,,,,1.0,,,,,,,,,,,,,,,,,1.0,,,,,,,,,,,,,Motor Vehicle
2662,2662,2662,5858510,-122.03244299299999,37.343024976100004,2012,4316,0,3,3,03,0,3,B,,,,,,1200,7,C,C,A,SUNNYVALE SARATOGA RD,HARWICK WY,0,,Y,2013-10-21,4316,2012-07-18,910,15926,56,5,6,0,0,,0,005,-,N,,0,0,,,0.0,,,,,2,A,-,22350,,N,A,H,-,A,A,0,Y,A,01,0,2,1,0,0,0,0,0,0,-,-,SUNNYVALE,SANTA CLARA,CA,0.0,0.0,30.333333333333332,1.0,2.0,,1.0,1.0,2.0,1.0,,,,,,1.0,1.0,,,,,,,,,,,,,,,,2.0,,,,,,,,,,,,,Motor Vehicle
2663,2663,2663,5858506,-122.01410309299999,37.3886048298,2012,4316,0,2,4,08,0,1,A,,,,,,1800,7,D,C,A,DUANE AV,BERNAL AV,0,,Y,2013-10-21,4316,2012-07-10,1745,13877,26,5,6,0,0,,0,002,-,N,,0,0,,,0.0,,,,,2,A,-,22107,,N,A,H,-,A,D,0,Y,A,01,0,0,1,0,0,0,0,0,0,-,-,SUNNYVALE,SANTA CLARA,CA,0.0,0.0,28.0,,1.0,,,,1.0,,2.0,,,,1.0,1.0,,,,,,,,,,,,,,,,,2.0,,,,,,,,,,,,,Motor Vehicle
2664,2664,2664,5858489,-122.025077738,37.362014259,2012,4316,0,5,4,08,0,2,A,,,Y,,,2100,7,D,A,A,RT 82,S FAIR OAKS AV,225,W,N,2013-10-21,4316,2012-07-13,1845,14456,42,5,6,0,0,,0,004,-,Y,SCL,4,82,-,-,16.2,H,-,N,Y,2,A,-,22107,,N,A,H,-,A,D,0,Y,A,01,0,0,2,0,0,0,0,0,1,-,-,SUNNYVALE,SANTA CLARA,CA,0.0,0.0,45.5,,1.0,1.0,1.0,1.0,1.0,,,2.0,,,1.0,1.0,,,,,,,,,,,,,,,,,1.0,,,,1.0,,,,,,,,,Motor Vehicle
2665,2665,2665,5858485,-122.02647305,37.404074899899996,2012,4316,0,3,4,12,0,2,A,,,,,,1500,7,B,C,A,MATHILDA AV,MOFFETT PARK DR,0,,Y,2013-11-06,4316,2012-07-18,1248,13848,10,5,6,0,0,,0,001,-,N,,0,0,,,0.0,,,,,2,A,-,21453,A,N,A,H,-,A,A,0,Y,A,08,0,0,2,0,0,0,0,0,0,-,-,SUNNYVALE,SANTA CLARA,CA,0.0,0.0,41.333333333333336,,3.0,,,2.0,1.0,,1.0,1.0,,,,2.0,,,,,,,,,,,,,,,,,2.0,,,,,,,,,,,,,Motor Vehicle
2666,2666,2666,5858482,-122.014157363,37.3528667351,2012,4316,0,2,4,07,0,1,A,,,,,,1800,7,D,C,A,S WOLFE RD,E EL CAMINO REAL,65,S,N,2013-10-21,4316,2012-07-31,1731,14456,42,5,6,0,0,,0,004,-,N,,0,0,,,0.0,,,,Y,3,A,-,21658,A,N,A,H,-,A,A,0,Y,A,01,0,0,1,0,0,0,0,0,0,-,-,SUNNYVALE,SANTA CLARA,CA,0.0,0.0,46.0,,1.0,,,,1.0,1.0,,2.0,,,,1.0,1.0,,,,,,,,1.0,,,,,,,,2.0,,,,,,,,,,,,,Motor Vehicle
2667,2667,2667,5852560,-121.995869446,37.3962397456,2012,4316,0,7,4,03,0,2,A,,,,,,2100,4,C,C,A,LAWRENCE EXPWY,LAKEHAVEN DR,60,N,N,2013-08-17,4316,2012-04-15,1832,20280,21,5,6,0,0,,0,002,-,N,,0,0,,,0.0,,,,Y,3,A,-,22350,,N,A,H,-,A,A,0,Y,A,01,0,0,2,0,0,0,0,0,0,-,-,SUNNYVALE,SANTA CLARA,CA,0.0,0.0,41.5,,2.0,,,2.0,,,2.0,1.0,,,,1.0,1.0,,,,1.0,,,,,,,,,,,,3.0,,,,,,,,,,,,,Motor Vehicle
2668,2668,2668,5852559,-122.014213074,37.352185048,2012,4316,0,7,4,12,0,1,A,,,,,,1800,4,D,C,A,WOLFE RD,FREMONT AV,0,,Y,2013-08-17,4316,2012-04-08,1715,14954,61,5,6,0,0,,0,006,-,N,,0,0,,,0.0,,,,Y,2,A,-,21453,A,N,A,H,-,A,A,0,Y,A,01,0,0,1,0,0,0,0,0,0,-,-,SUNNYVALE,SANTA CLARA,CA,0.0,0.0,38.0,,3.0,,,,3.0,1.0,1.0,,,,,2.0,,,,,,,,,,,,,,,,,1.0,,,,,,,,,,,,,Motor Vehicle
2669,2669,2669,5852547,-122.01136979700001,37.377667901500004,2012,4316,0,1,4,03,0,2,A,,,,,,1200,4,C,C,A,CENTRAL EXPWY,WOLFE RD,528,E,N,2013-08-17,4316,2012-04-30,919,67643,16,5,6,0,0,,0,001,-,N,,0,0,,,0.0,,,,Y,2,A,-,22350,,N,A,H,-,A,D,0,Y,A,01,0,0,2,0,0,0,0,0,0,-,-,SUNNYVALE,SANTA CLARA,CA,0.0,0.0,61.5,,1.0,1.0,1.0,,2.0,,,,1.0,,,1.0,1.0,,,,,,,,,,,,,,,,2.0,,,,,,,,,,,,,Motor Vehicle
2670,2670,2670,5852546,-122.013063054,37.3781949059,2012,4316,0,6,4,03,0,1,A,,,,,,900,4,H,A,A,WOLFE RD,CENTRAL EXPWY,0,,Y,2013-08-17,4316,2012-04-28,630,15926,16,5,6,0,0,,0,001,-,N,,0,0,,,0.0,,,,,1,A,-,22350,,N,A,H,-,A,A,0,Y,A,01,0,0,1,0,0,0,0,0,0,-,WO,SUNNYVALE,SANTA CLARA,CA,0.0,0.0,87.0,,,1.0,1.0,,1.0,,,1.0,,,,,,,,,1.0,,,,,,,,,,,,1.0,,,,,,,,,,,,,Motor Vehicle
2671,2671,2671,5852545,-122.048314694,37.3723558848,2012,4316,0,3,3,05,0,1,A,,Y,,,,1500,4,D,G,A,MARY AV,EL CAMINO REAL,210,N,N,2013-08-17,4316,2012-04-18,1224,10449,32,5,6,0,0,,0,003,-,N,,0,0,,,0.0,,,,Y,2,A,-,21202,A,N,A,H,-,A,D,0,Y,L,04,0,1,0,0,0,0,1,0,0,-,-,SUNNYVALE,SANTA CLARA,CA,0.0,0.0,13.0,1.0,,,1.0,,1.0,,,2.0,,,,,,,,,1.0,,,,,1.0,,,,,,,1.0,,1.0,,,,,,,,,,,Bicycle
2672,2672,2672,5852544,-122.013843098,37.3706449135,2012,4316,0,5,3,01,0,2,A,,,,,Y,300,4,D,C,A,WOLFE RD,EVELYN AV,0,,Y,2013-08-17,4316,2012-04-06,200,14956,41,5,6,0,0,,0,004,-,N,,0,0,,,0.0,,,,Y,2,A,-,23152,A,N,A,H,-,C,A,0,Y,A,01,0,1,1,0,0,0,0,0,0,-,-,SUNNYVALE,SANTA CLARA,CA,0.0,0.0,47.0,,2.0,,,2.0,,1.0,,1.0,,,,2.0,,,,,,,,,,,,,,,,,2.0,,,,,,,,,,,,,Motor Vehicle
2673,2673,2673,5852542,-122.030290182,37.38959063,2012,4316,0,5,4,09,0,1,A,,,Y,,,2400,4,D,C,A,MAUDE AV,MATHILDA AV,100,E,N,2013-08-17,4316,2012-04-20,2159,16663,12,5,6,0,0,,0,001,-,N,,0,0,,,0.0,,,,Y,2,A,-,21801,A,F,A,H,-,C,D,0,Y,A,01,0,0,1,0,0,0,0,0,1,-,-,SUNNYVALE,SANTA CLARA,CA,0.0,0.0,58.0,,1.0,,,1.0,,,1.0,1.0,,,1.0,1.0,,,,,,,,,,,,,,,,,1.0,,,,1.0,,,,,,,,,Motor Vehicle
2674,2674,2674,5852540,-122.027883025,37.367814910300005,2012,4316,0,5,3,12,0,1,A,,Y,,,,1500,4,H,G,A,OLD SAN FRANCISCO RD,CEZANNE DR,0,,Y,2013-10-23,4316,2012-04-06,1252,18051,34,5,6,0,0,,0,003,-,N,,0,0,,,0.0,,,,,2,A,-,22450,A,N,A,H,-,A,A,0,Y,-,-,0,1,0,0,0,0,1,0,0,-,-,SUNNYVALE,SANTA CLARA,CA,0.0,0.0,22.0,,1.0,,,1.0,,1.0,1.0,,,,,1.0,,1.0,,,,,,,,,,,,,,,1.0,,1.0,,,,,,,,,,,Bicycle
2675,2675,2675,5852539,-122.007963014,37.3511449445,2012,4316,0,5,4,09,0,1,A,,Y,,,,900,4,D,G,A,POPLAR AV,BRYANT ST,0,,Y,2013-08-17,4316,2012-04-06,757,56593,63,5,6,0,0,,0,006,-,N,,0,0,,,0.0,,,,,2,A,-,21801,A,N,A,H,-,A,A,0,Y,L,04,0,0,1,0,0,0,1,0,0,-,-,SUNNYVALE,SANTA CLARA,CA,0.0,0.0,11.0,1.0,,,1.0,,1.0,1.0,,,1.0,,1.0,1.0,,,,,,,,,,,,,,,,,1.0,,1.0,,,,,,,,,,,Bicycle
2676,2676,2676,5852538,-122.032453064,37.3553048199,2012,4316,0,3,4,03,0,1,B,,,,,,1800,4,C,C,A,SUNNYVALE SARATOGA RD,WESTSIDE AV,0,,Y,2013-08-17,4316,2012-04-25,1555,14317,52,5,6,0,0,,0,005,-,N,,0,0,,,0.0,,,,,3,A,-,22350,,N,A,H,-,A,D,0,Y,A,01,0,0,1,0,0,0,0,0,0,-,-,SUNNYVALE,SANTA CLARA,CA,0.0,0.0,63.0,,1.0,,,,1.0,,,1.0,,,,2.0,1.0,,,,,,,,,,,,,,,,3.0,,,,,,,,,,,,,Motor Vehicle
2677,2677,2677,5852536,-122.03242310799999,37.3405106378,2012,4316,0,4,3,11,0,1,C,Y,Y,,,,1800,4,G,B,D,SUNNYVALE SARATOGA RD,LA CONNER DR,195,N,N,2013-08-17,4316,2012-04-26,1752,14456,,5,6,0,0,,0,,-,N,,0,0,,,0.0,,,,,2,A,-,21955,,N,B,H,-,A,D,0,Y,N,60,0,1,0,0,1,0,0,0,0,-,-,SUNNYVALE,SANTA CLARA,CA,0.0,0.0,80.0,,,1.0,1.0,,1.0,,,,,,,1.0,,,,,,1.0,,,,,,,,,,,,,1.0,,,1.0,,,,,,,,Pedestrian
2678,2678,2678,5852535,-122.019907805,37.3771685081,2012,4316,0,3,3,03,0,2,B,,,,,,300,4,E,I,A,FAIR OAKS AV,KIFER RD,20,N,N,2013-08-17,4316,2012-04-11,141,15949,16,5,6,0,0,,0,001,C,N,,0,0,,,0.0,,,,,1,A,-,22350,,N,B,H,-,C,A,0,Y,A,01,0,1,1,0,0,0,0,0,0,-,-,SUNNYVALE,SANTA CLARA,CA,0.0,0.0,19.5,,2.0,,,2.0,,,1.0,,,,,1.0,,,,,,,,,,,,,,,,,1.0,,,,,,,,,,,,,Motor Vehicle
2679,2679,2679,5852534,-122.03242310799999,37.3405106378,2012,4316,0,3,3,11,0,1,C,Y,Y,,,,1800,4,G,B,D,SUNNYVALE SARATOGA RD,LA CONNER DR,195,N,N,2013-08-17,4316,2012-04-25,1745,14456,,5,6,0,0,,0,,-,N,,0,0,,,0.0,,,,,2,A,-,21955,,N,B,H,-,A,D,0,Y,N,60,0,1,0,0,1,0,0,0,0,-,-,SUNNYVALE,SANTA CLARA,CA,0.0,0.0,80.0,,,1.0,1.0,,1.0,,,,,,,1.0,,,,,,1.0,,,,,,,,,,,,,1.0,,,1.0,,,,,,,,Pedestrian
2680,2680,2680,5852532,-121.996400795,37.373924940900004,2012,4316,0,5,4,01,0,1,A,,,,,Y,2400,4,E,I,A,KIFER RD,LAWRENCE EXPY,40,W,N,2013-08-17,4316,2012-04-13,2138,17469,,5,6,0,0,,0,,-,N,,0,0,,,0.0,,,,Y,1,A,-,23152,A,N,A,H,-,C,A,0,Y,A,01,0,0,1,0,0,0,0,0,0,-,-,SUNNYVALE,SANTA CLARA,CA,0.0,0.0,21.0,,1.0,,,1.0,,1.0,,,,,1.0,,,,,,,,,,,,,,,,,,1.0,,,,,,,,,,,,,Motor Vehicle
2681,2681,2681,5852531,-122.027883025,37.367814910300005,2012,4316,0,4,3,12,0,1,A,,Y,,,,1500,4,G,G,A,OLD SAN FRANCISCO RD,CEZANNE DR,0,,Y,2013-08-17,4316,2012-04-05,1252,18051,34,5,6,0,0,,0,003,-,N,,0,0,,,0.0,,,,,2,A,-,22450,A,N,A,H,-,A,A,0,Y,-,-,0,1,0,0,0,0,1,0,0,-,-,SUNNYVALE,SANTA CLARA,CA,0.0,0.0,22.0,,1.0,,,1.0,,1.0,1.0,,,,,1.0,,1.0,,,,,,,,,,,,,,,1.0,,1.0,,,,,,,,,,,Bicycle
2682,2682,2682,5852530,-122.032883054,37.364284915700004,2012,4316,0,1,3,09,0,2,A,,,,,,1200,4,D,C,A,SUNNYVALE SARATOGA,MATHILDA,0,,Y,2013-08-17,4316,2012-04-30,1026,56593,52,5,6,0,0,,0,003,-,N,,0,0,,,0.0,,,,,2,A,-,21453,C,N,A,H,-,A,A,0,Y,A,01,0,1,1,0,0,0,0,0,0,-,-,SUNNYVALE,SANTA CLARA,CA,0.0,0.0,46.0,,2.0,,,,2.0,1.0,,,,1.0,1.0,1.0,,,,,,,,,,,,,,,,,2.0,,,,,,,,,,,,,Motor Vehicle
2683,2683,2683,5852529,-122.01910297399999,37.3523150156,2012,4316,0,4,4,10,0,1,A,Y,,,,,1800,4,A,B,B,E FREMONT AV,ARLEEN AV,0,,Y,2013-08-17,4316,2012-04-05,1502,14189,61,5,6,0,0,,0,006,-,N,,0,0,,,0.0,,,,,2,A,-,21950,A,N,A,H,-,A,A,0,Y,-,-,0,0,1,0,1,0,0,0,0,-,-,SUNNYVALE,SANTA CLARA,CA,0.0,0.0,24.0,,1.0,,,,1.0,,,,,,,,1.0,1.0,,,,,,,,,,,,,,,,,,,,1.0,,,,,,,,Pedestrian
2684,2684,2684,5852528,-122.046783384,37.3375049364,2012,4316,0,6,4,08,0,1,A,,,,,,900,4,E,I,A,W HOMESTEAD RD,KENNEWICK,189,W,N,2013-08-17,4316,2012-04-21,804,15924,54,5,6,0,0,,0,005,-,N,,0,0,,,0.0,,,,Y,1,A,-,22107,,N,A,H,-,A,D,0,Y,A,01,0,0,1,0,0,0,0,0,0,-,-,SUNNYVALE,SANTA CLARA,CA,0.0,0.0,26.0,,1.0,,,,1.0,,,,,,,1.0,,,,,,,,,,,,,,,,,1.0,,,,,,,,,,,,,Motor Vehicle
2685,2685,2685,5848114,-122.006097002,37.352293069,2012,4316,0,5,3,09,0,1,A,,Y,,,,1200,4,H,G,A,EL CAMINO REAL,POPLAR AV,100,E,N,2014-01-27,4316,2012-04-20,1143,12762,43,5,6,0,0,,0,004,-,Y,SCL,4,82,-,-,14.87,H,-,N,,2,A,-,21804,A,N,A,H,-,A,D,0,Y,A,01,0,1,0,0,0,0,1,0,0,-,-,SUNNYVALE,SANTA CLARA,CA,0.0,0.0,48.0,,1.0,,,1.0,,1.0,1.0,,,,,,,,,,,1.0,,,,1.0,,,,,,,1.0,,1.0,,,,,,,,,,,Bicycle
2686,2686,2686,5848113,-122.014213074,37.352185048,2012,4316,0,5,4,12,0,2,A,,,,,,1500,4,D,C,A,WOLFE RD,FREMONT AV,0,,Y,2014-02-10,4316,2012-04-13,1418,56593,61,5,6,0,0,,0,006,-,N,,0,0,,,0.0,,,,Y,2,A,-,21453,A,N,A,H,-,A,A,0,Y,A,07,0,0,2,0,0,0,0,0,0,-,-,SUNNYVALE,SANTA CLARA,CA,0.0,0.0,33.333333333333336,1.0,2.0,,1.0,1.0,2.0,,2.0,,,,,2.0,,,,,,,,,,,,,,,,,2.0,,,,,,,,,,,,,Motor Vehicle
2687,2687,2687,5848112,-122.02860760799999,37.364676605,2012,4316,0,2,2,10,0,1,A,Y,,,,,1800,4,G,B,B,RT 82,CEZANNE DR,0,,Y,2013-08-17,4316,2012-04-24,1739,48041,42,5,6,0,0,,0,004,-,Y,SCL,4,82,-,-,16.48,H,-,S,Y,2,A,-,21950,A,N,A,H,-,A,A,0,Y,A,01,1,0,0,0,1,0,0,0,0,-,-,SUNNYVALE,SANTA CLARA,CA,0.0,0.0,32.5,1.0,1.0,,1.0,2.0,,1.0,,1.0,,,1.0,,,,,,,,,,,,,,,,,,1.0,,,,,1.0,,,,,,,,Pedestrian
2688,2688,2688,5848111,-122.014213074,37.352185048,2012,4316,0,4,4,12,0,2,A,,,,,,1500,4,D,C,A,WOLFE RD,FREMONT AV,0,,Y,2014-02-10,4316,2012-04-12,1418,56593,61,5,6,0,0,,0,006,-,N,,0,0,,,0.0,,,,Y,2,A,-,21453,A,N,A,H,-,A,A,0,Y,A,07,0,0,2,0,0,0,0,0,0,-,-,SUNNYVALE,SANTA CLARA,CA,0.0,0.0,33.333333333333336,1.0,2.0,,1.0,1.0,2.0,,2.0,,,,,2.0,,,,,,,,,,,,,,,,,2.0,,,,,,,,,,,,,Motor Vehicle
2689,2689,2689,5848104,-122.014133054,37.35323498,2012,4316,0,4,4,12,0,1,C,,,,,,2400,4,D,C,A,WOLFE RD,EL CAMINO REAL,0,,Y,2014-02-18,4316,2012-04-26,2115,14954,42,5,6,0,0,,0,004,-,Y,SCL,4,82,-,-,15.32,I,6,N,Y,2,A,-,21453,A,N,B,H,-,C,A,0,Y,A,01,0,0,1,0,0,0,0,0,0,-,-,SUNNYVALE,SANTA CLARA,CA,0.0,0.0,23.0,,1.0,,,1.0,,,,,,,1.0,1.0,,,,,,,,,,,,,,,,,2.0,,,,,,,,,,,,,Motor Vehicle
2690,2690,2690,5848103,-122.052663243,37.372774064,2012,4316,0,6,2,12,0,2,A,Y,Y,,,,1800,4,G,B,F,RT 82,GRAPE,86,E,N,2014-01-27,4316,2012-04-14,1607,28245,51,5,6,0,0,,0,005,-,Y,SCL,4,82,-,-,17.93,H,-,S,Y,3,A,-,21453,A,N,A,H,-,A,A,0,Y,A,01,1,0,1,0,1,0,1,0,0,-,-,SUNNYVALE,SANTA CLARA,CA,0.0,0.0,22.0,1.0,1.0,,1.0,2.0,,,,1.0,,,,2.0,,1.0,,,,,,,,,,,,,,,1.0,,1.0,,,1.0,,,,,,,,Pedestrian
2691,2691,2691,5846661,-122.032720757,37.400119378,2012,4316,2,4,4,03,0,1,A,,,,,,1200,8,C,C,A,RT101,RT 237,500,S,N,2013-11-16,9340,2012-08-30,955,20289,,1,6,0,1,,2,120,-,Y,SCL,4,101,-,-,46.04,H,-,N,N,3,A,-,22350,,N,A,H,-,A,D,1,Y,A,01,0,0,1,0,0,0,0,0,0,-,-,SUNNYVALE,SANTA CLARA,CA,-122.03185,37.399359999999994,24.0,,1.0,,,,1.0,1.0,2.0,,,,,1.0,2.0,,,,,,,,,,,,,,,,3.0,,,,,,,,,,,,,Motor Vehicle
2692,2692,2692,5844502,-122.03626306299999,37.400694982,2012,4316,2,6,4,03,0,1,A,,,,,,600,9,E,I,A,RT 101,RT 237,280,S,N,2013-12-10,9340,2012-09-01,530,020154,,3,6,0,1,,2,120,-,Y,SCL,4,101,-,-,46.111000000000004,R,2,S,Y,1,A,-,22350,,N,A,H,-,C,D,1,Y,A,01,0,0,1,0,0,0,0,0,0,TO,-,SUNNYVALE,SANTA CLARA,CA,-122.03501999999999,37.400040000000004,29.5,,2.0,,,1.0,1.0,1.0,,,,,,,,,,,,,,,,,,1.0,,,,,1.0,,,,,,,,,,,,,Motor Vehicle