,level_0,index,CASEID,POINT_X,POINT_Y,YEAR_,LOCATION,CHPTYPE,DAYWEEK,CRASHSEV,VIOLCAT,KILLED,INJURED,WEATHER1,PEDCOL,BICCOL,MCCOL,TRUCKCOL,ETOH,TIMECAT,MONTH_,CRASHTYP,INVOLVE,PED,PRIMARYRD,SECONDRD,DISTANCE,DIRECT,INTERSECT_,PROCDATE,JURIS,DATE_,TIME_,BADGE,JURIDIST,SHIFT,POP,SPECIAL,BEATTYPE,LAPDDIV,BEATCLAS,BEATNUMB,WEATHER2,STATEHW,CALTRANC,CALTRAND,STROUTE,ROUTESUF,POSTPRE,POSTMILE,LOCATYPE,RAMP,SIDEHW,TOWAWAY,PARTIES,PCF,VIOLCODE,VIOL,VIOLSUB,HITRUN,ROADSURF,RDCOND1,RDCOND2,LIGHTING,RIGHTWAY,CHPRDTYP,NOTPRIV,STFAULT,CHPFAULT,SEVINJ,OTHERINJ,COP,PEDKILL,PEDINJ,BICKILL,BICINJ,MCKILL,MCINJURE,RAMP1,RAMP2,CITY,COUNTY,STATE,X_CHP,Y_CHP,AvgVAGE,VAGE_Minor,VAGE_Working,VAGE_Senior,MobilLimAge,F_M_VSEX,F_F_VSEX,F_A_PRACE,F_H_PRACE,F_W_PRACE,F_O_PRACE,F_B_PRACE,F_E_MOVEMENT,F_B_MOVEMENT,F_A_MOVEMENT,F_D_MOVEMENT,F_P_MOVEMENT,F_O_MOVEMENT,F_H_MOVEMENT,F_L_MOVEMENT,F_F_MOVEMENT,F_R_MOVEMENT,F_J_MOVEMENT,F_Q_MOVEMENT,F_G_MOVEMENT,F_C_MOVEMENT,F_M_MOVEMENT,F_N_MOVEMENT,F_K_MOVEMENT,F_I_MOVEMENT,F_A_VEHTYPE,F_I_VEHTYPE,F_L_VEHTYPE,F_D_VEHTYPE,F_C_VEHTYPE,F_N_VEHTYPE,F_F_VEHTYPE,F_J_VEHTYPE,F_G_VEHTYPE,F_B_VEHTYPE,F_M_VEHTYPE,F_E_VEHTYPE,F_H_VEHTYPE,PrimeModeClass
2734,2734,2734,5791988,-122.028753008,37.3957948313,2012,4316,0,3,4,-,0,1,C,,,,,,1200,2,D,C,A,MATHILDA AV,AHWANEE AV,0,,Y,2013-08-16,4316,2012-02-29,1033,14350,13,5,6,0,0,,0,001,-,N,,0,0,,,0.0,,,,,3,A,-,0,,N,B,H,-,A,A,0,Y,A,01,0,0,1,0,0,0,0,0,0,-,-,SUNNYVALE,SANTA CLARA,CA,0.0,0.0,36.0,,1.0,,,1.0,,,1.0,2.0,,,2.0,1.0,,,,,,,,,,,,,,,,,1.0,,,2.0,,,,,,,,,,Motor Vehicle
2735,2735,2735,5791981,-122.01106310899999,37.40847494,2012,4316,0,2,4,03,0,3,A,,,,,,1200,8,C,C,A,JAVA DR,CROSSMAN AV,0,,Y,2013-11-09,4316,2012-08-28,1110,15925,20,5,6,0,0,,0,002,-,N,,0,0,,,0.0,,,,Y,2,A,-,22350,,N,A,H,-,A,D,0,Y,D,22,0,0,3,0,0,0,0,0,0,-,-,SUNNYVALE,SANTA CLARA,CA,0.0,0.0,43.75,1.0,3.0,,1.0,2.0,2.0,,,2.0,,,,,1.0,1.0,,,,,,,,,,,,,,,1.0,,,1.0,,,,,,,,,,Motor Vehicle
2736,2736,2736,5791929,-122.002923075,37.3884348624,2012,4316,0,5,4,09,0,1,A,,,Y,Y,,2100,8,D,C,A,DUANE AV,SAN RAFAEL ST,0,,Y,2013-11-09,4316,2012-08-10,2027,16660,26,5,6,0,0,,0,002,-,N,,0,0,,,0.0,,,,Y,2,A,-,21804,A,N,A,H,-,B,A,0,Y,F,76,0,0,1,0,0,0,0,0,1,-,-,SUNNYVALE,SANTA CLARA,CA,0.0,0.0,41.0,,1.0,,,1.0,,,1.0,1.0,,,1.0,1.0,,,,,,,,,,,,,,,,,,,,,1.0,,1.0,,,,,,,Motor Vehicle
2737,2737,2737,5790531,-121.99603482799999,37.3780331484,2012,4316,4,2,4,-,0,1,A,,,,,,1800,8,C,C,A,LAWRENCE EXPWY,KIFER RD,1500,N,N,2013-11-30,9340,2012-08-07,1515,20204,,2,6,0,2,,2,610,-,N,,0,0,,,0.0,,,,N,2,A,-,0,,N,A,H,-,A,D,0,Y,A,07,0,0,1,0,0,0,0,0,0,-,-,SUNNYVALE,SANTA CLARA,CA,-121.99615,37.37578,39.0,,1.0,,,1.0,,,,1.0,1.0,,,1.0,1.0,,,,,,,,,,,,,,,,2.0,,,,,,,,,,,,,Motor Vehicle
2738,2738,2738,5782707,-121.999007215,37.409087761,2012,4316,3,2,4,03,0,1,A,,,,,,2100,8,C,C,A,RT 237,LAWRENCE EXPWY,100,W,N,2013-11-25,9340,2012-08-21,1855,18880,,2,6,0,1,,2,220,-,Y,SCL,4,237,-,R,4.58,H,-,E,N,2,A,-,22350,,N,A,H,-,A,D,1,Y,A,01,0,0,1,0,0,0,0,0,0,-,-,SUNNYVALE,SANTA CLARA,CA,-121.99909,37.40898,30.0,,1.0,,,,1.0,1.0,,,1.0,,,1.0,1.0,,,,,,,,,,,,,,,,2.0,,,,,,,,,,,,,Motor Vehicle
2739,2739,2739,5782695,-122.03843041200001,37.399386179000004,2012,4316,3,6,3,08,0,1,A,,,,,,2100,8,E,I,A,RT 237,RT 101,1070,W,N,2013-11-25,9340,2012-08-18,1800,19378,,2,6,0,1,,2,220,-,Y,SCL,4,237,-,-,2.25,H,-,W,Y,1,A,-,22107,,N,A,H,-,A,D,1,Y,A,01,0,1,0,0,0,0,0,0,0,-,-,SUNNYVALE,SANTA CLARA,CA,-121.75263999999999,37.91762,71.0,,,1.0,1.0,1.0,,1.0,,,,,,,,,,,,,,1.0,,,,,,,,,1.0,,,,,,,,,,,,,Motor Vehicle
2740,2740,2740,5780659,-122.027414862,37.398967849,2012,4316,2,7,4,03,0,1,A,,,,,,2400,7,C,C,A,RT 101,MATHILDA AV,190,S,N,2013-10-19,9340,2012-07-29,2225,20152,,3,6,0,1,,2,120,-,Y,SCL,4,101,-,-,45.64,H,-,N,Y,2,A,-,22350,,N,A,H,-,D,D,1,Y,A,01,0,0,1,0,0,0,0,0,0,-,-,SUNNYVALE,SANTA CLARA,CA,-121.02636000000001,37.39878,19.0,,1.0,,,1.0,,,1.0,,,,,1.0,1.0,,,,,,,,,,,,,,,,2.0,,,,,,,,,,,,,Motor Vehicle
2741,2741,2741,5780652,-122.00825599299999,37.394544452,2012,4316,2,6,4,07,0,1,A,,,,,,1500,7,C,C,A,RT 101,FAIR OAKS AV,900,S,N,2013-10-19,9340,2012-07-21,1440,20154,,2,6,0,1,,2,120,-,Y,SCL,4,101,-,-,44.66,H,-,S,N,2,A,-,21658,A,N,A,H,-,A,D,1,Y,A,01,0,0,1,0,0,0,0,0,0,-,-,SUNNYVALE,SANTA CLARA,CA,-122.00985,37.39485,39.0,,1.0,,,1.0,,1.0,1.0,,,,,1.0,,,,,,,,1.0,,,,,,,,,2.0,,,,,,,,,,,,,Motor Vehicle
2742,2742,2742,5771495,-121.996262965,37.3739248949,2012,4316,4,7,4,12,0,1,A,,,,,,1500,8,D,C,A,LAWRENCE EXPWY,KIFER RD,0,,Y,2014-04-28,9340,2012-08-05,1435,20317,,2,6,0,2,,2,610,-,N,,0,0,,,0.0,,,,Y,2,A,-,21453,A,N,A,H,-,A,A,0,Y,A,01,0,0,1,0,0,0,0,0,0,-,-,SUNNYVALE,SANTA CLARA,CA,-121.93883000000001,37.379259999999995,54.0,,2.0,,,,1.0,,,2.0,,,,2.0,,,,,,,,,,,,,,,,,2.0,,,,,,,,,,,,,Motor Vehicle
2743,2743,2743,5759818,-122.017340009,37.396760124000004,2012,4316,2,6,3,07,0,1,A,,,,Y,,1500,7,B,C,A,RT 101,FAIR OAKS AV,950,N,N,2013-10-23,9340,2012-07-21,1327,20154,,1,6,0,1,,2,120,-,Y,SCL,4,101,-,-,45.01,H,-,N,Y,2,A,-,21658,A,N,A,H,-,A,D,1,Y,G,25,0,1,0,0,0,0,0,0,0,-,-,SUNNYVALE,SANTA CLARA,CA,-122.01616000000001,37.39652,56.0,,1.0,,,,1.0,,,2.0,,,,1.0,,,,,,,,,1.0,,,,,,,,1.0,,,,,,,,1.0,,,,,Motor Vehicle
2744,2744,2744,5759270,-122.02260526,37.403940388,2012,4316,3,6,4,08,0,1,B,,,,,,600,6,E,I,A,RT 237,MATHILDA AV,800,E,N,2014-02-10,9340,2012-06-30,430,20015,,3,6,0,1,,2,220,-,Y,SCL,4,237,-,-,3.17,H,-,W,Y,1,A,-,22107,,N,A,H,-,D,D,1,Y,D,22,0,0,1,0,0,0,0,0,0,-,-,SUNNYVALE,SANTA CLARA,CA,-122.02408999999999,37.4036,34.0,,1.0,,,1.0,,,1.0,,,,,,,,,,,,,1.0,,,,,,,,,,,,1.0,,,,,,,,,,Motor Vehicle
2745,2745,2745,5755817,-122.059809086,37.346501565,2012,4316,3,3,4,-,0,2,B,,,,,,900,7,C,C,A,RT 85,FREMONT AV,1800,S,N,2013-10-25,9340,2012-07-18,815,20015,,1,6,0,1,,2,085,-,Y,SCL,4,85,-,R,19.52,H,-,N,Y,3,A,-,0,,N,A,H,-,A,D,6,Y,A,01,0,0,2,0,0,0,0,0,0,-,-,SUNNYVALE,SANTA CLARA,CA,-122.0597,37.34568,41.0,,2.0,,,1.0,1.0,,,2.0,,1.0,,2.0,1.0,,,,,,,,,,,,,,,,3.0,,,,,,,,,,,,,Motor Vehicle
2746,2746,2746,5754441,-121.996233501,37.374032257399996,2012,4316,4,3,4,21,0,1,A,,,,,,1200,8,C,C,A,LAWRENCE EXPWY,KIFER RD,40,N,N,2014-04-28,9340,2012-08-01,1145,20414,,1,6,0,2,,2,610,-,N,,0,0,,,0.0,,,,N,2,A,-,22106,,N,A,H,-,A,D,0,Y,A,01,0,0,1,0,0,0,0,0,0,-,-,SUNNYVALE,SANTA CLARA,CA,-121.99597,37.37449,46.0,,1.0,,,,1.0,,,,2.0,,,,1.0,,1.0,,,,,,,,,,,,,,2.0,,,,,,,,,,,,,Motor Vehicle
2747,2747,2747,5753168,-121.99627761200001,37.373857245,2012,4316,4,4,4,03,0,2,A,,,,,,1500,6,C,C,A,LAWRENCE EXPWY,KIFER RD,25,S,N,2014-02-10,9340,2012-06-21,1245,20208,,1,6,0,2,,2,610,-,N,,0,0,,,0.0,,,,Y,2,A,-,22350,,N,A,H,-,A,A,0,Y,A,01,0,0,2,0,0,0,0,0,0,-,-,SUNNYVALE,SANTA CLARA,CA,-121.99604,37.37358,38.0,,2.0,,,,2.0,,,2.0,,,,1.0,,,,,1.0,,,,,,,,,,,,2.0,,,,,,,,,,,,,Motor Vehicle
2748,2748,2748,5748023,-122.02185004,37.404107114,2012,4316,3,1,4,03,0,1,A,,,,,,1800,7,C,C,A,RT 237,MATHILDA AV,1000,E,N,2013-10-26,9340,2012-07-09,1725,20152,,2,6,0,1,,2,220,-,Y,SCL,4,237,-,-,3.21,H,-,W,Y,4,A,-,22350,,N,A,H,-,A,D,1,Y,A,07,0,0,1,0,0,0,0,0,0,-,-,SUNNYVALE,SANTA CLARA,CA,-121.02252,37.439,41.0,,1.0,,,,1.0,,,,4.0,,,1.0,3.0,,,,,,,,,,,,,,,,4.0,,,,,,,,,,,,,Motor Vehicle
2749,2749,2749,5747806,-122.057619629,37.334398795,2012,4316,3,2,4,03,0,1,A,,,,,,900,7,C,C,A,RT85,HOMESTEAD RD,1584,S,N,2013-10-26,9340,2012-07-10,810,020289,,1,6,0,1,,2,085,-,Y,SCL,4,85,-,R,18.56,H,-,N,N,2,A,-,22350,,N,A,H,-,A,D,6,Y,A,07,0,0,1,0,0,0,0,0,0,-,-,SUNNYVALE,SANTA CLARA,CA,-122.05596000000001,37.33287,43.0,,1.0,,,,1.0,,,2.0,,,,1.0,1.0,,,,,,,,,,,,,,,,2.0,,,,,,,,,,,,,Motor Vehicle
2750,2750,2750,5747802,-122.02362329,37.397924895,2012,4316,2,5,4,08,0,1,A,,,,,,600,7,E,I,A,RT101,MATHILDA AV,500,S,N,2013-10-26,9340,2012-07-13,300,019323,,3,6,0,1,,2,120,-,Y,SCL,4,101,-,-,45.59,H,-,S,N,1,A,-,22107,,N,A,H,-,C,D,1,Y,A,01,0,0,1,0,0,0,0,0,0,-,-,SUNNYVALE,SANTA CLARA,CA,-122.02518,37.39829,30.0,,1.0,,,1.0,,,1.0,,,,,,,,,,,,,1.0,,,,,,,,,1.0,,,,,,,,,,,,,Motor Vehicle
2751,2751,2751,5747798,-122.02168337299999,37.404145407,2012,4316,3,2,4,03,0,1,B,,,,,,900,7,C,C,A,RT 237,MATHILDA AV,1056,E,N,2013-10-26,9340,2012-07-17,730,020289,,1,6,0,1,,2,220,-,Y,SCL,4,237,-,-,3.22,H,-,W,N,2,A,-,22350,,N,A,H,-,A,D,1,Y,A,07,0,0,1,0,0,0,0,0,0,-,-,SUNNYVALE,SANTA CLARA,CA,-122.02078,37.40435,27.5,,2.0,,,1.0,,,,,1.0,1.0,,1.0,1.0,,,,,,,,,,,,,,,,2.0,,,,,,,,,,,,,Motor Vehicle
2752,2752,2752,5744318,-122.05976306,37.34114343,2012,4316,3,3,4,03,0,2,A,,,,,,1200,7,C,C,A,RT 85,HOMESTEAD RD,845,N,N,2013-11-02,9340,2012-07-11,930,18665,,1,6,0,1,,2,085,-,Y,SCL,4,85,-,R,19.02,H,-,N,Y,4,A,-,22350,,N,A,H,-,A,D,6,Y,A,01,0,0,2,0,0,0,0,0,0,-,-,SUNNYVALE,SANTA CLARA,CA,-122.06058999999999,37.350840000000005,35.666666666666664,1.0,2.0,,1.0,2.0,1.0,,,3.0,1.0,,,1.0,3.0,,,,,,,,,,,,,,,,4.0,,,,,,,,,,,,,Motor Vehicle
2753,2753,2753,5744310,-122.052156127,37.404203378000005,2012,4316,2,3,4,03,0,2,A,,,,,,900,7,C,C,A,RT 101,RT 237,1600,N,N,2013-11-02,9340,2012-07-11,750,20204,,1,6,0,1,,2,120,-,Y,SCL,4,101,-,-,47.08,H,-,S,Y,6,A,-,22350,,N,A,H,-,A,D,0,Y,A,07,0,0,2,0,0,0,0,0,0,-,-,SUNNYVALE,SANTA CLARA,CA,-122.04003999999999,37.40142,37.0,,3.0,,,,3.0,2.0,,3.0,,1.0,,3.0,3.0,,,,,,,,,,,,,,,,6.0,,,,,,,,,,,,,Motor Vehicle
2754,2754,2754,5744181,-122.027331933,37.403104939,2012,4316,3,3,4,03,0,1,A,,,,,,1200,7,C,C,A,RT 237,MATHILDA AV,10,W,N,2013-10-24,9340,2012-07-11,1032,19377,,1,6,0,1,,2,220,-,Y,SCL,4,237,-,-,2.98,H,-,W,N,2,A,-,22350,,N,A,H,-,A,D,1,Y,A,07,0,0,1,0,0,0,0,0,0,-,-,SUNNYVALE,SANTA CLARA,CA,-121.91089,37.38351,44.0,,1.0,,,1.0,,,,,1.0,1.0,,1.0,,,,,1.0,,,,,,,,,,,,2.0,,,,,,,,,,,,,Motor Vehicle
2755,2755,2755,5744161,-122.023642994,37.398143003,2012,4316,2,4,4,07,0,1,A,,,Y,,,900,7,B,C,A,RT 101,MATHILDA AV,700,S,N,2013-10-24,9340,2012-07-12,815,20204,,1,6,0,1,,2,120,-,Y,SCL,4,101,-,-,45.55,H,-,N,N,2,A,-,21658,A,N,A,H,-,A,D,1,Y,A,07,0,0,1,0,0,0,0,0,1,-,-,SUNNYVALE,SANTA CLARA,CA,-122.02564,37.39855,23.5,,2.0,,,1.0,1.0,,1.0,,1.0,,,,,,,,,,,,1.0,,,,,,,1.0,1.0,,,,1.0,,,,,,,,,Motor Vehicle
2756,2756,2756,5733080,-121.99601672,37.3865502743,2012,4316,4,2,4,03,0,1,A,,,,,,1500,6,C,C,A,LAWRENCE EXPWY,OAKMEAD PKWY,100,S,N,2014-02-10,9340,2012-06-19,1315,020302,,1,6,0,2,,2,610,-,N,,0,0,,,0.0,,,,Y,2,A,-,22350,,N,A,H,-,A,D,0,Y,A,01,0,0,1,0,0,0,0,0,0,-,-,SUNNYVALE,SANTA CLARA,CA,-121.99643,37.32082,67.0,,,1.0,1.0,,1.0,,,2.0,,,,1.0,1.0,,,,,,,,,,,,,,,,2.0,,,,,,,,,,,,,Motor Vehicle
2757,2757,2757,5732605,-121.99576668700001,37.384262133,2012,4316,4,1,3,08,0,1,A,,,,,,1200,6,E,I,A,LAWRENCE EXPWY,TITAN WY,90,N,N,2013-09-28,9340,2012-06-18,1040,20057,,1,6,0,2,,2,620,-,N,,0,0,,,0.0,,,,Y,1,A,-,22107,,N,A,H,-,A,D,0,Y,A,01,0,1,0,0,0,0,0,0,0,-,-,SUNNYVALE,SANTA CLARA,CA,-121.99597,37.38392,40.0,,1.0,,,,1.0,,1.0,,,,,,,,,,,,,,,,,,1.0,,,,1.0,,,,,,,,,,,,,Motor Vehicle
2758,2758,2758,5725572,-121.98708516100001,37.388704256,2012,4316,2,1,4,03,0,1,A,,,,,,900,6,C,C,A,RT 101,LAWRENCE EXP,2650,S,N,2014-02-07,9340,2012-06-11,845,20015,,1,6,0,1,,2,120,-,Y,SCL,4,101,-,-,43.36,H,-,N,Y,3,A,-,22350,,N,A,H,-,A,D,1,Y,A,07,0,0,1,0,0,0,0,0,0,-,-,SUNNYVALE,SANTA CLARA,CA,-121.98656000000001,37.38859,27.0,,1.0,,,1.0,,,1.0,2.0,,,,2.0,1.0,,,,,,,,,,,,,,,,3.0,,,,,,,,,,,,,Motor Vehicle
2759,2759,2759,5725564,-122.008094231,37.394713666,2012,4316,2,1,3,08,0,1,A,,,,,,1200,6,E,I,A,RT101,AHWANEE AV,60,S,N,2014-02-07,9340,2012-06-11,925,19020,,1,6,0,1,,2,120,-,Y,SCL,4,101,-,-,44.63,H,-,N,Y,1,A,-,22107,,N,A,H,-,A,D,1,Y,A,01,0,1,0,0,0,0,0,0,0,-,-,SUNNYVALE,SANTA CLARA,CA,-122.00946,37.39515,27.0,,1.0,,,,1.0,,1.0,,,,,,,,,,,,,1.0,,,,,,,,,1.0,,,,,,,,,,,,,Motor Vehicle
2760,2760,2760,5721141,-122.033932993,37.401393870999996,2012,4316,3,3,4,03,0,1,A,,,,,,900,6,C,C,A,RT 237,RT 101,200,E,N,2014-03-03,9340,2012-06-20,715,19377,,1,6,0,1,,2,230,-,Y,SCL,4,237,-,-,2.52,H,-,W,Y,2,A,-,22350,,N,A,H,-,A,D,1,Y,A,08,0,0,1,0,0,0,0,0,0,-,-,SUNNYVALE,SANTA CLARA,CA,-122.02181000000002,37.40424,46.0,,1.0,,,1.0,,2.0,,,,,,1.0,1.0,,,,,,,,,,,,,,,,2.0,,,,,,,,,,,,,Motor Vehicle
2761,2761,2761,5720406,-122.00215737200001,37.408581284,2012,4316,3,1,4,03,0,1,A,,,,Y,,900,6,C,C,A,RT 237,LAWRENCE EXPWY,700,W,N,2014-01-07,9340,2012-06-11,705,18517,,1,6,0,1,,2,220,-,Y,SCL,4,237,-,R,4.47,H,-,W,,3,A,-,22350,,N,A,H,-,A,D,1,Y,G,27,0,0,1,0,0,0,0,0,0,-,-,SUNNYVALE,SANTA CLARA,CA,0.0,0.0,21.0,,1.0,,,1.0,,1.0,1.0,1.0,,,,1.0,2.0,,,,,,,,,,,,,,,,1.0,,,1.0,,,,,1.0,,,,,Motor Vehicle
2762,2762,2762,5690242,-122.05977212299999,37.340071918,2012,4316,3,4,4,08,0,1,A,,,,,,1500,6,E,I,A,RT85,HOMESTEAD RD,341,N,N,2014-01-09,9340,2012-06-14,1220,18665,,1,6,0,1,,2,085,-,Y,SCL,4,85,-,R,18.92,H,-,N,Y,1,A,-,22107,,N,A,H,-,A,D,6,Y,A,01,0,0,1,0,0,0,0,0,0,-,-,SUNNYVALE,SANTA CLARA,CA,-122.05971000000001,37.3409,18.0,,1.0,,,,1.0,,,,1.0,,,,,,,,,,,1.0,,,,,,,,,1.0,,,,,,,,,,,,,Motor Vehicle
2763,2763,2763,5689766,-122.00825599299999,37.394544452,2012,4316,2,4,4,03,0,1,A,,,,,,2100,6,C,C,A,RT 101,AHWANEE AV,87,N,N,2014-02-07,9340,2012-06-14,1915,20148,,2,6,0,1,,2,120,-,Y,SCL,4,101,-,-,44.66,H,-,S,Y,3,A,-,22350,,N,A,H,-,A,D,1,Y,A,07,0,0,1,0,0,0,0,0,0,-,-,SUNNYVALE,SANTA CLARA,CA,-122.01007,37.394870000000004,36.0,,1.0,,,,1.0,2.0,,,1.0,,,1.0,2.0,,,,,,,,,,,,,,,,3.0,,,,,,,,,,,,,Motor Vehicle
2764,2764,2764,5684091,-122.045383001,37.3810448797,2012,4316,0,6,4,03,0,1,A,,,,,,1500,1,C,C,A,S MARY AV,CARSON,0,,Y,2013-07-12,4316,2012-01-14,1417,14830,32,5,6,0,0,,0,003,-,N,,0,0,,,0.0,,,,,3,A,-,22350,,N,A,H,-,A,A,0,Y,A,01,0,0,1,0,0,0,0,0,0,-,-,SUNNYVALE,SANTA CLARA,CA,0.0,0.0,514.5,,1.0,1.0,1.0,,1.0,,1.0,1.0,,,,2.0,,,,,1.0,,,,,,,,,,,,3.0,,,,,,,,,,,,,Motor Vehicle
2765,2765,2765,5678079,-121.99768974700001,37.409530116,2012,4316,3,4,4,03,0,1,A,,,,,,900,5,C,C,A,RT 237,LAWRENCE EXPY,200,E,N,2014-02-12,9340,2012-05-31,715,019377,,1,6,0,1,,2,230,-,Y,SCL,4,237,-,R,4.64,H,-,W,Y,3,A,-,22350,,N,A,H,-,A,D,1,Y,A,01,0,0,1,0,0,0,0,0,0,-,-,SUNNYVALE,SANTA CLARA,CA,-121.9968,37.4094,43.0,,1.0,,,1.0,,2.0,1.0,,,,,1.0,2.0,,,,,,,,,,,,,,,,3.0,,,,,,,,,,,,,Motor Vehicle
2766,2766,2766,5677556,-122.02314941200001,37.403698577,2012,4316,3,3,4,03,0,1,A,,,,Y,,1800,5,C,C,A,RT 237,MATHILDA AV,600,E,N,2014-02-05,9340,2012-05-30,1723,18880,,2,6,0,1,,2,220,-,Y,SCL,4,237,-,-,3.13,H,-,E,N,4,A,-,22350,,N,A,H,-,A,D,1,Y,F,25,0,0,1,0,0,0,0,0,0,-,-,SUNNYVALE,SANTA CLARA,CA,-122.02462,37.40336,45.0,,1.0,,,1.0,,1.0,2.0,,1.0,,,4.0,,,,,,,,,,,,,,,,,2.0,,,1.0,,,1.0,,,,,,,Motor Vehicle
2767,2767,2767,5677143,-122.06123693299999,37.35376844,2012,4316,3,7,2,01,0,1,A,,,,,Y,600,6,F,I,A,RT 85,FREMONT AV,291,N,N,2014-02-18,9340,2012-06-10,540,20015,,3,6,0,1,,2,085,-,Y,SCL,4,85,-,R,19.95,H,-,N,Y,1,A,-,23152,A,N,A,H,-,B,D,6,Y,D,22,1,0,0,0,0,0,0,0,0,-,-,SUNNYVALE,SANTA CLARA,CA,-122.06073,37.35232,24.0,,1.0,,,1.0,,,,1.0,,,,,,,,,,,,1.0,,,,,,,,,,,,1.0,,,,,,,,,,Motor Vehicle
2768,2768,2768,5673462,-122.031773014,37.402009889,2012,4316,3,4,4,03,0,1,A,,,Y,,,900,5,C,C,A,RT 237,RT 101,1000,E,N,2014-01-10,9340,2012-05-31,700,20208,,1,6,0,1,,2,220,-,Y,SCL,4,237,-,-,2.64,H,-,W,Y,2,A,-,22350,,N,A,H,-,A,D,1,Y,-,99,0,0,1,0,0,0,0,0,1,-,-,SUNNYVALE,SANTA CLARA,CA,-122.02808,37.40298,47.0,,1.0,,,1.0,,1.0,,,,,,2.0,,,,,,,,,,,,,,,,,,,,,1.0,,,,,,,,,Motor Vehicle
2769,2769,2769,5672115,-121.996113056,37.391104985,2012,4316,2,2,4,03,0,1,A,,,,,,1800,6,C,C,A,RT 101,LAWRENCE EXPWY,250,N,N,2014-02-07,9340,2012-06-12,1630,20204,,2,6,0,1,,2,120,-,Y,SCL,4,101,-,-,43.91,H,-,S,N,2,A,-,22350,,N,A,H,-,A,D,1,Y,A,01,0,0,1,0,0,0,0,0,0,-,-,SUNNYVALE,SANTA CLARA,CA,-121.99735,37.39139,36.0,,1.0,,,1.0,,1.0,,1.0,,,,1.0,1.0,,,,,,,,,,,,,,,,2.0,,,,,,,,,,,,,Motor Vehicle
2770,2770,2770,5667436,-122.04870305799999,37.334044975,2012,4316,1,2,4,07,0,1,A,,,,,,1500,5,B,C,A,RT 280,RT 85,45,S,N,2014-02-07,9340,2012-05-29,1355,20204,,1,6,0,1,,2,282,-,Y,SCL,4,280,-,-,10.415,R,2,N,Y,2,A,-,21658,A,F,A,H,-,A,D,1,Y,-,99,0,0,1,0,0,0,0,0,0,TO,-,SUNNYVALE,SANTA CLARA,CA,-122.05658999999999,37.33419,28.0,,1.0,,,1.0,,,,1.0,,,,1.0,,,,,,,,,1.0,,,,,,,,1.0,,,,,,,,,,,,,Motor Vehicle
2771,2771,2771,5663259,-122.059805529,37.347680211,2012,4316,3,6,4,07,0,1,A,,,,,,1800,5,C,C,A,RT 85,FREMONT AV,1200,S,N,2014-02-18,9340,2012-05-12,1730,019932,,2,6,0,1,,2,085,-,Y,SCL,4,85,-,R,19.63,H,-,N,N,3,A,-,21658,A,F,A,H,-,A,D,6,Y,A,08,0,0,1,0,0,0,0,0,0,-,-,SUNNYVALE,SANTA CLARA,CA,-122.06007,37.34708,25.333333333333332,1.0,2.0,,1.0,1.0,2.0,1.0,,1.0,,,,,2.0,,,,,,,,1.0,,,,,,,,2.0,,,,,,,,,,,,,Motor Vehicle
2772,2772,2772,5663231,-121.996274711,37.3738707842,2012,4316,4,4,4,03,0,1,A,,,,,,1800,5,C,C,A,LAWRENCE EXP,KIFER RD,20,S,N,2013-09-06,9340,2012-05-24,1705,19986,,2,6,0,2,,2,610,-,N,,0,0,,,0.0,,,,N,2,A,-,22350,,N,A,H,-,A,D,0,Y,A,01,0,0,1,0,0,0,0,0,0,FR,-,SUNNYVALE,SANTA CLARA,CA,-121.99646000000001,37.37352,65.0,,,1.0,1.0,,1.0,1.0,,,1.0,,,1.0,1.0,,,,,,,,,,,,,,,,2.0,,,,,,,,,,,,,Motor Vehicle
2773,2773,2773,5639283,-122.00944686,37.3882702086,2012,4316,0,7,1,03,1,6,B,,,,,,1500,11,C,C,A,DUANE AV,SAN LUISITO,129,W,N,2013-01-16,4316,2012-11-18,1438,14461,26,5,6,0,0,,0,002,-,N,,0,0,,,0.0,,,,Y,5,A,-,22350,,N,A,H,-,A,D,0,Y,A,07,1,1,4,0,0,0,0,0,0,-,-,SUNNYVALE,SANTA CLARA,CA,0.0,0.0,167.85714285714286,1.0,5.0,1.0,2.0,2.0,5.0,,,,,,,1.0,,,,2.0,1.0,,,,1.0,,,,,,,,3.0,,,2.0,,,,,,,,,,Motor Vehicle
2774,2774,2774,5638799,-122.038474489,37.3694395108,2012,4316,0,4,1,11,1,0,A,Y,,,,Y,1800,9,G,B,D,EL CAMINO REAL,MATHILDA AV,410,W,N,2014-04-17,4316,2012-09-06,1711,14314,33,5,6,0,0,,0,003,-,N,,0,0,,,0.0,,,,N,2,A,-,21955,,N,A,-,-,A,A,0,Y,N,60,0,0,0,1,0,0,0,0,0,-,-,SUNNYVALE,SANTA CLARA,CA,0.0,0.0,47.0,,1.0,,,,1.0,,1.0,1.0,,,,1.0,,,,,,1.0,,,,,,,,,,,1.0,,,,,1.0,,,,,,,,Pedestrian