,level_0,index,CASEID,POINT_X,POINT_Y,YEAR_,LOCATION,CHPTYPE,DAYWEEK,CRASHSEV,VIOLCAT,KILLED,INJURED,WEATHER1,PEDCOL,BICCOL,MCCOL,TRUCKCOL,ETOH,TIMECAT,MONTH_,CRASHTYP,INVOLVE,PED,PRIMARYRD,SECONDRD,DISTANCE,DIRECT,INTERSECT_,PROCDATE,JURIS,DATE_,TIME_,BADGE,JURIDIST,SHIFT,POP,SPECIAL,BEATTYPE,LAPDDIV,BEATCLAS,BEATNUMB,WEATHER2,STATEHW,CALTRANC,CALTRAND,STROUTE,ROUTESUF,POSTPRE,POSTMILE,LOCATYPE,RAMP,SIDEHW,TOWAWAY,PARTIES,PCF,VIOLCODE,VIOL,VIOLSUB,HITRUN,ROADSURF,RDCOND1,RDCOND2,LIGHTING,RIGHTWAY,CHPRDTYP,NOTPRIV,STFAULT,CHPFAULT,SEVINJ,OTHERINJ,COP,PEDKILL,PEDINJ,BICKILL,BICINJ,MCKILL,MCINJURE,RAMP1,RAMP2,CITY,COUNTY,STATE,X_CHP,Y_CHP,AvgVAGE,VAGE_Minor,VAGE_Working,VAGE_Senior,MobilLimAge,F_M_VSEX,F_F_VSEX,F_A_PRACE,F_H_PRACE,F_W_PRACE,F_O_PRACE,F_B_PRACE,F_E_MOVEMENT,F_B_MOVEMENT,F_A_MOVEMENT,F_D_MOVEMENT,F_P_MOVEMENT,F_O_MOVEMENT,F_H_MOVEMENT,F_L_MOVEMENT,F_F_MOVEMENT,F_R_MOVEMENT,F_J_MOVEMENT,F_Q_MOVEMENT,F_G_MOVEMENT,F_C_MOVEMENT,F_M_MOVEMENT,F_N_MOVEMENT,F_K_MOVEMENT,F_I_MOVEMENT,F_A_VEHTYPE,F_I_VEHTYPE,F_L_VEHTYPE,F_D_VEHTYPE,F_C_VEHTYPE,F_N_VEHTYPE,F_F_VEHTYPE,F_J_VEHTYPE,F_G_VEHTYPE,F_B_VEHTYPE,F_M_VEHTYPE,F_E_VEHTYPE,F_H_VEHTYPE,PrimeModeClass
2856,2856,2856,6263425,-122.05282859999998,37.3296328,2013,4316,3,3,4,03,0,1,A,,,,,,2100,10,C,C,A,RT85,STEVENS CREEK BL,1100,N,N,2014-04-22,9340,2013-10-30,1940,18680,,2,6,0,1,,2,085,-,Y,SCL,4,85,-,R,18.201,R,1,N,N,2,A,-,22350,,N,A,H,-,D,D,6,Y,A,01,0,0,1,0,0,0,0,0,0,TO,-,SUNNYVALE,SANTA CLARA,CA,-122.05214,37.32956,43.0,,1.0,,,,1.0,1.0,,1.0,,,,1.0,,,,,1.0,,,,,,,,,,,,2.0,,,,,,,,,,,,,Motor Vehicle
2857,2857,2857,6263421,-121.9960334,37.37721129999999,2013,4316,4,4,4,03,0,2,A,,,,,,1200,10,C,C,A,LAWRENCE EXPWY,CENTRAL EXPWY,180,S,N,2014-04-22,9340,2013-10-31,945,20302,,1,6,0,2,,2,610,-,N,,0,0,,,0.0,,,,Y,5,A,-,22350,,N,A,H,-,A,D,0,Y,A,01,0,0,2,0,0,0,0,0,0,-,-,SUNNYVALE,SANTA CLARA,CA,-121.99524,37.38997,42.5,,2.0,,,2.0,,4.0,,,1.0,,,4.0,1.0,,,,,,,,,,,,,,,,5.0,,,,,,,,,,,,,Motor Vehicle
2858,2858,2858,6263322,-122.05926809999998,37.3368884,2013,4316,3,3,4,03,0,1,A,,,,,,900,10,C,C,A,RT 85,HOMESTEAD RD,750,S,N,2014-04-30,9340,2013-10-30,815,017641,,1,6,0,1,,2,085,-,Y,SCL,4,85,-,R,18.72,H,-,N,N,3,A,-,22350,,N,A,H,-,A,D,6,Y,A,07,0,0,1,0,0,0,0,0,0,-,-,SUNNYVALE,SANTA CLARA,CA,-122.05796000000001,37.33446,53.0,,1.0,,,,1.0,,,2.0,1.0,,,1.0,,,,,2.0,,,,,,,,,,,,3.0,,,,,,,,,,,,,Motor Vehicle
2859,2859,2859,6263314,-122.02710900000001,37.3986893,2013,4316,2,3,4,03,0,1,A,,,,,,1800,10,C,C,A,RT 101,MATHILDA AV,250,N,N,2014-04-30,9340,2013-10-30,1745,19376,,2,6,0,1,,2,120,-,Y,SCL,4,101,-,-,45.73,H,-,S,Y,2,A,-,22350,,N,A,H,-,A,D,1,Y,A,01,0,0,1,0,0,0,0,0,0,-,-,SUNNYVALE,SANTA CLARA,CA,-122.01652,37.24163,32.0,,1.0,,,1.0,,,,1.0,1.0,,,1.0,1.0,,,,,,,,,,,,,,,,2.0,,,,,,,,,,,,,Motor Vehicle
2860,2860,2860,6261906,-122.0475031,37.334005,2013,4316,3,2,3,03,0,1,A,,,Y,,,1800,10,E,I,A,RT85,STELLING RD,2000,N,N,2014-04-22,9340,2013-10-22,1656,18680,,2,6,0,1,,2,085,-,Y,SCL,4,280,-,-,10.380999999999998,R,3,S,Y,1,A,-,22350,,N,A,H,-,A,D,1,Y,C,02,0,1,0,0,0,0,0,0,1,-,-,SUNNYVALE,SANTA CLARA,CA,-122.05085,37.33298,36.0,,1.0,,,,1.0,,1.0,,,,,1.0,,,,,,,,,,,,,,,,,,,,,1.0,,,,,,,,,Motor Vehicle
2861,2861,2861,6261842,-121.99605509999999,37.3762696,2013,4316,4,5,4,07,0,1,A,,,,,,1800,10,B,C,A,LAWRENCE EXPWY,RYDER ST,100,N,N,2014-04-22,9340,2013-10-18,1630,20494,,2,6,0,2,,2,610,-,N,,0,0,,,0.0,,,,Y,2,A,-,21658,A,N,A,H,-,A,D,0,Y,A,01,0,0,1,0,0,0,0,0,0,-,-,SUNNYVALE,SANTA CLARA,CA,-121.99571,37.37968,59.0,,1.0,,,,1.0,1.0,,1.0,,,,1.0,,,,,,,,,1.0,,,,,,,,2.0,,,,,,,,,,,,,Motor Vehicle
2862,2862,2862,6260252,-121.996023,37.3868249,2013,4316,4,4,4,09,0,1,A,,,,,,900,9,A,C,A,LAWRENCE EXPY,OAKMEAD PKWY,0,,Y,2014-04-14,9340,2013-09-26,800,20609,,1,6,0,2,,2,610,-,N,,0,0,,,0.0,,,,Y,2,A,-,21453,C,N,A,H,-,A,A,0,Y,A,08,0,0,1,0,0,0,0,0,0,-,-,SUNNYVALE,SANTA CLARA,CA,-121.99587,37.38684,51.0,,1.0,,,,1.0,1.0,1.0,,,,1.0,1.0,,,,,,,,,,,,,,,,,2.0,,,,,,,,,,,,,Motor Vehicle
2863,2863,2863,6256458,-121.9957713,37.384083600000004,2013,4316,4,3,4,03,0,1,A,,,,,,1500,10,C,C,A,LAWRENCE EXPWY,TITAN WY,25,N,N,2014-04-30,9340,2013-10-16,1245,20302,,1,6,0,2,,2,610,-,N,,0,0,,,0.0,,,,N,2,A,-,22350,,N,A,H,-,A,D,0,Y,A,01,0,0,1,0,0,0,0,0,0,FR,-,SUNNYVALE,SANTA CLARA,CA,-121.99563,37.38397,54.0,,1.0,,,1.0,,1.0,,,1.0,,,2.0,,,,,,,,,,,,,,,,,2.0,,,,,,,,,,,,,Motor Vehicle
2864,2864,2864,6256146,-121.99610320000001,37.3611177,2013,4316,4,7,4,03,0,1,A,,,,Y,,1500,10,C,C,A,LAWRENCE EXPWY,POINCIANA AV,500,N,N,2014-04-28,9340,2013-10-20,1210,20208,,1,6,0,2,,2,610,-,Y,,0,0,,,0.0,,,,N,2,A,-,22350,,N,A,H,-,A,D,0,Y,F,26,0,0,1,0,0,0,0,0,0,-,-,SUNNYVALE,SANTA CLARA,CA,-121.9961,37.3621,54.0,,1.0,,,,1.0,,1.0,1.0,,,,1.0,1.0,,,,,,,,,,,,,,,,1.0,,,,,,1.0,,,,,,,Motor Vehicle
2865,2865,2865,6254124,-122.0114236,37.406340500000006,2013,4316,3,2,4,03,0,1,A,,,,,,1800,10,C,C,A,RT 237,FAIR OAKS DR,100,W,N,2014-04-25,9340,2013-10-15,1710,19376,,2,6,0,1,,2,230,-,Y,SCL,4,237,-,R,3.95,H,-,E,N,2,A,-,22350,,N,A,H,-,A,D,1,Y,A,01,0,0,1,0,0,0,0,0,0,-,-,SUNNYVALE,SANTA CLARA,CA,-122.00599,37.244,24.0,,1.0,,,,1.0,1.0,1.0,,,,,1.0,1.0,,,,,,,,,,,,,,,,2.0,,,,,,,,,,,,,Motor Vehicle
2866,2866,2866,6254108,-122.00689299999999,37.394183399999996,2013,4316,2,4,2,03,0,1,A,,,Y,,,2400,10,E,J,A,RT 101,N FAIR OAKS AV,1528,S,N,2014-04-24,9340,2013-10-03,2358,20067,,3,6,0,1,,2,120,-,Y,SCL,4,101,-,-,44.54,H,-,S,Y,1,A,-,22350,,N,A,C,-,D,D,1,Y,C,02,1,0,0,0,0,0,0,0,1,-,-,SUNNYVALE,SANTA CLARA,CA,-122.00448999999999,37.39346,22.0,,1.0,,,1.0,,1.0,,,,,,1.0,,,,,,,,,,,,,,,,,,,,,1.0,,,,,,,,,Motor Vehicle
2867,2867,2867,6252908,-122.01271059999999,37.3955529,2013,4316,2,5,4,08,0,1,A,,,Y,,,1500,10,F,A,A,RT101,FAIR OAKS AV,150,S,N,2014-04-24,9340,2013-10-25,1200,020646,,1,6,0,1,,2,120,-,Y,SCL,4,101,-,-,44.8,H,-,S,N,1,A,-,22107,,N,A,H,-,A,D,1,Y,C,02,0,0,1,0,0,0,0,0,1,-,-,SUNNYVALE,SANTA CLARA,CA,-122.01292,37.39413,21.0,,1.0,,,1.0,,,1.0,,,,,,,,,,,,,1.0,,,,,,,,,,,,,1.0,,,,,,,,,Motor Vehicle
2868,2868,2868,6252905,-122.020026,37.4045507,2013,4316,3,4,4,03,0,1,A,,,,,,1800,10,C,C,A,RT 237,MATHILDA AV,1584,E,N,2014-04-24,9340,2013-10-24,1740,19585,,2,6,0,1,,2,220,-,Y,SCL,4,237,-,-,3.32,H,-,W,Y,2,A,-,22350,,N,A,H,-,A,D,1,Y,A,01,0,0,1,0,0,0,0,0,0,-,-,SUNNYVALE,SANTA CLARA,CA,-122.01847,37.40498,46.0,,1.0,,,1.0,,,1.0,,1.0,,,1.0,1.0,,,,,,,,,,,,,,,,2.0,,,,,,,,,,,,,Motor Vehicle
2869,2869,2869,6252574,-122.03146140000001,37.3998443,2013,4316,2,6,4,07,0,2,A,,,,,,2400,10,B,A,A,RT101,RT 237,900,S,N,2014-04-23,9340,2013-10-12,2359,020465,,3,6,0,1,,2,120,-,Y,SCL,4,101,-,-,45.96,H,-,N,N,2,A,-,21658,A,F,A,H,-,C,D,1,Y,A,07,0,0,2,0,0,0,0,0,0,-,-,SUNNYVALE,SANTA CLARA,CA,-122.0306,37.39969,47.5,,2.0,,,1.0,1.0,,2.0,,,,,1.0,,,,,,,,1.0,,,,,,,,,1.0,,,1.0,,,,,,,,,,Motor Vehicle
2870,2870,2870,6246772,-121.996554,37.372293400000004,2013,4316,4,6,4,03,0,1,A,,,,,,1200,10,C,C,A,LAWRENCE EXPWY,KIFER RD,600,S,N,2014-04-21,9340,2013-10-05,1030,20635,,1,6,0,2,,2,610,-,N,,0,0,,,0.0,,,,N,2,A,-,22350,,N,A,H,-,A,A,0,Y,A,07,0,0,1,0,0,0,0,0,0,-,-,SUNNYVALE,SANTA CLARA,CA,-121.99627,37.3712,33.0,1.0,2.0,,1.0,1.0,2.0,1.0,,1.0,,,,1.0,1.0,,,,,,,,,,,,,,,,2.0,,,,,,,,,,,,,Motor Vehicle
2871,2871,2871,6241532,-121.99824579999999,37.3919611,2013,4316,4,7,4,03,0,3,B,,,,,,2100,10,C,C,A,LAWRENCE EXPY,RT 101,75,S,N,2014-04-25,9340,2013-10-06,1830,20554,,2,6,0,2,,2,610,-,Y,SCL,4,101,-,-,43.85,H,-,N,N,3,A,-,22350,,N,A,H,-,B,D,1,Y,A,01,0,0,3,0,0,0,0,0,0,-,-,SUNNYVALE,SANTA CLARA,CA,-121.99582,37.39009,50.5,1.0,1.0,2.0,3.0,2.0,2.0,,,1.0,2.0,,,1.0,,,,,2.0,,,,,,,,,,,,3.0,,,,,,,,,,,,,Motor Vehicle
2872,2872,2872,6237875,-122.05979009999999,37.3451083,2013,4316,3,3,4,03,0,1,A,,,,,,1200,10,C,C,A,RT85,THE DALLES AV,25,N,N,2014-04-17,9340,2013-10-02,945,15465,,1,6,0,1,,2,085,-,Y,SCL,4,85,-,R,19.39,H,-,N,Y,3,A,-,22350,,N,A,H,-,A,D,6,Y,A,01,0,0,1,0,0,0,0,0,0,-,-,SUNNYVALE,SANTA CLARA,CA,-122.0596,37.34532,47.0,,1.0,,,,1.0,,1.0,1.0,1.0,,,1.0,1.0,,,,1.0,,,,,,,,,,,,3.0,,,,,,,,,,,,,Motor Vehicle
2873,2873,2873,6234684,-121.9960607,37.3760773,2013,4316,4,3,4,21,0,1,A,,,,,,1200,10,C,C,A,LAWRENCE EXPWY,RYDER ST,30,N,N,2014-04-18,9340,2013-10-02,930,020302,,1,6,0,2,,2,610,-,N,,0,0,,,0.0,,,,Y,2,A,-,22106,,N,A,H,-,A,D,0,Y,A,01,0,0,1,0,0,0,0,0,0,FR,-,SUNNYVALE,SANTA CLARA,CA,-121.9957,37.37669,37.0,,1.0,,,,1.0,1.0,,,1.0,,,1.0,1.0,,,,,,,,,,,,,,,,2.0,,,,,,,,,,,,,Motor Vehicle
2874,2874,2874,6233828,-121.996023,37.3868249,2013,4316,4,7,3,09,0,3,A,,,,,,2400,9,D,C,A,LAWRENCE EXPY,DUANE AV,0,,Y,2014-04-12,9340,2013-09-08,2220,20298,,3,6,0,2,,2,610,-,N,,0,0,,,0.0,,,,Y,2,A,-,21453,C,N,A,H,-,C,A,0,Y,D,22,0,1,2,0,0,0,0,0,0,-,-,SUNNYVALE,SANTA CLARA,CA,-121.9961,37.3864,40.333333333333336,,3.0,,,1.0,2.0,,1.0,1.0,,,1.0,1.0,,,,,,,,,,,,,,,,,1.0,,,1.0,,,,,,,,,,Motor Vehicle
2875,2875,2875,6226468,-122.0240231,37.398015,2013,4316,2,2,4,08,0,1,A,,,,Y,,900,10,A,I,A,RT 101,MATHILDA AV,650,S,N,2014-04-19,9340,2013-10-01,620,20302,,1,6,0,1,,2,120,-,Y,SCL,4,101,-,-,45.631,R,2,S,Y,2,A,-,22107,,N,A,H,-,B,D,1,Y,A,01,0,0,1,0,0,0,0,0,0,FR,-,SUNNYVALE,SANTA CLARA,CA,-122.02523000000001,37.39817,34.0,,1.0,,,1.0,,,,1.0,1.0,,,1.0,,,,,,,,1.0,,,,,,,,,1.0,,,,,,,,1.0,,,,,Motor Vehicle
2876,2876,2876,6226448,-121.99626299999998,37.3739249,2013,4316,4,3,4,-,0,1,A,,,,Y,,1500,10,D,C,A,LAWRENCE EXPY,KIFER RD,0,,Y,2014-04-30,9340,2013-10-02,1315,20276,,1,6,0,2,,2,610,-,N,,0,0,,,0.0,,,,Y,2,A,-,0,,N,A,H,-,A,A,0,Y,A,01,0,0,1,0,0,0,0,0,0,-,-,SUNNYVALE,SANTA CLARA,CA,-121.99582,37.37442,64.0,,1.0,,,,1.0,1.0,,,,1.0,1.0,1.0,,,,,,,,,,,,,,,,,1.0,,,,,,1.0,,,,,,,Motor Vehicle
2877,2877,2877,6224930,-122.03451310000001,37.400515000000006,2013,4316,2,3,4,03,0,3,A,,,,,,1200,9,C,C,A,RT101,RT 237,45,N,N,2014-04-08,9340,2013-09-25,1000,019377,,1,6,0,1,,2,120,-,Y,SCL,4,101,-,-,46.153999999999996,R,1,N,N,3,A,-,22350,,N,A,H,-,A,D,1,Y,A,01,0,0,3,0,0,0,0,0,0,TO,-,SUNNYVALE,SANTA CLARA,CA,-122.04442,37.39503,48.333333333333336,,3.0,,,1.0,2.0,,1.0,1.0,1.0,,,1.0,,,,,2.0,,,,,,,,,,,,3.0,,,,,,,,,,,,,Motor Vehicle
2878,2878,2878,6224914,-122.02359309999999,37.403745,2013,4316,3,2,4,03,0,1,A,,,,,,1200,9,C,C,A,RT 237,MATHILDA AV,600,E,N,2014-04-08,9340,2013-09-24,940,19377,,1,6,0,1,,2,220,-,Y,SCL,4,237,-,-,3.13,H,-,W,Y,2,A,-,22350,,N,A,H,-,A,D,1,Y,A,07,0,0,1,0,0,0,0,0,0,-,-,SUNNYVALE,SANTA CLARA,CA,-122.01901000000001,37.404709999999994,29.0,,1.0,,,,1.0,1.0,,,1.0,,,1.0,1.0,,,,,,,,,,,,,,,,2.0,,,,,,,,,,,,,Motor Vehicle
2879,2879,2879,6220079,-122.06155459999998,37.3544329,2013,4316,3,4,4,07,0,1,A,,,Y,,,1200,9,B,C,A,RT 85,FREMONT AV,500,N,N,2014-04-16,9340,2013-09-19,1015,014710,,1,6,0,1,,2,085,-,Y,SCL,4,85,-,R,19.98,H,-,N,Y,3,A,-,21658,A,N,A,H,-,A,D,6,Y,-,-,0,0,1,0,0,0,0,0,1,-,-,SUNNYVALE,SANTA CLARA,CA,-122.06211,37.354820000000004,28.5,,2.0,,,,2.0,,,2.0,1.0,,,3.0,,,,,,,,,,,,,,,,,2.0,,,,1.0,,,,,,,,,Motor Vehicle
2880,2880,2880,6220016,-121.99777309999999,37.391825,2013,4316,2,4,4,01,0,1,A,,,,,Y,1800,9,E,I,A,RT 101,LAWRENCE EXPWY,270,S,N,2014-04-12,9340,2013-09-19,1640,020289,,2,6,0,1,,2,120,-,Y,SCL,4,101,-,-,43.823,R,2,N,Y,1,A,-,23152,A,N,A,H,-,A,D,1,Y,A,01,0,0,1,0,0,0,0,0,0,-,-,SUNNYVALE,SANTA CLARA,CA,-121.99433,37.39257,49.0,,1.0,,,1.0,,,,,,,,,,,,,,,,1.0,,,,,,,,,1.0,,,,,,,,,,,,,Motor Vehicle
2881,2881,2881,6216030,-121.9960331,37.379369200000006,2013,4316,4,3,4,03,0,2,A,,,,,,1200,9,C,C,A,LAWRENCE EXP,ARQUES AV,450,S,N,2014-04-11,9340,2013-09-11,1035,19398,,1,6,0,2,,2,610,-,N,,0,0,,,0.0,,,,Y,4,A,-,22350,,N,A,H,-,A,D,0,Y,A,01,0,0,2,0,0,0,0,0,0,-,-,SUNNYVALE,SANTA CLARA,CA,-121.99600000000001,37.38,36.5,,2.0,,,2.0,,2.0,,1.0,1.0,,,1.0,3.0,,,,,,,,,,,,,,,,4.0,,,,,,,,,,,,,Motor Vehicle
2882,2882,2882,6216018,-122.0568345,37.33359229999999,2013,4316,3,5,4,07,0,2,A,,,,,,900,9,C,C,A,RT 85,RT 280,100,N,N,2014-04-11,9340,2013-09-13,740,20205,,1,6,0,1,,2,085,-,Y,SCL,4,85,-,R,18.5,H,-,N,Y,3,A,-,21658,A,N,A,H,-,A,D,6,Y,A,01,0,0,2,0,0,0,0,0,0,-,-,SUNNYVALE,SANTA CLARA,CA,-122.0562,37.3332,28.666666666666668,1.0,2.0,,1.0,,3.0,,,3.0,,,,2.0,,,,,,,,,1.0,,,,,,,,3.0,,,,,,,,,,,,,Motor Vehicle
2883,2883,2883,6216014,-122.0277114,37.3990321,2013,4316,2,5,4,03,0,1,A,,,,,,2100,9,C,C,A,RT 101,N MATHILDA AV,12,S,N,2014-04-11,9340,2013-09-13,1905,20424,,2,6,0,1,,2,120,-,Y,SCL,4,101,-,-,45.68,H,-,N,Y,2,A,-,22350,,N,A,H,-,A,D,1,Y,A,01,0,0,1,0,0,0,0,0,0,-,-,SUNNYVALE,SANTA CLARA,CA,-122.0288,37.3994,39.0,,3.0,,,,3.0,,1.0,,1.0,,,1.0,,,,,1.0,,,,,,,,,,,,2.0,,,,,,,,,,,,,Motor Vehicle
2884,2884,2884,6213860,-122.01005719999999,37.4068302,2013,4316,3,5,4,07,0,1,A,,,,Y,,600,9,C,C,A,RT 237,FAIR OAKS BL,500,E,N,2014-04-14,9340,2013-09-20,530,19585,,3,6,0,1,,2,220,-,Y,SCL,4,237,-,R,4.06,H,-,W,Y,2,A,-,21658,A,N,A,H,-,D,D,1,Y,A,01,0,0,1,0,0,0,0,0,0,-,-,SUNNYVALE,SANTA CLARA,CA,0.0,0.0,48.0,,1.0,,,1.0,,,1.0,,1.0,,,1.0,,,,,,,,,1.0,,,,,,,,1.0,,,,,,,,1.0,,,,,Motor Vehicle
2885,2885,2885,6212157,-122.0122429,37.3956473,2013,4316,2,3,3,08,0,1,A,,,Y,,,900,9,B,C,A,RT 101,FAIR OAKS AV,150,S,N,2014-04-07,9340,2013-09-11,700,19398,,1,6,0,1,,2,120,-,Y,SCL,4,101,-,-,44.8,H,-,N,Y,2,A,-,22107,,N,A,H,-,A,D,1,Y,C,02,0,1,0,0,0,0,0,0,1,-,-,SUNNYVALE,SANTA CLARA,CA,-122.012,37.398,50.0,,2.0,,,2.0,,,1.0,1.0,,,,1.0,,,,,,,,1.0,,,,,,,,,,,,1.0,1.0,,,,,,,,,Motor Vehicle
2886,2886,2886,6209990,-122.03700890000002,37.400867600000005,2013,4316,2,5,3,03,0,1,A,,,Y,,,1800,8,F,A,A,RT 101,RT 237,200,N,N,2014-04-04,9340,2013-08-23,1550,20313,,2,6,0,1,,2,120,-,Y,SCL,4,101,-,-,46.17,H,-,S,Y,1,A,-,22350,,N,A,H,-,A,D,1,Y,C,02,0,1,0,0,0,0,0,0,1,-,-,SUNNYVALE,SANTA CLARA,CA,-122.0354,37.39967,56.0,,1.0,,,1.0,,,1.0,,,,,1.0,,,,,,,,,,,,,,,,,,,,,1.0,,,,,,,,,Motor Vehicle
2887,2887,2887,6209978,-121.558783,36.98609129999999,2013,4316,2,4,3,03,0,2,A,,,,,,1800,8,C,C,A,RT 101,LAWRENCE EXPWY,1800,N,N,2014-04-04,9340,2013-08-22,1520,20208,,2,6,0,1,,2,120,-,Y,SCL,4,101,-,R,4.94,H,-,S,Y,3,A,-,22350,,N,A,H,-,A,D,0,Y,A,07,0,1,1,0,0,0,0,0,0,-,-,SUNNYVALE,SANTA CLARA,CA,-122.0024,37.3931,44.5,,2.0,,,1.0,1.0,,,2.0,1.0,,,1.0,2.0,,,,,,,,,,,,,,,,3.0,,,,,,,,,,,,,Motor Vehicle
2888,2888,2888,6209945,-122.0677855,37.378235499999995,2013,4316,3,4,3,07,0,1,A,,,Y,,,1800,8,B,C,A,RT 85,EL CAMINO REAL,32,N,N,2014-04-03,9330,2013-08-29,1620,19478,,2,6,0,1,,2,076,-,Y,SCL,4,85,-,R,21.77,H,-,S,N,2,A,-,21658,A,N,A,H,-,A,A,1,Y,A,01,0,1,0,0,0,0,0,0,1,-,-,SUNNYVALE,SANTA CLARA,CA,0.0,0.0,25.0,,1.0,,,1.0,,,1.0,1.0,,,,1.0,,,,,,,,,1.0,,,,,,,,1.0,,,,1.0,,,,,,,,,Motor Vehicle
2889,2889,2889,6209403,-122.0563395,37.3322169,2013,4316,1,3,3,03,0,1,A,,,,,,1800,9,C,C,A,RT 280,RT 85,200,S,N,2014-04-10,9340,2013-09-18,1629,18680,,2,6,0,1,,2,282,-,Y,SCL,4,280,-,-,10.7,H,-,S,Y,2,A,-,22350,,N,A,H,-,A,D,1,Y,A,01,0,1,0,0,0,0,0,0,0,-,-,SUNNYVALE,SANTA CLARA,CA,-121.05056,37.39953,26.0,,1.0,,,,1.0,,1.0,,1.0,,,2.0,,,,,,,,,,,,,,,,,2.0,,,,,,,,,,,,,Motor Vehicle
2890,2890,2890,6204247,-122.0630831,37.360442299999995,2013,4316,3,3,4,03,0,1,A,,,,,,1800,9,C,A,A,RT85,FREMONT AV,2640,N,N,2014-04-04,9330,2013-09-11,1645,015709,,2,6,0,1,,2,076,-,Y,SCL,4,85,-,R,20.39,H,-,S,Y,2,A,-,22350,,N,A,H,-,A,D,1,Y,D,22,0,0,1,0,0,0,0,0,0,-,-,SUNNYVALE,SANTA CLARA,CA,0.0,0.0,49.0,,1.0,,,1.0,,1.0,,,1.0,,,2.0,,,,,,,,,,,,,,,,,,,,2.0,,,,,,,,,,Motor Vehicle
2891,2891,2891,6203299,-122.0172009,37.3965284,2013,4316,2,7,3,08,0,1,A,,,,,,900,9,E,I,A,RT 101,FAIROAKS,900,N,N,2014-04-10,9340,2013-09-01,710,020612,,1,6,0,1,,2,120,-,Y,SCL,4,101,-,-,44.97,H,-,S,Y,3,A,-,22107,,N,A,H,-,A,D,1,Y,A,01,0,1,0,0,0,0,0,0,0,-,-,SUNNYVALE,SANTA CLARA,CA,-122.0119,37.39528,20.0,,2.0,,,1.0,1.0,,,,2.0,1.0,,2.0,,,,,,,,1.0,,,,,,,,,3.0,,,,,,,,,,,,,Motor Vehicle
2892,2892,2892,6203293,-122.02034309999999,37.404465,2013,4316,3,1,4,03,0,2,A,,,,,,1800,8,C,C,A,RT 237,MATHILDA AV,1500,E,N,2014-03-25,9340,2013-08-26,1720,20646,,2,6,0,1,,2,230,-,Y,SCL,4,237,-,-,3.3,H,-,W,Y,5,A,-,22350,,N,A,H,-,A,D,1,Y,A,07,0,0,2,0,0,0,0,0,0,-,-,SUNNYVALE,SANTA CLARA,CA,-122.01886999999999,37.40488,34.5,,2.0,,,1.0,1.0,1.0,,4.0,,,,1.0,2.0,,,,2.0,,,,,,,,,,,,5.0,,,,,,,,,,,,,Motor Vehicle
2893,2893,2893,6197411,-121.9961244,37.360568799999996,2013,4316,4,2,4,03,0,2,A,,,,,,1800,8,C,C,A,LAWRENCE EXPWY,POINCIANA DR,300,N,N,2014-03-27,9340,2013-08-20,1530,20208,,2,6,0,2,,2,610,-,Y,,0,0,,,0.0,,,,N,2,A,-,22350,,N,A,H,-,A,D,0,Y,A,01,0,0,2,0,0,0,0,0,0,-,-,SUNNYVALE,SANTA CLARA,CA,-121.99600000000001,37.3604,22.666666666666668,,3.0,,,,3.0,1.0,,1.0,,,,1.0,1.0,,,,,,,,,,,,,,,,2.0,,,,,,,,,,,,,Motor Vehicle
2894,2894,2894,6191579,-122.05981229999999,37.346073,2013,4316,3,1,4,03,0,1,A,,,,,,1200,7,C,C,A,RT 85,FREMONT AV,2000,S,N,2014-03-18,9340,2013-07-22,900,019597,,1,6,0,1,,2,085,-,Y,SCL,4,85,-,R,19.48,H,-,N,N,4,A,-,22350,,N,A,H,-,A,D,6,Y,A,01,0,0,1,0,0,0,0,0,0,-,-,SUNNYVALE,SANTA CLARA,CA,-122.05973,37.34585,52.0,,1.0,,,1.0,,1.0,,1.0,2.0,,,1.0,3.0,,,,,,,,,,,,,,,,4.0,,,,,,,,,,,,,Motor Vehicle
2895,2895,2895,6189377,-122.06277220000001,37.3589899,2013,4316,3,2,2,08,0,1,A,,,,,,300,9,F,A,A,RT85,FREMONT AV,1056,N,N,2014-04-03,9330,2013-09-03,255,020580,,3,6,0,1,,2,076,-,Y,SCL,4,85,-,R,20.3,H,-,N,Y,1,A,-,22107,,N,A,H,-,D,D,1,Y,D,22,1,0,0,0,0,0,0,0,0,-,-,SUNNYVALE,SANTA CLARA,CA,0.0,0.0,27.0,,1.0,,,,1.0,,,1.0,,,,,,,,,,,,1.0,,,,,,,,,,,,1.0,,,,,,,,,,Motor Vehicle